Fondsposition per,"17.Sept.2026"
 
Emittententicker,Name,Sektor,Anlageklasse,Marktwert,Gewichtung (%),Nominalwert,Nominale,Kurs,Standort,Börse,Marktwährung
"2330","TAIWAN SEMICONDUCTOR MANUFACTURING","IT","Aktien","6.237.344.154,32","13,49","6.237.344.154,32","82.005.000,00","76,06","Taiwan","Taiwan Stock Exchange","TWD"
"005930","SAMSUNG ELECTRONICS LTD","IT","Aktien","2.841.884.987,15","6,15","2.841.884.987,15","15.550.457,00","182,75","Korea","Korea Exchange (Stock Market)","KRW"
"000660","SK HYNIX","IT","Aktien","2.320.154.728,04","5,02","2.320.154.728,04","1.837.044,00","1.262,98","Korea","Korea Exchange (Stock Market)","KRW"
"700","TENCENT HOLDINGS","Kommunikation","Aktien","1.110.306.735,58","2,40","1.110.306.735,58","20.448.540,00","54,30","China","Hong Kong Exchanges And Clearing Ltd","HKD"
"9988","ALIBABA GROUP HOLDING","Zyklische Konsumgüter ","Aktien","746.734.224,03","1,61","746.734.224,03","55.743.248,00","13,40","China","Hong Kong Exchanges And Clearing Ltd","HKD"
"2454","MEDIATEK","IT","Aktien","680.875.088,21","1,47","680.875.088,21","4.824.000,00","141,14","Taiwan","Taiwan Stock Exchange","TWD"
"005935","SAMSUNG ELECTRONICS NON VOTING PRE","IT","Aktien","372.564.431,95","0,81","372.564.431,95","2.662.978,00","139,91","Korea","Korea Exchange (Stock Market)","KRW"
"939","CHINA CONSTRUCTION BANK CORP H","Finanzwesen","Aktien","344.454.490,71","0,74","344.454.490,71","279.325.000,00","1,23","China","Hong Kong Exchanges And Clearing Ltd","HKD"
"2308","DELTA ELECTRONICS","IT","Aktien","343.900.823,49","0,74","343.900.823,49","6.507.073,00","52,85","Taiwan","Taiwan Stock Exchange","TWD"
"2317","HON HAI PRECISION INDUSTRY","IT","Aktien","319.689.494,61","0,69","319.689.494,61","40.688.624,00","7,86","Taiwan","Taiwan Stock Exchange","TWD"
"HDFCBANK","HDFC BANK","Finanzwesen","Aktien","277.179.730,08","0,60","277.179.730,08","37.295.835,00","7,43","Indien","National Stock Exchange Of India","INR"
"RELIANCE","RELIANCE INDUSTRIES LTD","Energie","Aktien","243.069.346,67","0,53","243.069.346,67","18.747.058,00","12,97","Indien","National Stock Exchange Of India","INR"
"ICICIBANK","ICICI BANK","Finanzwesen","Aktien","242.775.188,01","0,53","242.775.188,01","17.283.500,00","14,05","Indien","National Stock Exchange Of India","INR"
"402340","SK SQUARE","Industrie","Aktien","223.826.120,94","0,48","223.826.120,94","306.795,00","729,56","Korea","Korea Exchange (Stock Market)","KRW"
"4BRZ","ISHARES MSCI BRAZIL UCITS ET USDHA","Finanzwesen","Aktien","223.773.158,84","0,48","223.773.158,84","4.189.724,00","53,41","Deutschland","Xetra","USD"
"3711","ASE TECHNOLOGY HOLDING","IT","Aktien","217.054.204,53","0,47","217.054.204,53","11.270.734,00","19,26","Taiwan","Taiwan Stock Exchange","TWD"
"1398","INDUSTRIAL AND COMMERCIAL BANK OF","Finanzwesen","Aktien","208.646.029,57","0,45","208.646.029,57","217.681.346,00","0,96","China","Hong Kong Exchanges And Clearing Ltd","HKD"
"1810","XIAOMI","IT","Aktien","189.933.596,83","0,41","189.933.596,83","57.006.600,00","3,33","China","Hong Kong Exchanges And Clearing Ltd","HKD"
"009150","SAMSUNG ELECTRO MECHANICS LTD","IT","Aktien","178.996.735,79","0,39","178.996.735,79","185.948,00","962,62","Korea","Korea Exchange (Stock Market)","KRW"
"BHARTIARTL","BHARTI AIRTEL LTD","Kommunikation","Aktien","176.165.709,47","0,38","176.165.709,47","9.205.282,00","19,14","Indien","National Stock Exchange Of India","INR"
"2303","UNITED MICRO ELECTRONICS CORP","IT","Aktien","174.344.467,97","0,38","174.344.467,97","37.685.000,00","4,63","Taiwan","Taiwan Stock Exchange","TWD"
"3988","BANK OF CHINA LTD H","Finanzwesen","Aktien","172.832.112,06","0,37","172.832.112,06","226.374.000,00","0,76","China","Hong Kong Exchanges And Clearing Ltd","HKD"
"ANG","ANGLOGOLD ASHANTI PLC","Materialien","Aktien","171.001.287,91","0,37","171.001.287,91","1.674.601,00","102,11","Südafrika","Johannesburg Stock Exchange","ZAR"
"3690","MEITUAN","Zyklische Konsumgüter ","Aktien","156.371.194,56","0,34","156.371.194,56","16.828.994,00","9,29","China","Hong Kong Exchanges And Clearing Ltd","HKD"
"1120","AL RAJHI BANK","Finanzwesen","Aktien","152.870.354,32","0,33","152.870.354,32","8.700.871,00","17,57","Saudi-Arabien","Saudi Stock Exchange","SAR"
"VALE3","CIA VALE DO RIO DOCE SH","Materialien","Aktien","150.782.533,79","0,33","150.782.533,79","10.436.090,00","14,45","Brasilien","XBSP","BRL"
"NU","NU HOLDINGS CLASS A","Finanzwesen","Aktien","147.687.608,80","0,32","147.687.608,80","10.671.070,00","13,84","Brasilien","New York Stock Exchange Inc.","USD"
"105560","KB FINANCIAL GROUP","Finanzwesen","Aktien","144.269.586,07","0,31","144.269.586,07","1.112.333,00","129,70","Korea","Korea Exchange (Stock Market)","KRW"
"2318","PING AN INSURANCE (GROUP) CO OF CH","Finanzwesen","Aktien","140.906.554,63","0,30","140.906.554,63","20.917.758,00","6,74","China","Hong Kong Exchanges And Clearing Ltd","HKD"
"2383","ELITE MATERIAL","IT","Aktien","139.599.767,11","0,30","139.599.767,11","947.985,00","147,26","Taiwan","Taiwan Stock Exchange","TWD"
"9999","NETEASE","Kommunikation","Aktien","138.916.008,81","0,30","138.916.008,81","5.888.095,00","23,59","China","Hong Kong Exchanges And Clearing Ltd","HKD"
"PDD","PDD HOLDINGS ADS","Zyklische Konsumgüter ","Aktien","134.799.288,27","0,29","134.799.288,27","1.734.199,00","77,73","China","NASDAQ","USD"
"ITUB4","ITAU UNIBANCO HOLDING PREF SA","Finanzwesen","Aktien","133.321.525,82","0,29","133.321.525,82","16.147.153,00","8,26","Brasilien","XBSP","BRL"
"2881","FUBON FINANCIAL HOLDING","Finanzwesen","Aktien","133.251.108,07","0,29","133.251.108,07","28.042.102,00","4,75","Taiwan","Taiwan Stock Exchange","TWD"
"3037","UNIMICRON TECHNOLOGY","IT","Aktien","132.679.352,62","0,29","132.679.352,62","4.500.159,00","29,48","Taiwan","Taiwan Stock Exchange","TWD"
"GFI","GOLD FIELDS","Materialien","Aktien","127.932.819,14","0,28","127.932.819,14","2.944.339,00","43,45","Südafrika","Johannesburg Stock Exchange","ZAR"
"1211","BYD H","Zyklische Konsumgüter ","Aktien","126.098.410,58","0,27","126.098.410,58","12.191.300,00","10,34","China","Hong Kong Exchanges And Clearing Ltd","HKD"
"GMEXICOB","GRUPO MEXICO B","Materialien","Aktien","125.906.769,91","0,27","125.906.769,91","9.972.039,00","12,63","Mexiko","Bolsa Mexicana De Valores","MXN"
"2891","CTBC FINANCIAL HOLDING","Finanzwesen","Aktien","124.480.979,37","0,27","124.480.979,37","55.741.079,00","2,23","Taiwan","Taiwan Stock Exchange","TWD"
"PETR4","PETROLEO BRASILEIRO PREF SA","Energie","Aktien","123.015.117,23","0,27","123.015.117,23","13.050.712,00","9,43","Brasilien","XBSP","BRL"
"2222","SAUDI ARABIAN OIL","Energie","Aktien","122.276.794,61","0,26","122.276.794,61","17.970.766,00","6,80","Saudi-Arabien","Saudi Stock Exchange","SAR"
"1303","NAN YA PLASTICS CORP","Materialien","Aktien","117.080.279,15","0,25","117.080.279,15","15.817.000,00","7,40","Taiwan","Taiwan Stock Exchange","TWD"
"005380","HYUNDAI MOTOR","Zyklische Konsumgüter ","Aktien","115.389.414,83","0,25","115.389.414,83","439.195,00","262,73","Korea","Korea Exchange (Stock Market)","KRW"
"NPN","NASPERS LIMITED CLASS N","Zyklische Konsumgüter ","Aktien","112.096.153,55","0,24","112.096.153,55","2.544.334,00","44,06","Südafrika","Johannesburg Stock Exchange","ZAR"
"PETR3","PETROLEO BRASILEIRO SA PETROBRAS","Energie","Aktien","111.688.267,91","0,24","111.688.267,91","10.666.333,00","10,47","Brasilien","XBSP","BRL"
"INFY","INFOSYS","IT","Aktien","111.229.859,19","0,24","111.229.859,19","10.080.403,00","11,03","Indien","National Stock Exchange Of India","INR"
"055550","SHINHAN FINANCIAL GROUP","Finanzwesen","Aktien","111.205.551,12","0,24","111.205.551,12","1.356.109,00","82,00","Korea","Korea Exchange (Stock Market)","KRW"
"2882","CATHAY FINANCIAL HOLDING","Finanzwesen","Aktien","109.995.121,84","0,24","109.995.121,84","31.311.781,00","3,51","Taiwan","Taiwan Stock Exchange","TWD"
"992","LENOVO GROUP","IT","Aktien","109.674.920,50","0,24","109.674.920,50","25.072.000,00","4,37","China","Hong Kong Exchanges And Clearing Ltd","HKD"
"OTP","OTP BANK","Finanzwesen","Aktien","108.548.242,86","0,23","108.548.242,86","731.465,00","148,40","Ungarn","Budapest Stock Exchange","HUF"
"3017","ASIA VITAL COMPONENTS","IT","Aktien","106.588.536,19","0,23","106.588.536,19","1.066.973,00","99,90","Taiwan","Taiwan Stock Exchange","TWD"
"2887","TS FINANCIAL HOLDING","Finanzwesen","Aktien","104.414.325,26","0,23","104.414.325,26","75.572.979,00","1,38","Taiwan","Taiwan Stock Exchange","TWD"
"2382","QUANTA COMPUTER","IT","Aktien","103.181.118,17","0,22","103.181.118,17","9.563.000,00","10,79","Taiwan","Taiwan Stock Exchange","TWD"
"9618","JD.COM CLASS A","Zyklische Konsumgüter ","Aktien","102.687.487,97","0,22","102.687.487,97","7.672.858,00","13,38","China","Hong Kong Exchanges And Clearing Ltd","HKD"
"2345","ACCTON TECHNOLOGY","IT","Aktien","98.122.794,64","0,21","98.122.794,64","1.738.000,00","56,46","Taiwan","Taiwan Stock Exchange","TWD"
"FSR","FIRSTRAND LTD","Finanzwesen","Aktien","96.805.077,07","0,21","96.805.077,07","16.697.875,00","5,80","Südafrika","Johannesburg Stock Exchange","ZAR"
"KFH","KUWAIT FINANCE HOUSE","Finanzwesen","Aktien","96.329.938,68","0,21","96.329.938,68","38.582.017,00","2,50","Kuwait","Kuwait Stock Exchange","KWD"
"1180","THE SAUDI NATIONAL BANK","Finanzwesen","Aktien","93.723.476,17","0,20","93.723.476,17","8.766.739,00","10,69","Saudi-Arabien","Saudi Stock Exchange","SAR"
"IKSA","ISHARES MSCI SAUDI ARABIA CAPPED","Finanzwesen","Aktien","92.772.635,91","0,20","92.772.635,91","14.414.642,00","6,44","Irland","London Stock Exchange","USD"
"M&M","MAHINDRA AND MAHINDRA LTD","Zyklische Konsumgüter ","Aktien","92.520.115,62","0,20","92.520.115,62","2.885.145,00","32,07","Indien","National Stock Exchange Of India","INR"
"PKO","POWSZECHNA KASA OSZCZEDNOSCI BANK","Finanzwesen","Aktien","92.436.844,25","0,20","92.436.844,25","2.921.032,00","31,65","Polen","Warsaw Stock Exchange/Equities/Main Market","PLN"
"034020","DOOSAN ENERBILITY LTD","Industrie","Aktien","91.405.660,04","0,20","91.405.660,04","1.478.813,00","61,81","Korea","Korea Exchange (Stock Market)","KRW"
"2628","CHINA LIFE INSURANCE LTD H","Finanzwesen","Aktien","91.049.037,36","0,20","91.049.037,36","24.942.000,00","3,65","China","Hong Kong Exchanges And Clearing Ltd","HKD"
"AXISBANK","AXIS BANK","Finanzwesen","Aktien","90.952.247,04","0,20","90.952.247,04","7.036.880,00","12,93","Indien","National Stock Exchange Of India","INR"
"GFNORTEO","GPO FINANCE BANORTE","Finanzwesen","Aktien","89.514.050,59","0,19","89.514.050,59","7.846.954,00","11,41","Mexiko","Bolsa Mexicana De Valores","MXN"
"BAP","CREDICORP LTD","Finanzwesen","Aktien","88.511.227,12","0,19","88.511.227,12","230.522,00","383,96","Peru","New York Stock Exchange Inc.","USD"
"012450","HANWHA AEROSPACE LTD","Industrie","Aktien","88.332.458,29","0,19","88.332.458,29","111.253,00","793,98","Korea","Korea Exchange (Stock Market)","KRW"
"BAJFINANCE","BAJAJ FINANCE LTD","Finanzwesen","Aktien","87.633.663,79","0,19","87.633.663,79","8.283.108,00","10,58","Indien","National Stock Exchange Of India","INR"
"086790","HANA FINANCIAL GROUP","Finanzwesen","Aktien","87.541.915,46","0,19","87.541.915,46","879.653,00","99,52","Korea","Korea Exchange (Stock Market)","KRW"
"2327","YAGEO","IT","Aktien","86.941.201,85","0,19","86.941.201,85","5.239.892,00","16,59","Taiwan","Taiwan Stock Exchange","TWD"
"857","PETROCHINA H","Energie","Aktien","84.766.840,22","0,18","84.766.840,22","69.566.000,00","1,22","China","Hong Kong Exchanges And Clearing Ltd","HKD"
"2899","ZIJIN MINING GROUP LTD H","Materialien","Aktien","84.675.355,13","0,18","84.675.355,13","19.620.000,00","4,32","China","Hong Kong Exchanges And Clearing Ltd","HKD"
"SBK","STANDARD BANK GROUP","Finanzwesen","Aktien","82.658.018,79","0,18","82.658.018,79","4.316.382,00","19,15","Südafrika","Johannesburg Stock Exchange","ZAR"
"3968","CHINA MERCHANTS BANK H","Finanzwesen","Aktien","82.547.199,99","0,18","82.547.199,99","12.624.492,00","6,54","China","Hong Kong Exchanges And Clearing Ltd","HKD"
"FAB","FIRST ABU DHABI BANK","Finanzwesen","Aktien","82.345.316,75","0,18","82.345.316,75","15.091.916,00","5,46","Ver. Arabische Emirate","Abu Dhabi Securities Exchange","AED"
"LT","LARSEN AND TOUBRO LTD","Industrie","Aktien","79.795.919,00","0,17","79.795.919,00","1.995.574,00","39,99","Indien","National Stock Exchange Of India","INR"
"006400","SAMSUNG SDI LTD","IT","Aktien","78.582.076,50","0,17","78.582.076,50","201.434,00","390,11","Korea","Korea Exchange (Stock Market)","KRW"
"VAL","VALTERRA PLATINUM LTD","Materialien","Aktien","78.535.479,94","0,17","78.535.479,94","872.000,00","90,06","Südafrika","Johannesburg Stock Exchange","ZAR"
"2885","YUANTA FINANCIAL HOLDING","Finanzwesen","Aktien","78.417.060,27","0,17","78.417.060,27","36.233.796,00","2,16","Taiwan","Taiwan Stock Exchange","TWD"
"2360","CHROMA ATE INC","IT","Aktien","78.279.463,66","0,17","78.279.463,66","1.197.000,00","65,40","Taiwan","Taiwan Stock Exchange","TWD"
"CPI","CAPITEC SHS","Finanzwesen","Aktien","78.049.474,97","0,17","78.049.474,97","282.902,00","275,89","Südafrika","Johannesburg Stock Exchange","ZAR"
"9888","BAIDU","Kommunikation","Aktien","78.002.108,76","0,17","78.002.108,76","7.006.036,00","11,13","China","Hong Kong Exchanges And Clearing Ltd","HKD"
"KOTAKBANK","KOTAK MAHINDRA BANK LTD","Finanzwesen","Aktien","77.596.688,32","0,17","77.596.688,32","17.873.787,00","4,34","Indien","National Stock Exchange Of India","INR"
"NBK","NATIONAL BANK OF KUWAIT","Finanzwesen","Aktien","77.292.975,78","0,17","77.292.975,78","27.912.358,00","2,77","Kuwait","Kuwait Stock Exchange","KWD"
"9961","TRIP.COM GROUP","Zyklische Konsumgüter ","Aktien","77.253.305,16","0,17","77.253.305,16","1.913.202,00","40,38","China","Hong Kong Exchanges And Clearing Ltd","HKD"
"PKN","ORLEN","Energie","Aktien","77.059.746,00","0,17","77.059.746,00","1.899.355,00","40,57","Polen","Warsaw Stock Exchange/Equities/Main Market","PLN"
"2269","WUXI BIOLOGICS CAYMAN","Gesundheitsversorgung","Aktien","75.720.818,10","0,16","75.720.818,10","11.857.865,00","6,39","China","Hong Kong Exchanges And Clearing Ltd","HKD"
"DELTA.R","DELTA ELECTRONICS (THAILAND) NON-V","IT","Aktien","75.013.485,17","0,16","75.013.485,17","10.430.000,00","7,19","Thailand","Stock Exchange Of Thailand","THB"
"1288","AGRICULTURAL BANK OF CHINA LTD H","Finanzwesen","Aktien","73.302.704,05","0,16","73.302.704,05","90.998.000,00","0,81","China","Hong Kong Exchanges And Clearing Ltd","HKD"
"2059","KING SLIDE WORKS","IT","Aktien","73.270.603,00","0,16","73.270.603,00","190.000,00","385,63","Taiwan","Taiwan Stock Exchange","TWD"
"2884","E.SUN FINANCIAL HOLDING","Finanzwesen","Aktien","72.707.386,57","0,16","72.707.386,57","49.008.314,00","1,48","Taiwan","Taiwan Stock Exchange","TWD"
"6160","BEONE MEDICINES AG","Gesundheitsversorgung","Aktien","71.631.644,54","0,15","71.631.644,54","2.663.492,00","26,89","China","Hong Kong Exchanges And Clearing Ltd","HKD"
"028260","SAMSUNG C&T CORP","Industrie","Aktien","70.112.735,86","0,15","70.112.735,86","272.493,00","257,30","Korea","Korea Exchange (Stock Market)","KRW"
"MTN","MTN GROUP","Kommunikation","Aktien","70.068.813,72","0,15","70.068.813,72","5.754.465,00","12,18","Südafrika","Johannesburg Stock Exchange","ZAR"
"EAND","EMIRATES TELECOM","Kommunikation","Aktien","69.594.315,30","0,15","69.594.315,30","11.639.776,00","5,98","Ver. Arabische Emirate","Abu Dhabi Securities Exchange","AED"
"7010","SAUDI TELECOM","Kommunikation","Aktien","69.121.275,76","0,15","69.121.275,76","5.949.910,00","11,62","Saudi-Arabien","Saudi Stock Exchange","SAR"
"2357","ASUSTEK COMPUTER INC","IT","Aktien","67.526.323,22","0,15","67.526.323,22","2.271.000,00","29,73","Taiwan","Taiwan Stock Exchange","TWD"
"6669","WIWYNN CORPORATION","IT","Aktien","67.512.607,39","0,15","67.512.607,39","1.008.183,00","66,96","Taiwan","Taiwan Stock Exchange","TWD"
"000270","KIA CORPORATION","Zyklische Konsumgüter ","Aktien","67.275.055,04","0,15","67.275.055,04","768.822,00","87,50","Korea","Korea Exchange (Stock Market)","KRW"
"QNBK","QATAR NATIONAL BANK","Finanzwesen","Aktien","67.068.711,89","0,15","67.068.711,89","15.073.900,00","4,45","Qatar","Qatar Exchange","QAR"
"2883","KGI FINANCIAL HOLDING","Finanzwesen","Aktien","67.060.448,87","0,15","67.060.448,87","53.923.197,00","1,24","Taiwan","Taiwan Stock Exchange","TWD"
"EMAAR","EMAAR PROPERTIES","Immobilien","Aktien","66.864.325,63","0,14","66.864.325,63","20.812.088,00","3,21","Ver. Arabische Emirate","Dubai Financial Market","AED"
"2408","NANYA TECHNOLOGY CORP","IT","Aktien","66.260.550,46","0,14","66.260.550,46","4.329.000,00","15,31","Taiwan","Taiwan Stock Exchange","TWD"
"035420","NAVER","Kommunikation","Aktien","65.693.693,05","0,14","65.693.693,05","456.109,00","144,03","Korea","Korea Exchange (Stock Market)","KRW"
"FEMSAUBD","FOMENTO ECONOMICO MEXICANO","Nichtzyklische Konsumgüter","Aktien","64.423.291,21","0,14","64.423.291,21","5.362.689,00","12,01","Mexiko","Bolsa Mexicana De Valores","MXN"
"068270","CELLTRION","Gesundheitsversorgung","Aktien","64.075.565,09","0,14","64.075.565,09","491.015,00","130,50","Korea","Korea Exchange (Stock Market)","KRW"
"2886","MEGA FINANCIAL HOLDING LTD","Finanzwesen","Aktien","62.838.330,54","0,14","62.838.330,54","38.601.986,00","1,63","Taiwan","Taiwan Stock Exchange","TWD"
"2890","SINOPAC FINANCIAL HOLDINGS","Finanzwesen","Aktien","62.730.163,18","0,14","62.730.163,18","43.525.450,00","1,44","Taiwan","Taiwan Stock Exchange","TWD"
"1088","CHINA SHENHUA ENERGY LTD H","Energie","Aktien","62.696.862,59","0,14","62.696.862,59","10.999.500,00","5,70","China","Hong Kong Exchanges And Clearing Ltd","HKD"
"5274","ASPEED TECHNOLOGY","IT","Aktien","62.587.540,19","0,14","62.587.540,19","109.190,00","573,20","Taiwan","Gretai Securities Market","TWD"
"TCS","TATA CONSULTANCY SERVICES LTD","IT","Aktien","62.126.056,96","0,13","62.126.056,96","2.721.561,00","22,83","Indien","National Stock Exchange Of India","INR"
"SCCO","SOUTHERN COPPER CORP","Materialien","Aktien","61.179.063,93","0,13","61.179.063,93","311.963,00","196,11","Peru","New York Stock Exchange Inc.","USD"
"TITAN","TITAN COMPANY LTD","Zyklische Konsumgüter ","Aktien","60.593.702,65","0,13","60.593.702,65","1.200.828,00","50,46","Indien","National Stock Exchange Of India","INR"
"3231","WISTRON","IT","Aktien","59.105.498,69","0,13","59.105.498,69","10.104.188,00","5,85","Taiwan","Taiwan Stock Exchange","TWD"
"3443","GLOBAL UNICHIP","IT","Aktien","58.715.596,33","0,13","58.715.596,33","288.000,00","203,87","Taiwan","Taiwan Stock Exchange","TWD"
"316140","WOORI FINANCIAL GROUP INC","Finanzwesen","Aktien","58.353.028,34","0,13","58.353.028,34","2.221.032,00","26,27","Korea","Korea Exchange (Stock Market)","KRW"
"AMXB","AMERICA MOVIL B","Kommunikation","Aktien","58.189.051,77","0,13","58.189.051,77","50.632.430,00","1,15","Mexiko","Bolsa Mexicana De Valores","MXN"
"1801","INNOVENT BIOLOGICS","Gesundheitsversorgung","Aktien","57.973.217,64","0,13","57.973.217,64","4.730.500,00","12,26","China","Hong Kong Exchanges And Clearing Ltd","HKD"
"1211","SAUDI ARABIAN MINING","Materialien","Aktien","57.521.310,79","0,12","57.521.310,79","3.485.142,00","16,50","Saudi-Arabien","Saudi Stock Exchange","SAR"
"2301","LITE ON TECHNOLOGY","IT","Aktien","57.482.456,52","0,12","57.482.456,52","6.592.390,00","8,72","Taiwan","Taiwan Stock Exchange","TWD"
"ETE","NATIONAL BANK OF GREECE","Finanzwesen","Aktien","57.376.253,85","0,12","57.376.253,85","2.869.225,00","20,00","Griechenland","Athens Exchange S.A. Cash Market","EUR"
"BBCA","BANK CENTRAL ASIA","Finanzwesen","Aktien","57.024.718,15","0,12","57.024.718,15","159.310.000,00","0,36","Indonesien","Indonesia Stock Exchange","IDR"
"SUNPHARMA","SUN PHARMACEUTICAL INDUSTRIES LTD","Gesundheitsversorgung","Aktien","56.946.893,61","0,12","56.946.893,61","2.925.798,00","19,46","Indien","National Stock Exchange Of India","INR"
"2344","WINBOND ELECTRONICS","IT","Aktien","56.388.193,52","0,12","56.388.193,52","10.575.274,00","5,33","Taiwan","Taiwan Stock Exchange","TWD"
"2412","CHUNGHWA TELECOM LTD","Kommunikation","Aktien","56.321.806,63","0,12","56.321.806,63","12.384.000,00","4,55","Taiwan","Taiwan Stock Exchange","TWD"
"3008","LARGAN PRECISION LTD","IT","Aktien","55.323.766,96","0,12","55.323.766,96","293.000,00","188,82","Taiwan","Taiwan Stock Exchange","TWD"
"005490","POSCO","Materialien","Aktien","54.396.343,86","0,12","54.396.343,86","230.189,00","236,31","Korea","Korea Exchange (Stock Market)","KRW"
"032830","SAMSUNG LIFE LTD","Finanzwesen","Aktien","54.115.700,79","0,12","54.115.700,79","266.556,00","203,02","Korea","Korea Exchange (Stock Market)","KRW"
"PBBANK","PUBLIC BANK","Finanzwesen","Aktien","53.939.751,16","0,12","53.939.751,16","46.062.300,00","1,17","Malaysia","Bursa Malaysia","MYR"
"ETERNAL","ETERNAL","Zyklische Konsumgüter ","Aktien","53.786.678,40","0,12","53.786.678,40","16.007.940,00","3,36","Indien","National Stock Exchange Of India","INR"
"012330","HYUNDAI MOBIS LTD","Zyklische Konsumgüter ","Aktien","53.668.978,40","0,12","53.668.978,40","194.624,00","275,76","Korea","Korea Exchange (Stock Market)","KRW"
"EMIRATESNBD","EMIRATES NBD","Finanzwesen","Aktien","52.338.017,83","0,11","52.338.017,83","6.165.160,00","8,49","Ver. Arabische Emirate","Dubai Financial Market","AED"
"BBDC4","BANCO BRADESCO PREF","Finanzwesen","Aktien","52.082.090,26","0,11","52.082.090,26","14.798.344,00","3,52","Brasilien","XBSP","BRL"
"7769","HONPRECISION INC","IT","Aktien","51.762.408,84","0,11","51.762.408,84","269.000,00","192,43","Taiwan","Taiwan Stock Exchange","TWD"
"SBIN","STATE BANK OF INDIA","Finanzwesen","Aktien","50.997.699,93","0,11","50.997.699,93","4.948.510,00","10,31","Indien","National Stock Exchange Of India","INR"
"MARUTI","MARUTI SUZUKI INDIA LTD","Zyklische Konsumgüter ","Aktien","50.854.487,08","0,11","50.854.487,08","395.433,00","128,60","Indien","National Stock Exchange Of India","INR"
"CIMB","CIMB GROUP HOLDINGS","Finanzwesen","Aktien","49.938.996,95","0,11","49.938.996,95","26.618.979,00","1,88","Malaysia","Bursa Malaysia","MYR"
"B3SA3","B3 BRASIL BOLSA BALCAO SA","Finanzwesen","Aktien","49.645.842,33","0,11","49.645.842,33","14.546.937,00","3,41","Brasilien","XBSP","BRL"
"CEMEXCPO","CEMEX CPO","Materialien","Aktien","49.595.207,08","0,11","49.595.207,08","48.564.305,00","1,02","Mexiko","Bolsa Mexicana De Valores","MXN"
"NTPC","NTPC LTD","Versorger","Aktien","49.491.135,02","0,11","49.491.135,02","14.405.509,00","3,44","Indien","National Stock Exchange Of India","INR"
"066570","LG ELECTRONICS INC","Zyklische Konsumgüter ","Aktien","49.207.652,73","0,11","49.207.652,73","343.546,00","143,23","Korea","Korea Exchange (Stock Market)","KRW"
"2328","PICC PROPERTY AND CASUALTY LTD H","Finanzwesen","Aktien","49.152.177,27","0,11","49.152.177,27","22.899.690,00","2,15","China","Hong Kong Exchanges And Clearing Ltd","HKD"
"2892","FIRST FINANCIAL HOLDING LTD","Finanzwesen","Aktien","48.695.343,17","0,11","48.695.343,17","38.098.878,00","1,28","Taiwan","Taiwan Stock Exchange","TWD"
"3653","JENTECH PRECISION INDUSTRIAL LTD","IT","Aktien","48.690.567,40","0,11","48.690.567,40","289.893,00","167,96","Taiwan","Taiwan Stock Exchange","TWD"
"BEL","BHARAT ELECTRONICS LTD","Industrie","Aktien","48.511.421,45","0,10","48.511.421,45","11.769.034,00","4,12","Indien","National Stock Exchange Of India","INR"
"ICT","INTERNATIONAL CONTAINER TERMINAL S","Industrie","Aktien","48.484.373,95","0,10","48.484.373,95","3.253.120,00","14,90","Philippinen","Philippine Stock Exchange Inc.","PHP"
"6223","MPI CORP","IT","Aktien","48.474.868,66","0,10","48.474.868,66","281.000,00","172,51","Taiwan","Gretai Securities Market","TWD"
"TATASTEEL","TATA STEEL LTD","Materialien","Aktien","48.194.305,18","0,10","48.194.305,18","24.687.069,00","1,95","Indien","National Stock Exchange Of India","INR"
"2880","HUA NAN FINANCIAL HOLDINGS","Finanzwesen","Aktien","47.307.911,98","0,10","47.307.911,98","31.488.403,00","1,50","Taiwan","Taiwan Stock Exchange","TWD"
"SHFL","SHRIRAM FINANCE LTD","Finanzwesen","Aktien","46.832.398,12","0,10","46.832.398,12","4.515.561,00","10,37","Indien","National Stock Exchange Of India","INR"
"HINDUNILVR","HINDUSTAN UNILEVER LTD","Nichtzyklische Konsumgüter","Aktien","46.552.694,29","0,10","46.552.694,29","2.299.531,00","20,24","Indien","National Stock Exchange Of India","INR"
"ITSA4","ITAUSA INVESTIMENTOS ITAU PREF SA","Finanzwesen","Aktien","46.344.509,90","0,10","46.344.509,90","16.866.687,00","2,75","Brasilien","XBSP","BRL"
"600519","KWEICHOW MOUTAI A","Nichtzyklische Konsumgüter","Aktien","46.140.747,19","0,10","46.140.747,19","244.182,00","188,96","China","Shanghai Stock Exchange","CNY"
"ADCB","ABU DHABI COMMERCIAL BANK","Finanzwesen","Aktien","45.984.226,11","0,10","45.984.226,11","10.336.179,00","4,45","Ver. Arabische Emirate","Abu Dhabi Securities Exchange","AED"
"034730","SK INC","Industrie","Aktien","45.981.090,72","0,10","45.981.090,72","117.866,00","390,11","Korea","Korea Exchange (Stock Market)","KRW"
"9987","YUM CHINA HOLDINGS INC","Zyklische Konsumgüter ","Aktien","45.844.917,68","0,10","45.844.917,68","1.097.934,00","41,76","China","Hong Kong Exchanges And Clearing Ltd","HKD"
"000810","SAMSUNG FIRE & MARINE INSURANCE LT","Finanzwesen","Aktien","45.372.259,26","0,10","45.372.259,26","94.127,00","482,03","Korea","Korea Exchange (Stock Market)","KRW"
"PEO","BANK PEKAO SA","Finanzwesen","Aktien","44.810.338,23","0,10","44.810.338,23","624.923,00","71,71","Polen","Warsaw Stock Exchange/Equities/Main Market","PLN"
"EUROB","EUROBANK SA","Finanzwesen","Aktien","44.086.662,52","0,10","44.086.662,52","8.208.502,00","5,37","Griechenland","Athens Exchange S.A. Cash Market","EUR"
"175","GEELY AUTOMOBILE HOLDINGS LTD","Zyklische Konsumgüter ","Aktien","43.911.001,89","0,09","43.911.001,89","21.531.897,00","2,04","China","Hong Kong Exchanges And Clearing Ltd","HKD"
"HINDALCO","HINDALCO INDUSTRIES LTD","Materialien","Aktien","43.725.286,99","0,09","43.725.286,99","4.278.322,00","10,22","Indien","National Stock Exchange Of India","INR"
"BPAC11","BCO BTG PACTUAL UNT SA","Finanzwesen","Aktien","43.252.840,67","0,09","43.252.840,67","3.648.300,00","11,86","Brasilien","XBSP","BRL"
"IMP","IMPALA PLATINUM","Materialien","Aktien","43.226.351,96","0,09","43.226.351,96","2.954.061,00","14,63","Südafrika","Johannesburg Stock Exchange","ZAR"
"386","CHINA PETROLEUM AND CHEMICAL H","Energie","Aktien","42.845.919,71","0,09","42.845.919,71","74.618.000,00","0,57","China","Hong Kong Exchanges And Clearing Ltd","HKD"
"WEGE3","WEG","Industrie","Aktien","42.559.429,50","0,09","42.559.429,50","4.296.811,00","9,90","Brasilien","XBSP","BRL"
"TPEIR","PIRAEUS BANK SA","Finanzwesen","Aktien","42.472.707,31","0,09","42.472.707,31","3.562.409,00","11,92","Griechenland","Athens Exchange S.A. Cash Market","EUR"
"6446","PHARMAESSENTIA","Gesundheitsversorgung","Aktien","41.884.389,24","0,09","41.884.389,24","1.117.472,00","37,48","Taiwan","Taiwan Stock Exchange","TWD"
"DIVISLAB","DIVIS LABORATORIES LTD","Gesundheitsversorgung","Aktien","41.404.080,73","0,09","41.404.080,73","426.065,00","97,18","Indien","National Stock Exchange Of India","INR"
"ABEV3","AMBEV SA","Nichtzyklische Konsumgüter","Aktien","40.958.755,18","0,09","40.958.755,18","13.583.688,00","3,02","Brasilien","XBSP","BRL"
"MAYBANK","MALAYAN BANKING","Finanzwesen","Aktien","40.943.609,66","0,09","40.943.609,66","16.199.600,00","2,53","Malaysia","Bursa Malaysia","MYR"
"WALMEX*","WALMART DE MEXICO V","Nichtzyklische Konsumgüter","Aktien","40.944.275,15","0,09","40.944.275,15","15.226.911,00","2,69","Mexiko","Bolsa Mexicana De Valores","MXN"
"373220","LG ENERGY SOLUTION LTD","Industrie","Aktien","40.540.849,71","0,09","40.540.849,71","153.461,00","264,18","Korea","Korea Exchange (Stock Market)","KRW"
"300750","CONTEMPORARY AMPEREX TECHNOLOGY A","Industrie","Aktien","40.440.948,03","0,09","40.440.948,03","891.083,00","45,38","China","Shenzhen Stock Exchange","CNY"
"KGH","KGHM POLSKA MIEDZ SA","Materialien","Aktien","40.252.226,06","0,09","40.252.226,06","447.899,00","89,87","Polen","Warsaw Stock Exchange/Equities/Main Market","PLN"
"PTT.R","PTT NON-VOTING DR","Energie","Aktien","40.195.867,55","0,09","40.195.867,55","31.747.600,00","1,27","Thailand","Stock Exchange Of Thailand","THB"
"POWERGRID","POWER GRID CORPORATION OF INDIA","Versorger","Aktien","40.175.389,71","0,09","40.175.389,71","14.613.560,00","2,75","Indien","National Stock Exchange Of India","INR"
"HAR","HARMONY GOLD MINING COMPANY LIMITE","Materialien","Aktien","39.854.642,26","0,09","39.854.642,26","1.989.186,00","20,04","Südafrika","Johannesburg Stock Exchange","ZAR"
"AXIA3","AXIA ENERGIA SA","Versorger","Aktien","39.540.380,99","0,09","39.540.380,99","3.680.717,00","10,74","Brasilien","XBSP","BRL"
"4958","ZHEN DING TECHNOLOGY HOLDING LTD","IT","Aktien","39.474.445,23","0,09","39.474.445,23","2.644.000,00","14,93","Taiwan","Taiwan Stock Exchange","TWD"
"2379","REALTEK SEMICONDUCTOR","IT","Aktien","39.380.224,26","0,09","39.380.224,26","1.756.000,00","22,43","Taiwan","Taiwan Stock Exchange","TWD"
"267260","HD HYUNDAI ELECTRIC","Industrie","Aktien","39.350.799,41","0,09","39.350.799,41","76.361,00","515,33","Korea","Korea Exchange (Stock Market)","KRW"
"2020","ANTA SPORTS PRODUCTS LTD","Zyklische Konsumgüter ","Aktien","38.785.925,96","0,08","38.785.925,96","4.226.400,00","9,18","China","Hong Kong Exchanges And Clearing Ltd","HKD"
"033780","KT&G CORP","Nichtzyklische Konsumgüter","Aktien","38.587.713,39","0,08","38.587.713,39","306.759,00","125,79","Korea","Korea Exchange (Stock Market)","KRW"
"010120","LS ELECTRIC LTD","Industrie","Aktien","38.417.939,42","0,08","38.417.939,42","262.773,00","146,20","Korea","Korea Exchange (Stock Market)","KRW"
"HCLTECH","HCL TECHNOLOGIES LTD","IT","Aktien","38.408.752,51","0,08","38.408.752,51","2.928.427,00","13,12","Indien","National Stock Exchange Of India","INR"
"ALE","ALLEGRO SA","Zyklische Konsumgüter ","Aktien","37.669.175,47","0,08","37.669.175,47","2.890.472,00","13,03","Polen","Warsaw Stock Exchange/Equities/Main Market","PLN"
"207940","SAMSUNG BIOLOGICS","Gesundheitsversorgung","Aktien","37.324.674,12","0,08","37.324.674,12","36.941,00","1.010,39","Korea","Korea Exchange (Stock Market)","KRW"
"8299","PHISON ELECTRONICS CORP","IT","Aktien","37.320.787,27","0,08","37.320.787,27","604.000,00","61,79","Taiwan","Gretai Securities Market","TWD"
"1216","UNI-PRESIDENT ENTERPRISES","Nichtzyklische Konsumgüter","Aktien","37.026.521,38","0,08","37.026.521,38","15.635.736,00","2,37","Taiwan","Taiwan Stock Exchange","TWD"
"PZU","PZU SA","Finanzwesen","Aktien","36.999.967,82","0,08","36.999.967,82","1.898.701,00","19,49","Polen","Warsaw Stock Exchange/Equities/Main Market","PLN"
"3750","CONTEMPORARY AMPEREX TECHNOLOGY CL","Industrie","Aktien","36.827.961,99","0,08","36.827.961,99","569.900,00","64,62","China","Hong Kong Exchanges And Clearing Ltd","HKD"
"2423","KE HOLDINGS","Immobilien","Aktien","36.786.422,54","0,08","36.786.422,54","6.839.180,00","5,38","China","Hong Kong Exchanges And Clearing Ltd","HKD"
"3481","INNOLUX CORP","IT","Aktien","36.634.421,19","0,08","36.634.421,19","24.082.411,00","1,52","Taiwan","Taiwan Stock Exchange","TWD"
"BBRI","BANK RAKYAT INDONESIA (PERSERO)","Finanzwesen","Aktien","36.554.461,75","0,08","36.554.461,75","194.737.583,00","0,19","Indonesien","Indonesia Stock Exchange","IDR"
"EMBJ3","EMBRAER","Industrie","Aktien","36.535.309,95","0,08","36.535.309,95","1.970.656,00","18,54","Brasilien","XBSP","BRL"
"ABG","ABSA GROUP","Finanzwesen","Aktien","36.464.811,09","0,08","36.464.811,09","2.684.731,00","13,58","Südafrika","Johannesburg Stock Exchange","ZAR"
"ULTRACEMCO","ULTRATECH CEMENT LTD","Materialien","Aktien","36.448.769,29","0,08","36.448.769,29","324.861,00","112,20","Indien","National Stock Exchange Of India","INR"
"2395","ADVANTECH","IT","Aktien","36.176.734,20","0,08","36.176.734,20","1.681.348,00","21,52","Taiwan","Taiwan Stock Exchange","TWD"
"1024","KUAISHOU TECHNOLOGY","Kommunikation","Aktien","36.121.172,37","0,08","36.121.172,37","9.465.400,00","3,82","China","Hong Kong Exchanges And Clearing Ltd","HKD"
"3665","BIZLINK HOLDING INC","Industrie","Aktien","36.067.718,65","0,08","36.067.718,65","572.104,00","63,04","Taiwan","Taiwan Stock Exchange","TWD"
"TWD","TWD CASH","Cash und/oder Derivate","Geldmarkt","35.948.315,73","0,08","35.948.315,73","1.146.122.176,00","3,14","Taiwan","-","TWD"
"PFCIBEST","GRUPO CIBEST PREF SA","Finanzwesen","Aktien","35.788.653,07","0,08","35.788.653,07","1.455.416,00","24,59","Kolumbien","Bolsa De Valores De Colombia","COP"
"329180","HD HYUNDAI HEAVY INDUSTRIES LTD","Industrie","Aktien","35.730.796,87","0,08","35.730.796,87","105.149,00","339,81","Korea","Korea Exchange (Stock Market)","KRW"
"298040","HYOSUNG HEAVY INDUSTRIES CORP","Industrie","Aktien","35.574.841,67","0,08","35.574.841,67","17.180,00","2.070,71","Korea","Korea Exchange (Stock Market)","KRW"
"USD","USD CASH","Cash und/oder Derivate","Geldmarkt","35.504.560,24","0,08","35.504.560,24","35.504.560,00","100,00","Vereinigte Staaten","-","USD"
"009540","HD KOREA SHIPBUILDING & OFFSHORE E","Industrie","Aktien","35.350.181,31","0,08","35.350.181,31","140.148,00","252,23","Korea","Korea Exchange (Stock Market)","KRW"
"SQM.B","SOCIEDAD QUIMICA Y MINERA DE CHILE","Materialien","Aktien","35.235.671,96","0,08","35.235.671,96","491.165,00","71,74","Chile","Santiago Stock Exchange","CLP"
"EICHERMOT","EICHER MOTORS LTD","Zyklische Konsumgüter ","Aktien","35.006.820,11","0,08","35.006.820,11","448.184,00","78,11","Indien","National Stock Exchange Of India","INR"
"6274","TAIWAN UNION TECHNOLOGY CORP","IT","Aktien","34.860.503,41","0,08","34.860.503,41","842.000,00","41,40","Taiwan","Gretai Securities Market","TWD"
"1347","HUA HONG GRACE SEMICONDUCTOR LTD","IT","Aktien","34.805.988,03","0,08","34.805.988,03","2.478.000,00","14,05","China","Hong Kong Exchanges And Clearing Ltd","HKD"
"SBSP3","COMPANHIA DE SANEAMENTO BASICO DE","Versorger","Aktien","34.791.633,54","0,08","34.791.633,54","6.637.891,00","5,24","Brasilien","XBSP","BRL"
"9992","POP MART INTERNATIONAL GROUP","Zyklische Konsumgüter ","Aktien","34.460.798,02","0,07","34.460.798,02","1.764.800,00","19,53","China","Hong Kong Exchanges And Clearing Ltd","HKD"
"2010","SAUDI BASIC INDUSTRIES","Materialien","Aktien","34.447.733,79","0,07","34.447.733,79","2.695.894,00","12,78","Saudi-Arabien","Saudi Stock Exchange","SAR"
"1109","CHINA RESOURCES LAND","Immobilien","Aktien","34.290.665,72","0,07","34.290.665,72","9.439.739,00","3,63","China","Hong Kong Exchanges And Clearing Ltd","HKD"
"010140","SAMSUNG HEAVY INDUSTRIES LTD","Industrie","Aktien","33.848.638,95","0,07","33.848.638,95","2.175.208,00","15,56","Korea","Korea Exchange (Stock Market)","KRW"
"2082","ACWA POWER CO","Versorger","Aktien","33.458.629,04","0,07","33.458.629,04","698.263,00","47,92","Saudi-Arabien","Saudi Stock Exchange","SAR"
"ADVANC.R","ADVANCED INFO SERVICE NON-VOTING D","Kommunikation","Aktien","33.071.854,96","0,07","33.071.854,96","3.162.200,00","10,46","Thailand","Stock Exchange Of Thailand","THB"
"2449","KING YUAN ELECTRONICS","IT","Aktien","32.911.699,21","0,07","32.911.699,21","3.959.650,00","8,31","Taiwan","Taiwan Stock Exchange","TWD"
"5880","TAIWAN COOPERATIVE FINANCIAL HOLDI","Finanzwesen","Aktien","32.797.767,55","0,07","32.797.767,55","37.955.529,00","0,86","Taiwan","Taiwan Stock Exchange","TWD"
"TVSMOTOR","TVS MOTOR COMPANY","Zyklische Konsumgüter ","Aktien","32.778.670,08","0,07","32.778.670,08","766.683,00","42,75","Indien","National Stock Exchange Of India","INR"
"2359","WUXI APPTEC H","Gesundheitsversorgung","Aktien","32.433.700,46","0,07","32.433.700,46","1.285.169,00","25,24","China","Hong Kong Exchanges And Clearing Ltd","HKD"
"2368","GOLD CIRCUIT ELECTRONICS","IT","Aktien","32.326.668,23","0,07","32.326.668,23","1.084.900,00","29,80","Taiwan","Taiwan Stock Exchange","TWD"
"QIBK","QATAR ISLAMIC BANK","Finanzwesen","Aktien","32.283.007,40","0,07","32.283.007,40","5.618.663,00","5,75","Qatar","Qatar Exchange","QAR"
"APOLLOHOSP","APOLLO HOSPITALS ENTERPRISE","Gesundheitsversorgung","Aktien","31.997.998,78","0,07","31.997.998,78","350.095,00","91,40","Indien","National Stock Exchange Of India","INR"
"ADANIPORTS","ADANI PORTS AND SPECIAL ECONOMIC Z","Industrie","Aktien","31.862.108,13","0,07","31.862.108,13","1.758.483,00","18,12","Indien","National Stock Exchange Of India","INR"
"INDIGO","INTERGLOBE AVIATION LTD","Industrie","Aktien","31.611.241,95","0,07","31.611.241,95","625.945,00","50,50","Indien","National Stock Exchange Of India","INR"
"3034","NOVATEK MICROELECTRONICS","IT","Aktien","31.452.991,45","0,07","31.452.991,45","1.840.000,00","17,09","Taiwan","Taiwan Stock Exchange","TWD"
"1010","RIYAD BANK","Finanzwesen","Aktien","31.424.839,65","0,07","31.424.839,65","5.849.723,00","5,37","Saudi-Arabien","Saudi Stock Exchange","SAR"
"2601","CHINA PACIFIC INSURANCE (GROUP) H","Finanzwesen","Aktien","31.418.793,34","0,07","31.418.793,34","8.667.400,00","3,62","China","Hong Kong Exchanges And Clearing Ltd","HKD"
"196170","ALTEOGEN INC","Gesundheitsversorgung","Aktien","31.351.025,22","0,07","31.351.025,22","170.536,00","183,84","Korea","Korea Exchange (Kosdaq)","KRW"
"6869","YANGTZE OPTICAL FIBRE AND CABLE JO","IT","Aktien","31.259.615,20","0,07","31.259.615,20","1.330.000,00","23,50","China","Hong Kong Exchanges And Clearing Ltd","HKD"
"ASELS.E","ASELSAN ELEKTRONIK SANAYI VE TICAR","Industrie","Aktien","31.174.947,42","0,07","31.174.947,42","3.995.873,00","7,80","Türkei","Istanbul Stock Exchange","TRY"
"PE&OLES*","INDUST PENOLES","Materialien","Aktien","30.991.875,78","0,07","30.991.875,78","606.587,00","51,09","Mexiko","Bolsa Mexicana De Valores","MXN"
"051910","LG CHEM LTD","Materialien","Aktien","30.765.736,62","0,07","30.765.736,62","158.610,00","193,97","Korea","Korea Exchange (Stock Market)","KRW"
"BID","BID CORPORATION","Nichtzyklische Konsumgüter","Aktien","30.657.813,33","0,07","30.657.813,33","1.127.880,00","27,18","Südafrika","Johannesburg Stock Exchange","ZAR"
"ADIB","ABU DHABI ISLAMIC BANK","Finanzwesen","Aktien","30.637.449,94","0,07","30.637.449,94","4.796.537,00","6,39","Ver. Arabische Emirate","Abu Dhabi Securities Exchange","AED"
"998","CHINA CITIC BANK CORP LTD H","Finanzwesen","Aktien","30.551.051,86","0,07","30.551.051,86","28.484.000,00","1,07","China","Hong Kong Exchanges And Clearing Ltd","HKD"
"1150","ALINMA BANK","Finanzwesen","Aktien","30.500.333,25","0,07","30.500.333,25","4.584.814,00","6,65","Saudi-Arabien","Saudi Stock Exchange","SAR"
"ASIANPAINT","ASIAN PAINTS","Materialien","Aktien","30.441.161,78","0,07","30.441.161,78","1.190.077,00","25,58","Indien","National Stock Exchange Of India","INR"
"TECHM","TECH MAHINDRA","IT","Aktien","30.402.560,74","0,07","30.402.560,74","1.868.511,00","16,27","Indien","National Stock Exchange Of India","INR"
"BMRI","BANK MANDIRI (PERSERO)","Finanzwesen","Aktien","30.008.060,60","0,06","30.008.060,60","122.377.700,00","0,25","Indonesien","Indonesia Stock Exchange","IDR"
"ALPHA","ALPHA BANK SA","Finanzwesen","Aktien","29.882.933,19","0,06","29.882.933,19","5.465.721,00","5,47","Griechenland","Athens Exchange S.A. Cash Market","EUR"
"1378","CHINA HONGQIAO GROUP LTD","Materialien","Aktien","29.682.680,21","0,06","29.682.680,21","10.663.000,00","2,78","China","Hong Kong Exchanges And Clearing Ltd","HKD"
"ALDAR","ALDAR PROPERTIES","Immobilien","Aktien","29.578.761,08","0,06","29.578.761,08","13.362.651,00","2,21","Ver. Arabische Emirate","Abu Dhabi Securities Exchange","AED"
"SLM","SANLAM LIMITED LTD","Finanzwesen","Aktien","29.559.874,81","0,06","29.559.874,81","5.800.546,00","5,10","Südafrika","Johannesburg Stock Exchange","ZAR"
"300308","ZHONGJI INNOLIGHT A","IT","Aktien","29.507.464,84","0,06","29.507.464,84","220.812,00","133,63","China","Shenzhen Stock Exchange","CNY"
"3328","BANK OF COMMUNICATIONS LTD H","Finanzwesen","Aktien","29.362.151,00","0,06","29.362.151,00","28.162.000,00","1,04","China","Hong Kong Exchanges And Clearing Ltd","HKD"
"DSY","DISCOVERY","Finanzwesen","Aktien","29.075.037,74","0,06","29.075.037,74","1.748.533,00","16,63","Südafrika","Johannesburg Stock Exchange","ZAR"
"1093","CSPC PHARMACEUTICAL GROUP","Gesundheitsversorgung","Aktien","29.055.734,47","0,06","29.055.734,47","25.758.319,00","1,13","China","Hong Kong Exchanges And Clearing Ltd","HKD"
"GRASIM","GRASIM INDUSTRIES","Materialien","Aktien","29.008.889,50","0,06","29.008.889,50","877.073,00","33,07","Indien","National Stock Exchange Of India","INR"
"CHILE","BANCO DE CHILE","Finanzwesen","Aktien","29.002.424,46","0,06","29.002.424,46","140.359.131,00","0,21","Chile","Santiago Stock Exchange","CLP"
"PRIO3","PETRO RIO","Energie","Aktien","28.947.941,88","0,06","28.947.941,88","2.358.761,00","12,27","Brasilien","XBSP","BRL"
"9633","NONGFU SPRING LTD H","Nichtzyklische Konsumgüter","Aktien","28.826.521,70","0,06","28.826.521,70","5.805.000,00","4,97","China","Hong Kong Exchanges And Clearing Ltd","HKD"
"SBILIFE","SBI LIFE INSURANCE COMPANY LTD","Finanzwesen","Aktien","28.788.991,48","0,06","28.788.991,48","1.563.158,00","18,42","Indien","National Stock Exchange Of India","INR"
"SHP","SHOPRITE HOLDINGS LTD","Nichtzyklische Konsumgüter","Aktien","28.394.605,15","0,06","28.394.605,15","1.474.806,00","19,25","Südafrika","Johannesburg Stock Exchange","ZAR"
"VBBR3","VIBRA ENERGIA SA","Zyklische Konsumgüter ","Aktien","28.300.961,73","0,06","28.300.961,73","3.701.483,00","7,65","Brasilien","XBSP","BRL"
"HTHT","H WORLD GROUP ADR","Zyklische Konsumgüter ","Aktien","28.245.512,80","0,06","28.245.512,80","653.680,00","43,21","China","NASDAQ","USD"
"TMCV","TATA MOTORS LTD","Industrie","Aktien","28.059.288,80","0,06","28.059.288,80","6.172.754,00","4,55","Indien","National Stock Exchange Of India","INR"
"6770","POWERCHIP SEMICONDUCTOR MANUFACTUR","IT","Aktien","27.986.462,79","0,06","27.986.462,79","12.532.000,00","2,23","Taiwan","Taiwan Stock Exchange","TWD"
"042660","HANWHA OCEAN LTD","Industrie","Aktien","27.825.098,11","0,06","27.825.098,11","459.863,00","60,51","Korea","Korea Exchange (Stock Market)","KRW"
"SOL","SASOL","Materialien","Aktien","27.789.578,14","0,06","27.789.578,14","1.973.316,00","14,08","Südafrika","Johannesburg Stock Exchange","ZAR"
"SSW","SIBANYE STILLWATER","Materialien","Aktien","27.758.584,13","0,06","27.758.584,13","9.532.674,00","2,91","Südafrika","Johannesburg Stock Exchange","ZAR"
"HAL","HINDUSTAN AERONAUTICS LTD","Industrie","Aktien","27.605.580,51","0,06","27.605.580,51","553.135,00","49,91","Indien","National Stock Exchange Of India","INR"
"JSWSTEEL","JSW STEEL","Materialien","Aktien","27.453.101,80","0,06","27.453.101,80","2.101.310,00","13,06","Indien","National Stock Exchange Of India","INR"
"ITC","ITC LTD","Nichtzyklische Konsumgüter","Aktien","27.124.081,18","0,06","27.124.081,18","9.775.419,00","2,77","Indien","National Stock Exchange Of India","INR"
"LTM","LATAM AIRLINES GROUP","Industrie","Aktien","27.056.847,10","0,06","27.056.847,10","1.045.750.416,00","0,03","Chile","Santiago Stock Exchange","CLP"
"1301","FORMOSA PLASTICS CORP","Materialien","Aktien","27.047.609,19","0,06","27.047.609,19","13.349.000,00","2,03","Taiwan","Taiwan Stock Exchange","TWD"
"3661","ALCHIP TECHNOLOGIES","IT","Aktien","26.973.888,50","0,06","26.973.888,50","261.000,00","103,35","Taiwan","Taiwan Stock Exchange","TWD"
"2057","ZTO EXPRESS (CAYMAN) INC","Industrie","Aktien","26.891.283,70","0,06","26.891.283,70","1.298.336,00","20,71","China","Hong Kong Exchanges And Clearing Ltd","HKD"
"BIMAS.E","BIM BIRLESIK MAGAZALAR A","Nichtzyklische Konsumgüter","Aktien","26.881.664,39","0,06","26.881.664,39","3.130.283,00","8,59","Türkei","Istanbul Stock Exchange","TRY"
"2603","EVERGREEN MARINE CORP (TAIWAN) LTD","Industrie","Aktien","26.864.177,76","0,06","26.864.177,76","3.531.947,00","7,61","Taiwan","Taiwan Stock Exchange","TWD"
"CHOLAFIN","CHOLAMANDALAM INVESTMENT AND FINAN","Finanzwesen","Aktien","26.698.993,20","0,06","26.698.993,20","1.451.649,00","18,39","Indien","National Stock Exchange Of India","INR"
"MAXHEALTH","MAX HEALTHCARE INSTITUTE","Gesundheitsversorgung","Aktien","26.540.368,64","0,06","26.540.368,64","2.455.368,00","10,81","Indien","National Stock Exchange Of India","INR"
"TRENT","TRENT LTD","Zyklische Konsumgüter ","Aktien","26.271.616,89","0,06","26.271.616,89","903.705,00","29,07","Indien","National Stock Exchange Of India","INR"
"1060","SAUDI AWWAL BANK","Finanzwesen","Aktien","26.209.784,21","0,06","26.209.784,21","2.947.816,00","8,89","Saudi-Arabien","Saudi Stock Exchange","SAR"
"9926","AKESO INC","Gesundheitsversorgung","Aktien","26.118.103,66","0,06","26.118.103,66","2.258.000,00","11,57","China","Hong Kong Exchanges And Clearing Ltd","HKD"
"TUPRS.E","TURKIYE PETROL RAFINERILERI A","Energie","Aktien","25.986.308,71","0,06","25.986.308,71","3.070.090,00","8,46","Türkei","Istanbul Stock Exchange","TRY"
"BAJAJ.AUTO","BAJAJ AUTO","Zyklische Konsumgüter ","Aktien","25.958.743,97","0,06","25.958.743,97","216.558,00","119,87","Indien","National Stock Exchange Of India","INR"
"BAJAJFINSV","BAJAJ FINSERV LTD","Finanzwesen","Aktien","25.911.245,27","0,06","25.911.245,27","1.337.059,00","19,38","Indien","National Stock Exchange Of India","INR"
"CIPLA","CIPLA LTD","Gesundheitsversorgung","Aktien","25.885.027,20","0,06","25.885.027,20","1.804.363,00","14,35","Indien","National Stock Exchange Of India","INR"
"NED","NEDBANK GROUP LTD","Finanzwesen","Aktien","25.854.269,99","0,06","25.854.269,99","1.445.307,00","17,89","Südafrika","Johannesburg Stock Exchange","ZAR"
"CEZ","CEZ","Versorger","Aktien","25.724.959,12","0,06","25.724.959,12","395.546,00","65,04","Tschechien","Prague Stock Exchange","CZK"
"GAPB","GRUPO AEROPORTUARIO DEL PACIFICO","Industrie","Aktien","25.684.752,22","0,06","25.684.752,22","1.286.911,00","19,96","Mexiko","Bolsa Mexicana De Valores","MXN"
"NESTLEIND","NESTLE INDIA LTD","Nichtzyklische Konsumgüter","Aktien","25.536.740,62","0,06","25.536.740,62","1.787.488,00","14,29","Indien","National Stock Exchange Of India","INR"
"PPC","PUBLIC POWER CORPORATION SA","Versorger","Aktien","25.476.928,72","0,06","25.476.928,72","898.738,00","28,35","Griechenland","Athens Exchange S.A. Cash Market","EUR"
"9901","NEW ORIENTAL EDUCATION & TECHNOLOG","Zyklische Konsumgüter ","Aktien","25.335.153,08","0,05","25.335.153,08","4.544.370,00","5,58","China","Hong Kong Exchanges And Clearing Ltd","HKD"
"CIBEST","GRUPO CIBEST SA","Finanzwesen","Aktien","25.322.086,88","0,05","25.322.086,88","896.712,00","28,24","Kolumbien","Bolsa De Valores De Colombia","COP"
"8046","NAN YA PRINTED CIRCUIT BOARD CORP","IT","Aktien","25.286.756,06","0,05","25.286.756,06","757.000,00","33,40","Taiwan","Taiwan Stock Exchange","TWD"
"EBP","ERSTE BANK POLSKA SA","Finanzwesen","Aktien","25.273.155,93","0,05","25.273.155,93","126.576,00","199,67","Polen","Warsaw Stock Exchange/Equities/Main Market","PLN"
"IDR","IDR CASH","Cash und/oder Derivate","Geldmarkt","25.263.641,67","0,05","25.263.641,67","448.177.003.266,00","0,01","Indonesien","-","IDR"
"3189","KINSUS INTERCONNECT TECHNOLOGY COR","IT","Aktien","25.073.556,50","0,05","25.073.556,50","993.053,00","25,25","Taiwan","Taiwan Stock Exchange","TWD"
"1326","FORMOSA CHEMICALS & FIBRE CORP","Materialien","Aktien","25.036.606,29","0,05","25.036.606,29","11.636.000,00","2,15","Taiwan","Taiwan Stock Exchange","TWD"
"TORNTPHARM","TORRENT PHARMACEUTICALS LTD","Gesundheitsversorgung","Aktien","24.992.673,62","0,05","24.992.673,62","491.843,00","50,81","Indien","National Stock Exchange Of India","INR"
"ADANIENT","ADANI ENTERPRISES","Industrie","Aktien","24.992.914,38","0,05","24.992.914,38","820.251,00","30,47","Indien","National Stock Exchange Of India","INR"
"600036","CHINA MERCHANTS BANK A","Finanzwesen","Aktien","24.890.252,31","0,05","24.890.252,31","4.110.570,00","6,06","China","Shanghai Stock Exchange","CNY"
"AOT.R","AIRPORTS OF THAILAND NON-VOTING DR","Industrie","Aktien","24.675.943,96","0,05","24.675.943,96","13.335.000,00","1,85","Thailand","Stock Exchange Of Thailand","THB"
"PMETAL","PRESS METAL ALUMINIUM HOLDINGS","Materialien","Aktien","24.652.998,29","0,05","24.652.998,29","13.296.400,00","1,85","Malaysia","Bursa Malaysia","MYR"
"2338","WEICHAI POWER LTD H","Industrie","Aktien","24.636.069,67","0,05","24.636.069,67","6.207.000,00","3,97","China","Hong Kong Exchanges And Clearing Ltd","HKD"
"1177","SINO BIOPHARMACEUTICAL","Gesundheitsversorgung","Aktien","24.523.564,49","0,05","24.523.564,49","35.014.250,00","0,70","China","Hong Kong Exchanges And Clearing Ltd","HKD"
"TENAGA","TENAGA NASIONAL","Versorger","Aktien","24.525.827,76","0,05","24.525.827,76","7.547.400,00","3,25","Malaysia","Bursa Malaysia","MYR"
"6488","GLOBALWAFERS LTD","IT","Aktien","24.342.884,03","0,05","24.342.884,03","851.000,00","28,61","Taiwan","Gretai Securities Market","TWD"
"2015","LI AUTO CLASS A","Zyklische Konsumgüter ","Aktien","24.288.556,29","0,05","24.288.556,29","4.064.836,00","5,98","China","Hong Kong Exchanges And Clearing Ltd","HKD"
"CUMMINSIND","CUMMINS INDIA LTD","Industrie","Aktien","24.282.645,89","0,05","24.282.645,89","464.067,00","52,33","Indien","National Stock Exchange Of India","INR"
"035720","KAKAO","Kommunikation","Aktien","24.232.163,72","0,05","24.232.163,72","999.414,00","24,25","Korea","Korea Exchange (Stock Market)","KRW"
"EQTL3","EQUATORIAL SA","Versorger","Aktien","24.197.087,96","0,05","24.197.087,96","3.185.744,00","7,60","Brasilien","XBSP","BRL"
"3081","LAND MARK CORP","IT","Aktien","24.134.268,02","0,05","24.134.268,02","282.890,00","85,31","Taiwan","Gretai Securities Market","TWD"
"LAURUSLABS","LAURUS LABS LTD","Gesundheitsversorgung","Aktien","24.103.015,10","0,05","24.103.015,10","1.186.994,00","20,31","Indien","National Stock Exchange Of India","INR"
"267250","HD HYUNDAI LTD","Energie","Aktien","24.008.388,52","0,05","24.008.388,52","149.084,00","161,04","Korea","Korea Exchange (Stock Market)","KRW"
"ICSUAGD","BLK ICS USD LIQ AGENCY DIS","Cash und/oder Derivate","Money Market","24.003.985,22","0,05","24.003.985,22","24.003.985,00","1,00","Irland","-","USD"
"1888","KINGBOARD LAMINATES HOLDINGS LTD","IT","Aktien","23.997.357,77","0,05","23.997.357,77","4.038.500,00","5,94","China","Hong Kong Exchanges And Clearing Ltd","HKD"
"2313","COMPEQ MANUFACTURING LTD","IT","Aktien","23.981.606,02","0,05","23.981.606,02","3.499.284,00","6,85","Taiwan","Taiwan Stock Exchange","TWD"
"COALINDIA","COAL INDIA","Energie","Aktien","23.940.260,23","0,05","23.940.260,23","5.494.662,00","4,36","Indien","National Stock Exchange Of India","INR"
"267","CITIC LTD","Industrie","Aktien","23.864.531,30","0,05","23.864.531,30","14.548.000,00","1,64","China","Hong Kong Exchanges And Clearing Ltd","HKD"
"MOTHERSON","SAMVARDHANA MOTHERSON INTERNATIONA","Zyklische Konsumgüter ","Aktien","23.612.702,20","0,05","23.612.702,20","13.994.833,00","1,69","Indien","National Stock Exchange Of India","INR"
"2020","SABIC AGRI-NUTRIENTS","Materialien","Aktien","23.538.527,88","0,05","23.538.527,88","696.240,00","33,81","Saudi-Arabien","Saudi Stock Exchange","SAR"
"2376","GIGABYTE TECHNOLOGY LTD","IT","Aktien","23.393.868,11","0,05","23.393.868,11","2.101.000,00","11,13","Taiwan","Taiwan Stock Exchange","TWD"
"2099","CHINA GOLD INTERNATIONAL RESOURCES","Materialien","Aktien","23.341.036,12","0,05","23.341.036,12","742.000,00","31,46","China","Hong Kong Exchanges And Clearing Ltd","HKD"
"2319","CHINA MENGNIU DAIRY LTD","Nichtzyklische Konsumgüter","Aktien","23.248.739,11","0,05","23.248.739,11","10.083.000,00","2,31","China","Hong Kong Exchanges And Clearing Ltd","HKD"
"3993","CHINA MOLYBDENUM H","Materialien","Aktien","23.138.610,57","0,05","23.138.610,57","11.697.000,00","1,98","China","Hong Kong Exchanges And Clearing Ltd","HKD"
"138040","MERITZ FINANCIAL GROUP INC","Finanzwesen","Aktien","23.133.034,27","0,05","23.133.034,27","252.862,00","91,48","Korea","Korea Exchange (Stock Market)","KRW"
"BDMS.R","BANGKOK DUSIT MEDICAL SERVICES NON","Gesundheitsversorgung","Aktien","23.006.510,64","0,05","23.006.510,64","38.006.300,00","0,61","Thailand","Stock Exchange Of Thailand","THB"
"3044","TRIPOD TECHNOLOGY","IT","Aktien","23.003.904,96","0,05","23.003.904,96","1.461.000,00","15,75","Taiwan","Taiwan Stock Exchange","TWD"
"PAYTM","ONE COMMUNICATIONS LTD","Finanzwesen","Aktien","22.991.908,95","0,05","22.991.908,95","1.251.155,00","18,38","Indien","National Stock Exchange Of India","INR"
"HEROMOTOCO","HERO MOTOCORP LTD","Zyklische Konsumgüter ","Aktien","22.986.848,99","0,05","22.986.848,99","414.141,00","55,50","Indien","National Stock Exchange Of India","INR"
"000150","DOOSAN CORP","Industrie","Aktien","22.791.781,57","0,05","22.791.781,57","22.413,00","1.016,90","Korea","Korea Exchange (Stock Market)","KRW"
"3045","TAIWAN MOBILE","Kommunikation","Aktien","22.779.518,54","0,05","22.779.518,54","5.857.000,00","3,89","Taiwan","Taiwan Stock Exchange","TWD"
"JIOFIN","JIO FINANCIAL SERVICES","Finanzwesen","Aktien","22.716.535,59","0,05","22.716.535,59","9.504.438,00","2,39","Indien","National Stock Exchange Of India","INR"
"NPH","NORTHAM PLATINUM HLDGS LTD","Materialien","Aktien","22.651.150,15","0,05","22.651.150,15","1.229.119,00","18,43","Südafrika","Johannesburg Stock Exchange","ZAR"
"005830","DB INSURANCE LTD","Finanzwesen","Aktien","22.636.295,44","0,05","22.636.295,44","162.217,00","139,54","Korea","Korea Exchange (Stock Market)","KRW"
"1339","THE PEOPLES INSURANCE CO (GROUP)","Finanzwesen","Aktien","22.623.797,26","0,05","22.623.797,26","30.059.000,00","0,75","China","Hong Kong Exchanges And Clearing Ltd","HKD"
"2002","CHINA STEEL CORP","Materialien","Aktien","22.549.141,25","0,05","22.549.141,25","38.445.080,00","0,59","Taiwan","Taiwan Stock Exchange","TWD"
"DRREDDY","DR REDDYS LABORATORIES","Gesundheitsversorgung","Aktien","22.483.220,07","0,05","22.483.220,07","1.835.731,00","12,25","Indien","National Stock Exchange Of India","INR"
"CPALL.R","CP ALL NON-VOTING DR","Nichtzyklische Konsumgüter","Aktien","22.392.851,36","0,05","22.392.851,36","16.513.800,00","1,36","Thailand","Stock Exchange Of Thailand","THB"
"ONGC","OIL AND NATURAL GAS LTD","Energie","Aktien","22.323.939,98","0,05","22.323.939,98","9.214.400,00","2,42","Indien","National Stock Exchange Of India","INR"
"2337","MACRONIX INTERNATIONAL","IT","Aktien","22.262.672,23","0,05","22.262.672,23","6.092.615,00","3,65","Taiwan","Taiwan Stock Exchange","TWD"
"INDHOTEL","INDIAN HOTELS LTD","Zyklische Konsumgüter ","Aktien","22.253.747,61","0,05","22.253.747,61","2.938.098,00","7,57","Indien","National Stock Exchange Of India","INR"
"003550","LG","Industrie","Aktien","22.244.287,63","0,05","22.244.287,63","274.900,00","80,92","Korea","Korea Exchange (Stock Market)","KRW"
"XP","XP CLASS A INC","Finanzwesen","Aktien","22.069.184,25","0,05","22.069.184,25","1.093.075,00","20,19","Brasilien","NASDAQ","USD"
"042700","HANMI SEMICONDUCTOR","IT","Aktien","21.957.055,69","0,05","21.957.055,69","134.532,00","163,21","Korea","Korea Exchange (Stock Market)","KRW"
"6239","POWERTECH TECHNOLOGY","IT","Aktien","21.842.907,55","0,05","21.842.907,55","2.537.000,00","8,61","Taiwan","Taiwan Stock Exchange","TWD"
"ADANIPOWER","ADANI POWER LTD","Versorger","Aktien","21.818.835,68","0,05","21.818.835,68","10.165.329,00","2,15","Indien","National Stock Exchange Of India","INR"
"1050","BANQUE SAUDI FRANSI","Finanzwesen","Aktien","21.771.825,40","0,05","21.771.825,40","3.837.910,00","5,67","Saudi-Arabien","Saudi Stock Exchange","SAR"
"9866","NIO CLASS A","Zyklische Konsumgüter ","Aktien","21.764.979,06","0,05","21.764.979,06","6.098.586,00","3,57","China","Hong Kong Exchanges And Clearing Ltd","HKD"
"601899","ZIJIN MINING GROUP LTD A","Materialien","Aktien","21.602.348,96","0,05","21.602.348,96","4.687.500,00","4,61","China","Shanghai Stock Exchange","CNY"
"TLKM","TELEKOMUNIKASI INDONESIA","Kommunikation","Aktien","21.537.864,77","0,05","21.537.864,77","147.521.900,00","0,15","Indonesien","Indonesia Stock Exchange","IDR"
"POLICYBZR","PB FINTECH","Finanzwesen","Aktien","21.490.989,55","0,05","21.490.989,55","1.168.154,00","18,40","Indien","National Stock Exchange Of India","INR"
"000720","HYUNDAI ENGINEERING & CONSTRUCTION","Industrie","Aktien","21.424.835,38","0,05","21.424.835,38","236.246,00","90,69","Korea","Korea Exchange (Stock Market)","KRW"
"CGPOWER","CG POWER AND INDUSTRIAL SOLUTIONS","Industrie","Aktien","21.356.736,63","0,05","21.356.736,63","2.328.309,00","9,17","Indien","National Stock Exchange Of India","INR"
"9868","XPENG CLASS A INC","Zyklische Konsumgüter ","Aktien","21.257.722,08","0,05","21.257.722,08","4.050.040,00","5,25","China","Hong Kong Exchanges And Clearing Ltd","HKD"
"2259","ZIJIN GOLD INTERNATIONAL LTD","Materialien","Aktien","21.229.980,94","0,05","21.229.980,94","1.074.600,00","19,76","China","Hong Kong Exchanges And Clearing Ltd","HKD"
"GULF.R","GULF DEVELOPMENT NON-VOTING DR PCL","Versorger","Aktien","21.193.769,07","0,05","21.193.769,07","11.594.034,00","1,83","Thailand","Stock Exchange Of Thailand","THB"
"LPP","LPP SA","Zyklische Konsumgüter ","Aktien","21.156.955,69","0,05","21.156.955,69","3.586,00","5.899,88","Polen","Warsaw Stock Exchange/Equities/Main Market","PLN"
"688256","CAMBRICON TECHNOLOGIES CORPORATION","IT","Aktien","21.110.305,74","0,05","21.110.305,74","127.980,00","164,95","China","Shanghai Stock Exchange","CNY"
"2409","AUO","IT","Aktien","20.861.914,84","0,05","20.861.914,84","22.171.000,00","0,94","Taiwan","Taiwan Stock Exchange","TWD"
"VOD","VODACOM GROUP LTD","Kommunikation","Aktien","20.823.812,57","0,05","20.823.812,57","2.191.998,00","9,50","Südafrika","Johannesburg Stock Exchange","ZAR"
"079550","LIG DEFENSE&AEROSPACE LTD","Industrie","Aktien","20.743.198,35","0,04","20.743.198,35","40.480,00","512,43","Korea","Korea Exchange (Stock Market)","KRW"
"278470","APR LTD","Nichtzyklische Konsumgüter","Aktien","20.698.653,78","0,04","20.698.653,78","81.015,00","255,49","Korea","Korea Exchange (Stock Market)","KRW"
"5347","VANGUARD INTERNATIONAL SEMICONDUCT","IT","Aktien","20.658.474,88","0,04","20.658.474,88","3.979.721,00","5,19","Taiwan","Gretai Securities Market","TWD"
"BRL","BRL CASH","Cash und/oder Derivate","Geldmarkt","20.643.470,64","0,04","20.643.470,64","106.459.410,00","19,39","Brasilien","-","BRL"
"096770","SK INNOVATION LTD","Energie","Aktien","20.640.865,63","0,04","20.640.865,63","204.580,00","100,89","Korea","Korea Exchange (Stock Market)","KRW"
"064350","HYUNDAI-ROTEM","Industrie","Aktien","20.642.512,14","0,04","20.642.512,14","233.203,00","88,52","Korea","Korea Exchange (Stock Market)","KRW"
"GGBR4","GERDAU PREF SA","Materialien","Aktien","20.552.227,60","0,04","20.552.227,60","4.079.633,00","5,04","Brasilien","XBSP","BRL"
"7020","ETIHAD ETISALAT","Kommunikation","Aktien","20.531.708,03","0,04","20.531.708,03","1.193.922,00","17,20","Saudi-Arabien","Saudi Stock Exchange","SAR"
"1548","GENSCRIPT BIOTECH CORP","Gesundheitsversorgung","Aktien","20.399.329,56","0,04","20.399.329,56","4.300.000,00","4,74","China","Hong Kong Exchanges And Clearing Ltd","HKD"
"086520","ECOPRO LTD","Industrie","Aktien","20.347.783,74","0,04","20.347.783,74","341.598,00","59,57","Korea","Korea Exchange (Kosdaq)","KRW"
"2801","CHANG HWA COMMERCIAL BANK LTD","Finanzwesen","Aktien","20.335.151,26","0,04","20.335.151,26","21.903.225,00","0,93","Taiwan","Taiwan Stock Exchange","TWD"
"PERSISTENT","PERSISTENT SYSTEMS LTD","IT","Aktien","20.291.758,98","0,04","20.291.758,98","355.699,00","57,05","Indien","National Stock Exchange Of India","INR"
"017670","SK TELECOM","Kommunikation","Aktien","20.270.525,24","0,04","20.270.525,24","319.712,00","63,40","Korea","Korea Exchange (Stock Market)","KRW"
"1658","POSTAL SAVINGS BANK OF CHINA LTD H","Finanzwesen","Aktien","20.258.915,67","0,04","20.258.915,67","29.325.528,00","0,69","China","Hong Kong Exchanges And Clearing Ltd","HKD"
"601138","FOXCONN INDUSTRIAL INTERNET LTD A","IT","Aktien","20.244.823,32","0,04","20.244.823,32","2.215.465,00","9,14","China","Shanghai Stock Exchange","CNY"
"6690","HAIER SMART HOME CLASS H LTD H","Zyklische Konsumgüter ","Aktien","20.179.057,69","0,04","20.179.057,69","7.692.800,00","2,62","China","Hong Kong Exchanges And Clearing Ltd","HKD"
"BBAS3","BANCO DO BRASIL SA","Finanzwesen","Aktien","20.083.602,11","0,04","20.083.602,11","4.546.626,00","4,42","Brasilien","XBSP","BRL"
"DIB","DB ISLAMIC BANK","Finanzwesen","Aktien","20.052.362,00","0,04","20.052.362,00","10.033.967,00","2,00","Ver. Arabische Emirate","Dubai Financial Market","AED"
"1919","COSCO SHIPPING HOLDINGS LTD H","Industrie","Aktien","19.995.990,86","0,04","19.995.990,86","9.343.749,00","2,14","China","Hong Kong Exchanges And Clearing Ltd","HKD"
"REM","REMGRO","Finanzwesen","Aktien","19.989.264,67","0,04","19.989.264,67","1.660.583,00","12,04","Südafrika","Johannesburg Stock Exchange","ZAR"
"HKD","HKD CASH","Cash und/oder Derivate","Geldmarkt","19.944.769,00","0,04","19.944.769,00","156.479.677,00","12,75","Hongkong","-","HKD"
"5876","SHANGHAI COMMERCIAL","Finanzwesen","Aktien","19.941.591,02","0,04","19.941.591,02","12.728.484,00","1,57","Taiwan","Taiwan Stock Exchange","TWD"
"FEDERALBNK","FEDERAL BANK LTD","Finanzwesen","Aktien","19.922.782,59","0,04","19.922.782,59","5.744.078,00","3,47","Indien","National Stock Exchange Of India","INR"
"028050","SAMSUNG E&A LTD","Industrie","Aktien","19.908.639,89","0,04","19.908.639,89","538.293,00","36,98","Korea","Korea Exchange (Stock Market)","KRW"
"COFORGE","COFORGE","IT","Aktien","19.806.924,08","0,04","19.806.924,08","1.059.803,00","18,69","Indien","National Stock Exchange Of India","INR"
"600900","CHINA YANGTZE POWER LTD A","Versorger","Aktien","19.803.507,90","0,04","19.803.507,90","4.665.584,00","4,24","China","Shanghai Stock Exchange","CNY"
"PTTEP.R","PTT EXPLORATION AND PRODUCTION NON","Energie","Aktien","19.556.495,53","0,04","19.556.495,53","4.321.856,00","4,53","Thailand","Stock Exchange Of Thailand","THB"
"688","CHINA OVERSEAS LAND INVESTMENT","Immobilien","Aktien","19.428.626,05","0,04","19.428.626,05","12.745.000,00","1,52","China","Hong Kong Exchanges And Clearing Ltd","HKD"
"TATAPOWER","TATA POWER LTD","Versorger","Aktien","19.419.086,79","0,04","19.419.086,79","5.048.831,00","3,85","Indien","National Stock Exchange Of India","INR"
"BCI","BANCO DE CREDITO E INVERSION","Finanzwesen","Aktien","19.415.682,17","0,04","19.415.682,17","283.466,00","68,49","Chile","Santiago Stock Exchange","CLP"
"COMI","COMMERCIAL INTERNATIONAL BANK EGYP","Finanzwesen","Aktien","19.403.538,64","0,04","19.403.538,64","7.626.689,00","2,54","Ägypten","Egyptian Exchange","EGP"
"GVT&D","GE VERNOVA T&D INDIA LTD","Industrie","Aktien","19.303.971,69","0,04","19.303.971,69","426.624,00","45,25","Indien","National Stock Exchange Of India","INR"
"BSANTANDER","BANCO SANTANDER CHILE","Finanzwesen","Aktien","19.283.167,25","0,04","19.283.167,25","225.720.526,00","0,09","Chile","Santiago Stock Exchange","CLP"
"071050","KOREA INVESTMENT HOLDINGS LTD","Finanzwesen","Aktien","19.256.512,14","0,04","19.256.512,14","143.350,00","134,33","Korea","Korea Exchange (Stock Market)","KRW"
"086280","HYUNDAI GLOVIS LTD","Industrie","Aktien","19.178.061,01","0,04","19.178.061,01","128.628,00","149,10","Korea","Korea Exchange (Stock Market)","KRW"
"MBK","MBANK SA","Finanzwesen","Aktien","19.154.490,29","0,04","19.154.490,29","50.598,00","378,56","Polen","Warsaw Stock Exchange/Equities/Main Market","PLN"
"3702","WPG HOLDINGS","IT","Aktien","19.093.427,43","0,04","19.093.427,43","5.484.200,00","3,48","Taiwan","Taiwan Stock Exchange","TWD"
"FIBRAPL14","PROLOGIS PROPERTY MEXICO REIT","Immobilien","Aktien","19.076.936,47","0,04","19.076.936,47","4.328.505,00","4,41","Mexiko","Bolsa Mexicana De Valores","MXN"
"047810","KOREA AEROSPACE INDUSTRIES","Industrie","Aktien","19.026.517,57","0,04","19.026.517,57","201.595,00","94,38","Korea","Korea Exchange (Stock Market)","KRW"
"ADNOCGAS","ADNOC GAS PLC","Energie","Aktien","18.947.437,58","0,04","18.947.437,58","21.346.962,00","0,89","Ver. Arabische Emirate","Abu Dhabi Securities Exchange","AED"
"SCC.R","SIAM CEMENT NON-VOTING DR PCL","Materialien","Aktien","18.846.437,31","0,04","18.846.437,31","2.428.207,00","7,76","Thailand","Stock Exchange Of Thailand","THB"
"4904","FAR EASTONE TELECOMMUNICATIONS LTD","Kommunikation","Aktien","18.799.717,71","0,04","18.799.717,71","5.628.000,00","3,34","Taiwan","Taiwan Stock Exchange","TWD"
"018260","SAMSUNG SDS","IT","Aktien","18.795.978,72","0,04","18.795.978,72","120.229,00","156,33","Korea","Korea Exchange (Stock Market)","KRW"
"RENT3","LOCALIZA RENT A CAR","Industrie","Aktien","18.712.007,80","0,04","18.712.007,80","2.629.394,00","7,12","Brasilien","XBSP","BRL"
"5871","CHAILEASE HOLDING LTD","Finanzwesen","Aktien","18.642.129,07","0,04","18.642.129,07","5.306.765,00","3,51","Taiwan","Taiwan Stock Exchange","TWD"
"VAML","VEDANTA ALUMINIUM METAL LTD","Materialien","Aktien","18.630.708,70","0,04","18.630.708,70","4.420.934,00","4,21","Indien","National Stock Exchange Of India","INR"
"MOL","MOL HUNGARIAN OIL AND GAS","Energie","Aktien","18.631.499,62","0,04","18.631.499,62","1.123.246,00","16,59","Ungarn","Budapest Stock Exchange","HUF"
"YMM","FULL TRUCK ALLIANCE ADR CLASS A","Industrie","Aktien","18.567.184,50","0,04","18.567.184,50","2.292.245,00","8,10","China","New York Stock Exchange Inc.","USD"
"BVN","BUENAVENTURA ADR REPRESENTING","Materialien","Aktien","18.403.519,68","0,04","18.403.519,68","530.208,00","34,71","Peru","New York Stock Exchange Inc.","USD"
"1336","NEW CHINA LIFE INSURANCE COMPANY L","Finanzwesen","Aktien","18.389.915,43","0,04","18.389.915,43","3.093.500,00","5,94","China","Hong Kong Exchanges And Clearing Ltd","HKD"
"TMPV","TATA MOTORS PASSENGER VEHICLES LTD","Zyklische Konsumgüter ","Aktien","18.353.021,83","0,04","18.353.021,83","5.598.547,00","3,28","Indien","National Stock Exchange Of India","INR"
"VBL","VARUN BEVERAGES","Nichtzyklische Konsumgüter","Aktien","18.338.182,77","0,04","18.338.182,77","4.234.732,00","4,33","Indien","National Stock Exchange Of India","INR"
"BRITANNIA","BRITANNIA INDUSTRIES LTD","Nichtzyklische Konsumgüter","Aktien","18.257.942,72","0,04","18.257.942,72","351.590,00","51,93","Indien","National Stock Exchange Of India","INR"
"011070","LG INNOTEK LTD","IT","Aktien","18.217.726,63","0,04","18.217.726,63","49.646,00","366,95","Korea","Korea Exchange (Stock Market)","KRW"
"4938","PEGATRON","IT","Aktien","18.200.504,98","0,04","18.200.504,98","6.419.000,00","2,84","Taiwan","Taiwan Stock Exchange","TWD"
"BHEL","BHARAT HEAVY ELECTRICALS LTD","Industrie","Aktien","18.191.602,02","0,04","18.191.602,02","4.066.302,00","4,47","Indien","National Stock Exchange Of India","INR"
"BZ","KANZHUN AMERICAN DEPOSITORY SHARES","Industrie","Aktien","18.153.890,72","0,04","18.153.890,72","1.223.308,00","14,84","China","NASDAQ","USD"
"RICHTER","GEDEON RICHTER","Gesundheitsversorgung","Aktien","18.139.427,40","0,04","18.139.427,40","448.385,00","40,46","Ungarn","Budapest Stock Exchange","HUF"
"KOFUBL","COCA-COLA FEMSA CLASS UBL UNITS","Nichtzyklische Konsumgüter","Aktien","18.025.952,80","0,04","18.025.952,80","1.605.991,00","11,22","Mexiko","Bolsa Mexicana De Valores","MXN"
"AC*","ARCA CONTINENTAL","Nichtzyklische Konsumgüter","Aktien","18.003.555,96","0,04","18.003.555,96","1.544.194,00","11,66","Mexiko","Bolsa Mexicana De Valores","MXN"
"2280","ALMARAI","Nichtzyklische Konsumgüter","Aktien","18.000.960,06","0,04","18.000.960,06","1.480.311,00","12,16","Saudi-Arabien","Saudi Stock Exchange","SAR"
"HDFCLIFE","HDFC LIFE INSURANCE COMPANY LTD","Finanzwesen","Aktien","17.901.467,63","0,04","17.901.467,63","3.083.343,00","5,81","Indien","National Stock Exchange Of India","INR"
"601288","AGRICULTURAL BANK OF CHINA LTD A","Finanzwesen","Aktien","17.871.147,36","0,04","17.871.147,36","17.391.298,00","1,03","China","Shanghai Stock Exchange","CNY"
"PIDILITIND","PIDILITE INDUSTRIES LTD","Materialien","Aktien","17.804.629,92","0,04","17.804.629,92","1.100.955,00","16,17","Indien","National Stock Exchange Of India","INR"
"AUBANK","AU SMALL FINANCE BANK","Finanzwesen","Aktien","17.801.254,98","0,04","17.801.254,98","1.643.229,00","10,83","Indien","National Stock Exchange Of India","INR"
"INDUSINDBK","INDUSIND BANK","Finanzwesen","Aktien","17.769.100,51","0,04","17.769.100,51","1.779.089,00","9,99","Indien","National Stock Exchange Of India","INR"
"300502","EOPTOLINK TECHNOLOGY INC A","IT","Aktien","17.746.462,03","0,04","17.746.462,03","280.412,00","63,29","China","Shenzhen Stock Exchange","CNY"
"3529","EMEMORY TECHNOLOGY INC","IT","Aktien","17.594.918,84","0,04","17.594.918,84","207.000,00","85,00","Taiwan","Gretai Securities Market","TWD"
"PFC","POWER FINANCE CORPORATION LTD","Finanzwesen","Aktien","17.583.369,39","0,04","17.583.369,39","4.890.287,00","3,60","Indien","National Stock Exchange Of India","INR"
"GAMUDA","GAMUDA","Industrie","Aktien","17.584.602,10","0,04","17.584.602,10","15.206.600,00","1,16","Malaysia","Bursa Malaysia","MYR"
"FUNO11","FIBRA UNO ADMINISTRACION REIT","Immobilien","Aktien","17.472.598,73","0,04","17.472.598,73","10.086.332,00","1,73","Mexiko","Bolsa Mexicana De Valores","MXN"
"TATACONSUM","TATA CONSUMER PRODUCTS LTD","Nichtzyklische Konsumgüter","Aktien","17.365.754,80","0,04","17.365.754,80","1.643.511,00","10,57","Indien","National Stock Exchange Of India","INR"
"BHARATFORG","BHARAT FORGE","Zyklische Konsumgüter ","Aktien","17.167.072,64","0,04","17.167.072,64","858.376,00","20,00","Indien","National Stock Exchange Of India","INR"
"2404","UNITED INTEGRATED SERVICES","Industrie","Aktien","17.135.168,20","0,04","17.135.168,20","530.400,00","32,31","Taiwan","Taiwan Stock Exchange","TWD"
"1101","TAIWAN CEMENT","Materialien","Aktien","17.136.580,72","0,04","17.136.580,72","22.345.891,00","0,77","Taiwan","Taiwan Stock Exchange","TWD"
"148","KINGBOARD HOLDINGS","IT","Aktien","17.076.274,75","0,04","17.076.274,75","2.451.500,00","6,97","China","Hong Kong Exchanges And Clearing Ltd","HKD"
"ASHOKLEY","ASHOK LEYLAND","Industrie","Aktien","17.064.362,33","0,04","17.064.362,33","10.320.970,00","1,65","Indien","National Stock Exchange Of India","INR"
"NRP","NEPI ROCKCASTLE","Immobilien","Aktien","17.047.955,42","0,04","17.047.955,42","1.913.132,00","8,91","Südafrika","Johannesburg Stock Exchange","ZAR"
"015760","KOREA ELECTRIC POWER","Versorger","Aktien","17.045.770,64","0,04","17.045.770,64","759.719,00","22,44","Korea","Korea Exchange (Stock Market)","KRW"
"6618","JD HEALTH INTERNATIONAL INC","Nichtzyklische Konsumgüter","Aktien","17.002.254,75","0,04","17.002.254,75","3.844.200,00","4,42","China","Hong Kong Exchanges And Clearing Ltd","HKD"
"AUROPHARMA","AUROBINDO PHARMA","Gesundheitsversorgung","Aktien","16.913.475,96","0,04","16.913.475,96","960.140,00","17,62","Indien","National Stock Exchange Of India","INR"
"6515","WINWAY TECHNOLOGY","IT","Aktien","16.892.025,41","0,04","16.892.025,41","88.000,00","191,95","Taiwan","Taiwan Stock Exchange","TWD"
"1590","AIRTAC INTERNATIONAL GROUP","Industrie","Aktien","16.801.222,77","0,04","16.801.222,77","430.253,00","39,05","Taiwan","Taiwan Stock Exchange","TWD"
"3692","HANSOH PHARMACEUTICAL GROUP","Gesundheitsversorgung","Aktien","16.789.971,51","0,04","16.789.971,51","3.836.000,00","4,38","China","Hong Kong Exchanges And Clearing Ltd","HKD"
"788","CHINA TOWER CORP LTD H","Kommunikation","Aktien","16.635.772,12","0,04","16.635.772,12","14.429.900,00","1,15","China","Hong Kong Exchanges And Clearing Ltd","HKD"
"UGPA3","ULTRAPAR PARTICIPOES SA","Zyklische Konsumgüter ","Aktien","16.628.845,69","0,04","16.628.845,69","2.205.653,00","7,54","Brasilien","XBSP","BRL"
"2382","SUNNY OPTICAL TECHNOLOGY LTD","IT","Aktien","16.601.301,36","0,04","16.601.301,36","1.929.600,00","8,60","China","Hong Kong Exchanges And Clearing Ltd","HKD"
"1171","YANKUANG ENERGY GROUP COMPANY H","Energie","Aktien","16.572.500,05","0,04","16.572.500,05","10.528.100,00","1,57","China","Hong Kong Exchanges And Clearing Ltd","HKD"
"DLF","DLF LTD","Immobilien","Aktien","16.514.871,87","0,04","16.514.871,87","2.475.618,00","6,67","Indien","National Stock Exchange Of India","INR"
"2356","INVENTEC","IT","Aktien","16.494.518,94","0,04","16.494.518,94","8.551.000,00","1,93","Taiwan","Taiwan Stock Exchange","TWD"
"FORTIS","FORTIS HEALTHCARE LTD","Gesundheitsversorgung","Aktien","16.468.829,47","0,04","16.468.829,47","1.783.070,00","9,24","Indien","National Stock Exchange Of India","INR"
"BSE","BSE LTD","Finanzwesen","Aktien","16.459.601,79","0,04","16.459.601,79","484.533,00","33,97","Indien","National Stock Exchange Of India","INR"
"BBSE3","BB SEGURIDADE SA","Finanzwesen","Aktien","16.437.926,52","0,04","16.437.926,52","2.097.778,00","7,84","Brasilien","XBSP","BRL"
"2513","Z AI CO LTD H","IT","Aktien","16.383.346,19","0,04","16.383.346,19","173.700,00","94,32","China","Hong Kong Exchanges And Clearing Ltd","HKD"
"1080","ARAB NATIONAL BANK","Finanzwesen","Aktien","16.361.377,28","0,04","16.361.377,28","2.701.605,00","6,06","Saudi-Arabien","Saudi Stock Exchange","SAR"
"INDUSTOWER","INDUS TOWERS LTD","Kommunikation","Aktien","16.295.115,81","0,04","16.295.115,81","4.099.417,00","3,97","Indien","National Stock Exchange Of India","INR"
"LUPIN","LUPIN","Gesundheitsversorgung","Aktien","16.249.370,35","0,04","16.249.370,35","743.017,00","21,87","Indien","National Stock Exchange Of India","INR"
"GFINBURO","GRUPO FINANCIERO INBURSA SRIES O","Finanzwesen","Aktien","16.245.496,82","0,04","16.245.496,82","6.598.490,00","2,46","Mexiko","Bolsa Mexicana De Valores","MXN"
"4013","DR SULAIMAN AL HABIB MEDICAL GRP","Gesundheitsversorgung","Aktien","16.210.062,56","0,04","16.210.062,56","267.075,00","60,69","Saudi-Arabien","Saudi Stock Exchange","SAR"
"BPCL","BHARAT PETROLEUM","Energie","Aktien","16.157.356,80","0,03","16.157.356,80","5.049.174,00","3,20","Indien","National Stock Exchange Of India","INR"
"DMART","AVENUE SUPERMARTS LTD","Nichtzyklische Konsumgüter","Aktien","16.130.988,29","0,03","16.130.988,29","416.999,00","38,68","Indien","National Stock Exchange Of India","INR"
"688041","HYGON INFORMATION TECHNOLOGY LTD A","IT","Aktien","16.116.093,64","0,03","16.116.093,64","465.769,00","34,60","China","Shanghai Stock Exchange","CNY"
"RDOR3","REDE DOR SAO LUIZ SA","Gesundheitsversorgung","Aktien","16.109.569,46","0,03","16.109.569,46","2.237.486,00","7,20","Brasilien","XBSP","BRL"
"DIXON","DIXON TECHNOLOGIES (INDIA) LTD","Zyklische Konsumgüter ","Aktien","16.098.718,12","0,03","16.098.718,12","116.213,00","138,53","Indien","National Stock Exchange Of India","INR"
"3036","WT MICROELECTRONICS","IT","Aktien","16.095.489,63","0,03","16.095.489,63","2.515.512,00","6,40","Taiwan","Taiwan Stock Exchange","TWD"
"006800","MIRAE ASSET SECURITIES CO LTD","Finanzwesen","Aktien","15.883.359,46","0,03","15.883.359,46","690.102,00","23,02","Korea","Korea Exchange (Stock Market)","KRW"
"DNP","DINO POLSKA","Nichtzyklische Konsumgüter","Aktien","15.871.415,77","0,03","15.871.415,77","1.665.423,00","9,53","Polen","Warsaw Stock Exchange/Equities/Main Market","PLN"
"RADL3","RAIA DROGASIL","Nichtzyklische Konsumgüter","Aktien","15.838.951,91","0,03","15.838.951,91","4.015.844,00","3,94","Brasilien","XBSP","BRL"
"ZAR","ZAR CASH","Cash und/oder Derivate","Geldmarkt","15.695.769,99","0,03","15.695.769,99","255.330.938,00","6,15","Südafrika","-","ZAR"
"3293","INTERNATIONAL GAMES SYSTEM LTD","Kommunikation","Aktien","15.690.425,78","0,03","15.690.425,78","690.000,00","22,74","Taiwan","Gretai Securities Market","TWD"
"NAUKRI","INFO EDGE INDIA LTD","Kommunikation","Aktien","15.639.863,35","0,03","15.639.863,35","1.186.126,00","13,19","Indien","National Stock Exchange Of India","INR"
"HDFCAMC","HDFC ASSET MANAGEMENT COMPANY LTD","Finanzwesen","Aktien","15.563.062,82","0,03","15.563.062,82","625.322,00","24,89","Indien","National Stock Exchange Of India","INR"
"MIL","BANK MILLENNIUM SA","Finanzwesen","Aktien","15.542.905,38","0,03","15.542.905,38","2.622.727,00","5,93","Polen","Warsaw Stock Exchange/Equities/Main Market","PLN"
"601398","INDUSTRIAL AND COMMERCIAL BANK OF","Finanzwesen","Aktien","15.538.694,25","0,03","15.538.694,25","12.799.379,00","1,21","China","Shanghai Stock Exchange","CNY"
"KTB.R","KRUNG THAI BANK PUBLIC NON-VOTING","Finanzwesen","Aktien","15.499.445,61","0,03","15.499.445,61","11.493.700,00","1,35","Thailand","Stock Exchange Of Thailand","THB"
"2324","COMPAL ELECTRONICS","IT","Aktien","15.471.454,16","0,03","15.471.454,16","13.189.001,00","1,17","Taiwan","Taiwan Stock Exchange","TWD"
"003670","POSCO FUTURE M LTD","Industrie","Aktien","15.461.779,61","0,03","15.461.779,61","117.249,00","131,87","Korea","Korea Exchange (Stock Market)","KRW"
"MARICO","MARICO","Nichtzyklische Konsumgüter","Aktien","15.446.394,67","0,03","15.446.394,67","1.813.817,00","8,52","Indien","National Stock Exchange Of India","INR"
"MOH","MOTOR OIL (HELLAS) CORINTH REFINER","Energie","Aktien","15.448.171,85","0,03","15.448.171,85","192.274,00","80,34","Griechenland","Athens Exchange S.A. Cash Market","EUR"
"SOLARINDS","SOLAR INDUSTRIES INDIA LTD","Materialien","Aktien","15.436.585,95","0,03","15.436.585,95","78.711,00","196,12","Indien","National Stock Exchange Of India","INR"
"005387","HYUNDAI MOTOR S2 PREF","Zyklische Konsumgüter ","Aktien","15.414.798,97","0,03","15.414.798,97","123.109,00","125,21","Korea","Korea Exchange (Stock Market)","KRW"
"2207","HOTAI MOTOR LTD","Zyklische Konsumgüter ","Aktien","15.395.086,33","0,03","15.395.086,33","922.620,00","16,69","Taiwan","Taiwan Stock Exchange","TWD"
"JINDALSTEL","JINDAL STEEL LTD","Materialien","Aktien","15.390.193,94","0,03","15.390.193,94","1.308.487,00","11,76","Indien","National Stock Exchange Of India","INR"
"010950","S-OIL","Energie","Aktien","15.370.255,71","0,03","15.370.255,71","139.529,00","110,16","Korea","Korea Exchange (Stock Market)","KRW"
"ISA","INTERCONEXION ELECTRICA SA","Versorger","Aktien","15.339.614,97","0,03","15.339.614,97","1.692.777,00","9,06","Kolumbien","Bolsa De Valores De Colombia","COP"
"IQCD","INDUSTRIES QATAR","Industrie","Aktien","15.334.532,83","0,03","15.334.532,83","5.384.092,00","2,85","Qatar","Qatar Exchange","QAR"
"2912","PRESIDENT CHAIN STORE CORP","Nichtzyklische Konsumgüter","Aktien","15.294.754,18","0,03","15.294.754,18","2.242.000,00","6,82","Taiwan","Taiwan Stock Exchange","TWD"
"AKBNK.E","AKBANK A","Finanzwesen","Aktien","15.296.139,72","0,03","15.296.139,72","10.405.811,00","1,47","Türkei","Istanbul Stock Exchange","TRY"
"836","CHINA RESOURCES POWER LTD","Versorger","Aktien","15.291.922,37","0,03","15.291.922,37","6.385.049,00","2,39","China","Hong Kong Exchanges And Clearing Ltd","HKD"
"1208","MMG LTD","Materialien","Aktien","15.250.605,37","0,03","15.250.605,37","13.961.600,00","1,09","China","Hong Kong Exchanges And Clearing Ltd","HKD"
"300","MIDEA GROUP CLASS H","Zyklische Konsumgüter ","Aktien","15.243.545,15","0,03","15.243.545,15","1.205.600,00","12,64","China","Hong Kong Exchanges And Clearing Ltd","HKD"
"TME","TENCENT MUSIC ENTERTAINMENT GROUP","Kommunikation","Aktien","15.144.561,39","0,03","15.144.561,39","1.949.107,00","7,77","China","New York Stock Exchange Inc.","USD"
"POLYCAB","POLYCAB INDIA","Industrie","Aktien","15.127.425,93","0,03","15.127.425,93","176.803,00","85,56","Indien","National Stock Exchange Of India","INR"
"POWERINDIA","HITACHI ENERGY INDIA LTD","Industrie","Aktien","15.121.911,87","0,03","15.121.911,87","46.454,00","325,52","Indien","National Stock Exchange Of India","INR"
"ASURB","GRUPO AEROPORTUARIO DEL SURESTE B","Industrie","Aktien","15.094.887,91","0,03","15.094.887,91","615.690,00","24,52","Mexiko","Bolsa Mexicana De Valores","MXN"
"SUZLON","SUZLON ENERGY","Industrie","Aktien","15.080.423,90","0,03","15.080.423,90","34.009.830,00","0,44","Indien","National Stock Exchange Of India","INR"
"NYKAA","FSN E-COMMERCE VENTURES","Zyklische Konsumgüter ","Aktien","15.073.337,68","0,03","15.073.337,68","4.466.713,00","3,37","Indien","National Stock Exchange Of India","INR"
"BBDC3","BANCO BRADESCO","Finanzwesen","Aktien","15.075.113,01","0,03","15.075.113,01","4.849.851,00","3,11","Brasilien","XBSP","BRL"
"002371","NAURA TECHNOLOGY GROUP LTD A","IT","Aktien","15.018.166,27","0,03","15.018.166,27","151.310,00","99,25","China","Shenzhen Stock Exchange","CNY"
"002594","BYD A","Zyklische Konsumgüter ","Aktien","14.933.556,68","0,03","14.933.556,68","1.178.410,00","12,67","China","Shenzhen Stock Exchange","CNY"
"1818","ZHAOJIN MINING INDUSTRY LTD H","Materialien","Aktien","14.920.610,78","0,03","14.920.610,78","5.721.500,00","2,61","China","Hong Kong Exchanges And Clearing Ltd","HKD"
"2834","TAIWAN BUSINESS BANK LTD","Finanzwesen","Aktien","14.921.362,62","0,03","14.921.362,62","25.372.285,00","0,59","Taiwan","Taiwan Stock Exchange","TWD"
"2688","ENN ENERGY HOLDINGS LTD","Versorger","Aktien","14.827.250,26","0,03","14.827.250,26","2.370.200,00","6,26","China","Hong Kong Exchanges And Clearing Ltd","HKD"
"6030","CITIC SECURITIES COMPANY H","Finanzwesen","Aktien","14.775.674,42","0,03","14.775.674,42","4.782.375,00","3,09","China","Hong Kong Exchanges And Clearing Ltd","HKD"
"SUZB3","SUZANO SA","Materialien","Aktien","14.706.394,47","0,03","14.706.394,47","1.600.034,00","9,19","Brasilien","XBSP","BRL"
"1140","BANK ALBILAD","Finanzwesen","Aktien","14.697.197,66","0,03","14.697.197,66","2.230.708,00","6,59","Saudi-Arabien","Saudi Stock Exchange","SAR"
"021240","COWAY LTD","Zyklische Konsumgüter ","Aktien","14.648.445,70","0,03","14.648.445,70","188.270,00","77,81","Korea","Korea Exchange (Stock Market)","KRW"
"3606","FUYAO GLASS INDUSTRY GROUP LTD H","Zyklische Konsumgüter ","Aktien","14.614.651,43","0,03","14.614.651,43","2.077.200,00","7,04","China","Hong Kong Exchanges And Clearing Ltd","HKD"
"ZAIN","MOBILE TEL","Kommunikation","Aktien","14.617.127,56","0,03","14.617.127,56","7.402.171,00","1,97","Kuwait","Kuwait Stock Exchange","KWD"
"FALABELLA","FALABELLA SACI","Zyklische Konsumgüter ","Aktien","14.609.514,21","0,03","14.609.514,21","2.120.361,00","6,89","Chile","Santiago Stock Exchange","CLP"
"3105","WIN SEMICONDUCTORS CORP","IT","Aktien","14.561.002,19","0,03","14.561.002,19","985.650,00","14,77","Taiwan","Gretai Securities Market","TWD"
"CDR","CD PROJEKT RED","Kommunikation","Aktien","14.562.863,63","0,03","14.562.863,63","230.749,00","63,11","Polen","Warsaw Stock Exchange/Equities/Main Market","PLN"
"2611","GUOTAI HAITONG SECURITIES CO LTD H","Finanzwesen","Aktien","14.542.719,45","0,03","14.542.719,45","7.596.344,00","1,91","China","Hong Kong Exchanges And Clearing Ltd","HKD"
"BIMBOA","GRUPO BIMBO A","Nichtzyklische Konsumgüter","Aktien","14.466.621,74","0,03","14.466.621,74","4.507.920,00","3,21","Mexiko","Bolsa Mexicana De Valores","MXN"
"20","SENSETIME GROUP CLASS B INC","IT","Aktien","14.470.013,96","0,03","14.470.013,96","94.213.000,00","0,15","China","Hong Kong Exchanges And Clearing Ltd","HKD"
"534091","MULTI COMMODITY EXCHANGE OF INDIA","Finanzwesen","Aktien","14.424.943,13","0,03","14.424.943,13","423.831,00","34,03","Indien","Bse Ltd","INR"
"YTLPOWR","YTL POWER INTERNATIONAL","Versorger","Aktien","14.415.173,55","0,03","14.415.173,55","10.439.540,00","1,38","Malaysia","Bursa Malaysia","MYR"
"MFSL","MAX FINANCIAL SERVICES LTD","Finanzwesen","Aktien","14.415.564,07","0,03","14.415.564,07","889.957,00","16,20","Indien","National Stock Exchange Of India","INR"
"OUT","OUTSURANCE GROUP","Finanzwesen","Aktien","14.331.416,99","0,03","14.331.416,99","2.725.147,00","5,26","Südafrika","Johannesburg Stock Exchange","ZAR"
"2018","AAC TECHNOLOGIES HOLDINGS","IT","Aktien","14.292.021,69","0,03","14.292.021,69","2.775.500,00","5,15","China","Hong Kong Exchanges And Clearing Ltd","HKD"
"BZFUT","CASH COLLATERAL USD BZFUT","Cash und/oder Derivate","Cash Collateral and Margins","14.245.110,00","0,03","14.245.110,00","14.245.110,00","100,00","Vereinigte Staaten","-","USD"
"RECLTD","REC","Finanzwesen","Aktien","14.244.184,87","0,03","14.244.184,87","4.401.132,00","3,24","Indien","National Stock Exchange Of India","INR"
"BVT","BIDVEST GROUP","Industrie","Aktien","14.230.753,86","0,03","14.230.753,86","1.005.642,00","14,15","Südafrika","Johannesburg Stock Exchange","ZAR"
"358","JIANGXI COPPER LTD H","Materialien","Aktien","14.231.570,36","0,03","14.231.570,36","3.347.000,00","4,25","China","Hong Kong Exchanges And Clearing Ltd","HKD"
"007660","ISUPETASYS LTD","IT","Aktien","14.137.859,81","0,03","14.137.859,81","184.279,00","76,72","Korea","Korea Exchange (Stock Market)","KRW"
"ASII","ASTRA INTERNATIONAL","Industrie","Aktien","14.134.235,06","0,03","14.134.235,06","51.171.700,00","0,28","Indonesien","Indonesia Stock Exchange","IDR"
"UNITDSPR","UNITED SPIRITS","Nichtzyklische Konsumgüter","Aktien","13.977.166,28","0,03","13.977.166,28","964.701,00","14,49","Indien","National Stock Exchange Of India","INR"
"VIVT3","TELEFONICA BRASIL SA","Kommunikation","Aktien","13.964.914,98","0,03","13.964.914,98","2.330.672,00","5,99","Brasilien","XBSP","BRL"
"PLN","PLN CASH","Cash und/oder Derivate","Geldmarkt","13.902.141,39","0,03","13.902.141,39","52.734.993,00","26,36","Polen","-","PLN"
"272210","HANWHA SYSTEMS LTD","Industrie","Aktien","13.834.113,20","0,03","13.834.113,20","246.631,00","56,09","Korea","Korea Exchange (Stock Market)","KRW"
"GAIL","GAIL INDIA LTD","Versorger","Aktien","13.836.071,73","0,03","13.836.071,73","7.717.431,00","1,79","Indien","National Stock Exchange Of India","INR"
"ENEV3","ENEVA","Versorger","Aktien","13.751.285,93","0,03","13.751.285,93","2.573.152,00","5,34","Brasilien","XBSP","BRL"
"016360","SAMSUNG SECURITIES LTD","Finanzwesen","Aktien","13.745.932,76","0,03","13.745.932,76","220.838,00","62,24","Korea","Korea Exchange (Stock Market)","KRW"
"8069","E INK HOLDINGS","IT","Aktien","13.718.278,05","0,03","13.718.278,05","3.006.000,00","4,56","Taiwan","Gretai Securities Market","TWD"
"259960","KRAFTON","Kommunikation","Aktien","13.689.368,51","0,03","13.689.368,51","93.172,00","146,93","Korea","Korea Exchange (Stock Market)","KRW"
"ABB","ABB INDIA LTD","Industrie","Aktien","13.688.850,54","0,03","13.688.850,54","184.177,00","74,32","Indien","National Stock Exchange Of India","INR"
"LENSKART","LENSKART SOLUTIONS LTD","Zyklische Konsumgüter ","Aktien","13.650.461,81","0,03","13.650.461,81","1.926.011,00","7,09","Indien","National Stock Exchange Of India","INR"
"GLENMARK","GLENMARK PHARMACEUTICALS","Gesundheitsversorgung","Aktien","13.651.360,10","0,03","13.651.360,10","542.085,00","25,18","Indien","National Stock Exchange Of India","INR"
"CPN.R","CENTRAL PATTANA NON-VOTING DR PCL","Immobilien","Aktien","13.624.389,42","0,03","13.624.389,42","7.131.700,00","1,91","Thailand","Stock Exchange Of Thailand","THB"
"1816","CGN POWER LTD H","Versorger","Aktien","13.557.891,95","0,03","13.557.891,95","35.635.000,00","0,38","China","Hong Kong Exchanges And Clearing Ltd","HKD"
"ACP","ASSECO POLAND SA","IT","Aktien","13.532.345,08","0,03","13.532.345,08","226.933,00","59,63","Polen","Warsaw Stock Exchange/Equities/Main Market","PLN"
"DEWA","DUBAI ELECTRICITY AND WATER AUTHOR","Versorger","Aktien","13.465.667,91","0,03","13.465.667,91","17.919.340,00","0,75","Ver. Arabische Emirate","Dubai Financial Market","AED"
"AMBANK","AMMB HOLDINGS","Finanzwesen","Aktien","13.456.639,18","0,03","13.456.639,18","8.257.300,00","1,63","Malaysia","Bursa Malaysia","MYR"
"GCARSOA1","GRUPO CARSO SERIES A1","Industrie","Aktien","13.450.218,76","0,03","13.450.218,76","1.779.131,00","7,56","Mexiko","Bolsa Mexicana De Valores","MXN"
"EMBASSY","EMBASSY OFFICE PARKS REIT UNITS","Immobilien","Aktien","13.377.329,60","0,03","13.377.329,60","2.920.374,00","4,58","Indien","National Stock Exchange Of India","INR"
"BAAKOMB","KOMERCNI BANK","Finanzwesen","Aktien","13.328.884,08","0,03","13.328.884,08","262.032,00","50,87","Tschechien","Prague Stock Exchange","CZK"
"3908","CHINA INTERNATIONAL CAPITAL H","Finanzwesen","Aktien","13.330.124,06","0,03","13.330.124,06","5.330.453,00","2,50","China","Hong Kong Exchanges And Clearing Ltd","HKD"
"9698","GDS HOLDINGS CLASS A","IT","Aktien","13.299.949,50","0,03","13.299.949,50","3.450.620,00","3,85","China","Hong Kong Exchanges And Clearing Ltd","HKD"
"036930","JUSUNG ENGINEERING LTD","IT","Aktien","13.278.862,23","0,03","13.278.862,23","89.935,00","147,65","Korea","Korea Exchange (Kosdaq)","KRW"
"DU","EMIRATES INTEGRATED TELECOMMUNICAT","Kommunikation","Aktien","13.232.108,40","0,03","13.232.108,40","4.111.637,00","3,22","Ver. Arabische Emirate","Dubai Financial Market","AED"
"VIPS","VIPSHOP HOLDINGS SPONSORED ADS REP","Zyklische Konsumgüter ","Aktien","13.213.838,10","0,03","13.213.838,10","1.083.990,00","12,19","China","New York Stock Exchange Inc.","USD"
"078930","GS HOLDINGS","Industrie","Aktien","13.197.728,80","0,03","13.197.728,80","159.953,00","82,51","Korea","Korea Exchange (Stock Market)","KRW"
"CPLE3","CIA PARANAENSE DE ENERGIA COPEL","Versorger","Aktien","13.123.053,15","0,03","13.123.053,15","4.200.884,00","3,12","Brasilien","XBSP","BRL"
"ADNOCDRILL","ADNOC DRILLING COMPANY","Energie","Aktien","13.051.012,77","0,03","13.051.012,77","8.380.142,00","1,56","Ver. Arabische Emirate","Abu Dhabi Securities Exchange","AED"
"ALR","ALIOR BANK SA","Finanzwesen","Aktien","13.020.684,69","0,03","13.020.684,69","372.063,00","35,00","Polen","Warsaw Stock Exchange/Equities/Main Market","PLN"
"966","CHINA TAIPING INSURANCE HLDGS LTD","Finanzwesen","Aktien","12.917.689,59","0,03","12.917.689,59","4.905.502,00","2,63","China","Hong Kong Exchanges And Clearing Ltd","HKD"
"APLAPOLLO","APL APOLLO TUBES LTD","Materialien","Aktien","12.920.785,07","0,03","12.920.785,07","576.955,00","22,39","Indien","National Stock Exchange Of India","INR"
"PPH","PEPKOR HOLDINGS SHS LTD","Zyklische Konsumgüter ","Aktien","12.913.053,39","0,03","12.913.053,39","11.670.172,00","1,11","Südafrika","Johannesburg Stock Exchange","ZAR"
"APN","ASPEN PHARMACARE","Gesundheitsversorgung","Aktien","12.913.154,66","0,03","12.913.154,66","1.348.384,00","9,58","Südafrika","Johannesburg Stock Exchange","ZAR"
"6257","SIGURD MICROELECTRONICS CORP","IT","Aktien","12.906.598,13","0,03","12.906.598,13","1.849.414,00","6,98","Taiwan","Taiwan Stock Exchange","TWD"
"TRUE.R","TRUE CORPORATION NON-VOTING DR","Kommunikation","Aktien","12.868.311,73","0,03","12.868.311,73","33.812.249,00","0,38","Thailand","Stock Exchange Of Thailand","THB"
"WIPRO","WIPRO","IT","Aktien","12.848.124,93","0,03","12.848.124,93","7.407.554,00","1,73","Indien","National Stock Exchange Of India","INR"
"MUTHOOTFIN","MUTHOOT FINANCE LTD","Finanzwesen","Aktien","12.841.080,73","0,03","12.841.080,73","444.712,00","28,88","Indien","National Stock Exchange Of India","INR"
"HLBANK","HONG LEONG BANK","Finanzwesen","Aktien","12.837.468,55","0,03","12.837.468,55","2.277.956,00","5,64","Malaysia","Bursa Malaysia","MYR"
"601318","PING AN INSURANCE (GROUP) OF CHINA","Finanzwesen","Aktien","12.816.301,12","0,03","12.816.301,12","1.610.746,00","7,96","China","Shanghai Stock Exchange","CNY"
"3533","LOTES","IT","Aktien","12.789.945,11","0,03","12.789.945,11","262.235,00","48,77","Taiwan","Taiwan Stock Exchange","TWD"
"CMIG4","CIA ENERGETICA DE MINAS GERAIS PRE","Versorger","Aktien","12.784.943,45","0,03","12.784.943,45","5.845.088,00","2,19","Brasilien","XBSP","BRL"
"SCB.R","SCB X PUBLIC COMPANY LIMITED NON-V","Finanzwesen","Aktien","12.774.138,45","0,03","12.774.138,45","2.823.000,00","4,53","Thailand","Stock Exchange Of Thailand","THB"
"003490","KOREAN AIR LINES LTD","Industrie","Aktien","12.770.279,88","0,03","12.770.279,88","600.138,00","21,28","Korea","Korea Exchange (Stock Market)","KRW"
"BFT","BENEFIT SYSTEMS","Industrie","Aktien","12.753.721,03","0,03","12.753.721,03","9.514,00","1.340,52","Polen","Warsaw Stock Exchange/Equities/Main Market","PLN"
"CBQK","COMMERCIAL BANK OF QATAR","Finanzwesen","Aktien","12.741.576,44","0,03","12.741.576,44","11.125.199,00","1,15","Qatar","Qatar Exchange","QAR"
"6415","SILERGY","IT","Aktien","12.646.153,85","0,03","12.646.153,85","981.000,00","12,89","Taiwan","Taiwan Stock Exchange","TWD"
"2377","MICRO-STAR INTERNATIONAL","IT","Aktien","12.621.030,35","0,03","12.621.030,35","2.630.000,00","4,80","Taiwan","Taiwan Stock Exchange","TWD"
"2600","ALUMINUM CORPORATION OF CHINA LTD","Materialien","Aktien","12.618.916,21","0,03","12.618.916,21","12.360.000,00","1,02","China","Hong Kong Exchanges And Clearing Ltd","HKD"
"ABCAPITAL","ADITYA BIRLA CAPITAL LTD","Finanzwesen","Aktien","12.575.002,48","0,03","12.575.002,48","3.093.370,00","4,07","Indien","National Stock Exchange Of India","INR"
"2331","LI NING LTD","Zyklische Konsumgüter ","Aktien","12.557.311,38","0,03","12.557.311,38","7.831.500,00","1,60","China","Hong Kong Exchanges And Clearing Ltd","HKD"
"135","KUNLUN ENERGY LTD","Versorger","Aktien","12.486.286,03","0,03","12.486.286,03","12.814.000,00","0,97","China","Hong Kong Exchanges And Clearing Ltd","HKD"
"IHH","IHH HEALTHCARE","Gesundheitsversorgung","Aktien","12.470.219,57","0,03","12.470.219,57","6.647.000,00","1,88","Malaysia","Bursa Malaysia","MYR"
"247540","ECOPRO BM LTD","Industrie","Aktien","12.461.215,79","0,03","12.461.215,79","167.644,00","74,33","Korea","Korea Exchange (Kosdaq)","KRW"
"6139","L & K ENGINEERING LTD","Industrie","Aktien","12.461.243,38","0,03","12.461.243,38","570.827,00","21,83","Taiwan","Taiwan Stock Exchange","TWD"
"2313","SHENZHOU INTERNATIONAL GROUP","Zyklische Konsumgüter ","Aktien","12.453.107,39","0,03","12.453.107,39","2.796.300,00","4,45","China","Hong Kong Exchanges And Clearing Ltd","HKD"
"BOSCHLTD","BOSCH LTD","Zyklische Konsumgüter ","Aktien","12.366.941,24","0,03","12.366.941,24","24.855,00","497,56","Indien","National Stock Exchange Of India","INR"
"270","GUANGDONG INVESTMENT LTD","Versorger","Aktien","12.344.552,71","0,03","12.344.552,71","10.956.000,00","1,13","China","Hong Kong Exchanges And Clearing Ltd","HKD"
"VEDL","VEDANTA LTD","Materialien","Aktien","12.335.960,11","0,03","12.335.960,11","4.596.936,00","2,68","Indien","National Stock Exchange Of India","INR"
"BELA","JUMBO","Zyklische Konsumgüter ","Aktien","12.306.897,90","0,03","12.306.897,90","425.524,00","28,92","Griechenland","Athens Exchange S.A. Cash Market","EUR"
"9660","HORIZON ROBOTICS","IT","Aktien","12.309.065,02","0,03","12.309.065,02","23.383.200,00","0,53","China","Hong Kong Exchanges And Clearing Ltd","HKD"
"SIGMAFA","ALFA A","Nichtzyklische Konsumgüter","Aktien","12.288.668,60","0,03","12.288.668,60","11.719.380,00","1,05","Mexiko","Bolsa Mexicana De Valores","MXN"
"BDO","BDO UNIBANK","Finanzwesen","Aktien","12.278.304,82","0,03","12.278.304,82","6.733.212,00","1,82","Philippinen","Philippine Stock Exchange Inc.","PHP"
"603259","WUXI APPTEC A","Gesundheitsversorgung","Aktien","12.253.656,83","0,03","12.253.656,83","511.937,00","23,94","China","Shanghai Stock Exchange","CNY"
"PHOENIXLTD","PHOENIX MILLS","Immobilien","Aktien","12.232.747,46","0,03","12.232.747,46","626.845,00","19,51","Indien","National Stock Exchange Of India","INR"
"KBANK.R","KASIKORNBANK PUBLIC NON-VOTING DR","Finanzwesen","Aktien","12.155.675,76","0,03","12.155.675,76","1.603.300,00","7,58","Thailand","Stock Exchange Of Thailand","THB"
"YESBANK","YES BANK","Finanzwesen","Aktien","12.088.139,54","0,03","12.088.139,54","50.138.603,00","0,24","Indien","National Stock Exchange Of India","INR"
"RADICO","RADICO KHAITAN","Nichtzyklische Konsumgüter","Aktien","12.073.848,08","0,03","12.073.848,08","264.460,00","45,65","Indien","National Stock Exchange Of India","INR"
"003230","SAM YANG FOODS INC","Nichtzyklische Konsumgüter","Aktien","12.025.621,54","0,03","12.025.621,54","12.900,00","932,22","Korea","Korea Exchange (Stock Market)","KRW"
"BOUBYAN","BOUBYAN BANK","Finanzwesen","Aktien","12.017.235,15","0,03","12.017.235,15","5.640.967,00","2,13","Kuwait","Kuwait Stock Exchange","KWD"
"1530","3SBIO INC","Gesundheitsversorgung","Aktien","12.014.049,82","0,03","12.014.049,82","5.898.500,00","2,04","China","Hong Kong Exchanges And Clearing Ltd","HKD"
"7203","AL-ELM INFORMATION SECURITY COMPAN","IT","Aktien","12.002.505,79","0,03","12.002.505,79","72.898,00","164,65","Saudi-Arabien","Saudi Stock Exchange","SAR"
"006260","LS","Industrie","Aktien","12.004.661,09","0,03","12.004.661,09","54.560,00","220,03","Korea","Korea Exchange (Stock Market)","KRW"
"291","CHINA RESOURCES BEER HOLDINGS LTD","Nichtzyklische Konsumgüter","Aktien","11.992.672,45","0,03","11.992.672,45","5.178.333,00","2,32","China","Hong Kong Exchanges And Clearing Ltd","HKD"
"900948","INNER MONGOLIA YITAI COAL LTD B","Energie","Aktien","11.970.807,70","0,03","11.970.807,70","3.527.050,00","3,39","China","Shanghai Stock Exchange","USD"
"6147","CHIPBOND TECHNOLOGY CORP","IT","Aktien","11.893.515,25","0,03","11.893.515,25","1.810.000,00","6,57","Taiwan","Gretai Securities Market","TWD"
"039030","EO TECHNICS LTD","IT","Aktien","11.878.750,05","0,03","11.878.750,05","35.486,00","334,74","Korea","Korea Exchange (Kosdaq)","KRW"
"GODREJCP","GODREJ CONSUMER PRODUCTS LTD","Nichtzyklische Konsumgüter","Aktien","11.863.208,94","0,03","11.863.208,94","1.303.696,00","9,10","Indien","National Stock Exchange Of India","INR"
"IDEA","VODAFONE IDEA LTD","Kommunikation","Aktien","11.858.717,25","0,03","11.858.717,25","80.006.729,00","0,15","Indien","National Stock Exchange Of India","INR"
"PETGAS","PETRONAS GAS","Versorger","Aktien","11.855.010,49","0,03","11.855.010,49","2.831.800,00","4,19","Malaysia","Bursa Malaysia","MYR"
"OMAB","GRUPO AEROPORTUARIO DEL CENTRO NOR","Industrie","Aktien","11.850.563,98","0,03","11.850.563,98","974.889,00","12,16","Mexiko","Bolsa Mexicana De Valores","MXN"
"024110","INDUSTRIAL BANK OF KOREA","Finanzwesen","Aktien","11.850.763,87","0,03","11.850.763,87","812.586,00","14,58","Korea","Korea Exchange (Stock Market)","KRW"
"SRF","SRF LTD","Materialien","Aktien","11.846.368,06","0,03","11.846.368,06","448.151,00","26,43","Indien","National Stock Exchange Of India","INR"
"SONACOMS","SONA BLW PRECISION FORGINGS LTD","Zyklische Konsumgüter ","Aktien","11.842.469,86","0,03","11.842.469,86","1.460.518,00","8,11","Indien","National Stock Exchange Of India","INR"
"RNI","REINET INVESTMENTS S.C.A.","Finanzwesen","Aktien","11.712.980,15","0,03","11.712.980,15","449.877,00","26,04","Südafrika","Johannesburg Stock Exchange","ZAR"
"KIMBERA","KIMBERLY-CLARK DE MEXICO CLASS A","Nichtzyklische Konsumgüter","Aktien","11.692.063,93","0,03","11.692.063,93","5.140.201,00","2,27","Mexiko","Bolsa Mexicana De Valores","MXN"
"6990","SICHUAN KELUN-BIOTECH BIOPHARM LTD","Gesundheitsversorgung","Aktien","11.650.193,42","0,03","11.650.193,42","198.100,00","58,81","China","Hong Kong Exchanges And Clearing Ltd","HKD"
"PGE","PGE POLSKA GRUPA ENERGETYCZNA SA","Versorger","Aktien","11.652.080,71","0,03","11.652.080,71","3.101.743,00","3,76","Polen","Warsaw Stock Exchange/Equities/Main Market","PLN"
"KCHOL.E","KOC HOLDING A","Industrie","Aktien","11.641.464,16","0,03","11.641.464,16","2.590.971,00","4,49","Türkei","Istanbul Stock Exchange","TRY"
"2609","YANG MING MARINE TRANSPORT","Industrie","Aktien","11.625.154,11","0,03","11.625.154,11","5.978.048,00","1,94","Taiwan","Taiwan Stock Exchange","TWD"
"IOC","INDIAN OIL CORP","Energie","Aktien","11.612.863,42","0,03","11.612.863,42","8.297.528,00","1,40","Indien","National Stock Exchange Of India","INR"
"PINFRA*","PROMOTORA Y OPERADORA DE INFRAESTR","Industrie","Aktien","11.573.223,13","0,03","11.573.223,13","768.739,00","15,05","Mexiko","Bolsa Mexicana De Valores","MXN"
"002475","LUXSHARE PRECISION INDUSTRY LTD A","IT","Aktien","11.537.197,00","0,02","11.537.197,00","1.483.923,00","7,77","China","Shenzhen Stock Exchange","CNY"
"BH.R","BUMRUNGRAD HOSPITAL NON-VOTING DR","Gesundheitsversorgung","Aktien","11.499.071,02","0,02","11.499.071,02","1.938.000,00","5,93","Thailand","Stock Exchange Of Thailand","THB"
"APARINDS","APAR INDUSTRIES LTD","Industrie","Aktien","11.436.800,40","0,02","11.436.800,40","61.638,00","185,55","Indien","National Stock Exchange Of India","INR"
"6213","ITEQ CORP","IT","Aktien","11.379.791,11","0,02","11.379.791,11","732.962,00","15,53","Taiwan","Taiwan Stock Exchange","TWD"
"2618","EVA AIRWAYS","Industrie","Aktien","11.374.154,06","0,02","11.374.154,06","8.623.935,00","1,32","Taiwan","Taiwan Stock Exchange","TWD"
"TAL","TAL EDUCATION GROUP ADR REPTG","Zyklische Konsumgüter ","Aktien","11.353.013,10","0,02","11.353.013,10","970.343,00","11,70","China","New York Stock Exchange Inc.","USD"
"PTTGC.R","PTT GLOBAL CHEMICAL NON-VOTING DR","Materialien","Aktien","11.256.953,10","0,02","11.256.953,10","7.627.300,00","1,48","Thailand","Stock Exchange Of Thailand","THB"
"THYAO.E","TURK HAVA YOLLARI AO A","Industrie","Aktien","11.253.169,34","0,02","11.253.169,34","1.893.674,00","5,94","Türkei","Istanbul Stock Exchange","TRY"
"600183","SHENGYI TECHNOLOGY LTD A","IT","Aktien","11.248.992,53","0,02","11.248.992,53","516.500,00","21,78","China","Shanghai Stock Exchange","CNY"
"000100","YUHAN","Gesundheitsversorgung","Aktien","11.226.772,34","0,02","11.226.772,34","200.148,00","56,09","Korea","Korea Exchange (Stock Market)","KRW"
"RAIL3","RUMO SA","Industrie","Aktien","11.228.229,64","0,02","11.228.229,64","3.875.806,00","2,90","Brasilien","XBSP","BRL"
"5110","SAUDI ENERGY","Versorger","Aktien","11.219.618,36","0,02","11.219.618,36","2.612.926,00","4,29","Saudi-Arabien","Saudi Stock Exchange","SAR"
"IOICORP","IOI CORPORATION","Nichtzyklische Konsumgüter","Aktien","11.191.753,60","0,02","11.191.753,60","9.439.300,00","1,19","Malaysia","Bursa Malaysia","MYR"
"SBID","STATE BANK OF INDIA REG S INDIA GD","Finanzwesen","Aktien","11.152.711,20","0,02","11.152.711,20","106.419,00","104,80","Indien","London Stock Exchange","USD"
"GRT","GROWTHPOINT PROP LTD SHS","Immobilien","Aktien","11.138.362,56","0,02","11.138.362,56","11.310.444,00","0,98","Südafrika","Johannesburg Stock Exchange","ZAR"
"TOTS3","TOTVS","IT","Aktien","11.109.460,35","0,02","11.109.460,35","1.653.450,00","6,72","Brasilien","XBSP","BRL"
"HINDPETRO","HINDUSTAN PETROLEUM CORP LTD","Energie","Aktien","11.095.693,78","0,02","11.095.693,78","3.036.204,00","3,65","Indien","National Stock Exchange Of India","INR"
"9626","BILIBILI INC","Kommunikation","Aktien","11.096.202,53","0,02","11.096.202,53","759.659,00","14,61","China","Hong Kong Exchanges And Clearing Ltd","HKD"
"1605","WALSIN LIHWA","Industrie","Aktien","11.050.368,15","0,02","11.050.368,15","9.483.536,00","1,17","Taiwan","Taiwan Stock Exchange","TWD"
"LTM","LTM LTD","IT","Aktien","11.025.781,05","0,02","11.025.781,05","247.998,00","44,46","Indien","National Stock Exchange Of India","INR"
"601166","INDUSTRIAL BANK A","Finanzwesen","Aktien","11.028.746,07","0,02","11.028.746,07","4.166.070,00","2,65","China","Shanghai Stock Exchange","CNY"
"2347","SYNNEX TECHNOLOGY INTERNATIONAL CO","IT","Aktien","11.023.525,44","0,02","11.023.525,44","3.926.900,00","2,81","Taiwan","Taiwan Stock Exchange","TWD"
"SUNDARMFIN","SUNDARAM FINANCE LTD","Finanzwesen","Aktien","11.009.335,56","0,02","11.009.335,56","226.518,00","48,60","Indien","National Stock Exchange Of India","INR"
"3264","ARDENTEC CORP","IT","Aktien","11.002.220,09","0,02","11.002.220,09","1.434.676,00","7,67","Taiwan","Gretai Securities Market","TWD"
"1209","CHINA RESOURCES MIXC LIFESTYLE SER","Immobilien","Aktien","10.975.580,10","0,02","10.975.580,10","2.314.800,00","4,74","China","Hong Kong Exchanges And Clearing Ltd","HKD"
"SIEMENS","SIEMENS LTD","Industrie","Aktien","10.929.066,70","0,02","10.929.066,70","278.599,00","39,23","Indien","National Stock Exchange Of India","INR"
"QGTS","QATAR GAS TRANSPORT COMPANY LTD","Energie","Aktien","10.907.443,87","0,02","10.907.443,87","9.674.544,00","1,13","Qatar","Qatar Exchange","QAR"
"000333","MIDEA GROUP A","Zyklische Konsumgüter ","Aktien","10.876.761,84","0,02","10.876.761,84","857.581,00","12,68","China","Shenzhen Stock Exchange","CNY"
"FMTY14","FIBRA MTY SAPI REIT","Immobilien","Aktien","10.853.720,86","0,02","10.853.720,86","13.237.996,00","0,82","Mexiko","Bolsa Mexicana De Valores","MXN"
"EMAARDEV","EMAAR DEVELOPMENT","Immobilien","Aktien","10.846.967,07","0,02","10.846.967,07","2.986.453,00","3,63","Ver. Arabische Emirate","Dubai Financial Market","AED"
"8210","BUPA ARABIA","Finanzwesen","Aktien","10.837.455,72","0,02","10.837.455,72","250.992,00","43,18","Saudi-Arabien","Saudi Stock Exchange","SAR"
"1519","FORTUNE ELECTRIC","Industrie","Aktien","10.827.933,19","0,02","10.827.933,19","489.676,00","22,11","Taiwan","Taiwan Stock Exchange","TWD"
"3808","SINOTRUK (HONG KONG) LTD","Industrie","Aktien","10.815.268,33","0,02","10.815.268,33","2.236.500,00","4,84","China","Hong Kong Exchanges And Clearing Ltd","HKD"
"ADNOCDIST","ABU DHABI NATIONAL OIL COMPANY FOR","Zyklische Konsumgüter ","Aktien","10.782.134,05","0,02","10.782.134,05","9.730.015,00","1,11","Ver. Arabische Emirate","Abu Dhabi Securities Exchange","AED"
"090430","AMOREPACIFIC","Nichtzyklische Konsumgüter","Aktien","10.756.865,27","0,02","10.756.865,27","103.859,00","103,57","Korea","Korea Exchange (Stock Market)","KRW"
"6805","FOSITEK","IT","Aktien","10.750.725,32","0,02","10.750.725,32","164.000,00","65,55","Taiwan","Taiwan Stock Exchange","TWD"
"6881","CHINA GALAXY SECURITIES LTD H","Finanzwesen","Aktien","10.727.151,99","0,02","10.727.151,99","11.162.000,00","0,96","China","Hong Kong Exchanges And Clearing Ltd","HKD"
"OMU","OLD MUTUAL LIMITED","Finanzwesen","Aktien","10.727.706,72","0,02","10.727.706,72","12.483.045,00","0,86","Südafrika","Johannesburg Stock Exchange","ZAR"
"BAJAJHLDNG","BAJAJ HOLDINGS AND INVESTMENT LTD","Finanzwesen","Aktien","10.685.050,79","0,02","10.685.050,79","93.106,00","114,76","Indien","National Stock Exchange Of India","INR"
"5483","SINO-AMERICAN SILICON PRODUCTS","IT","Aktien","10.674.821,61","0,02","10.674.821,61","1.870.000,00","5,71","Taiwan","Gretai Securities Market","TWD"
"2268","WUXI XDC CAYMAN INC","Gesundheitsversorgung","Aktien","10.672.060,31","0,02","10.672.060,31","1.094.500,00","9,75","China","Hong Kong Exchanges And Clearing Ltd","HKD"
"MARK","MASRAF AL RAYAN","Finanzwesen","Aktien","10.611.173,42","0,02","10.611.173,42","19.721.941,00","0,54","Qatar","Qatar Exchange","QAR"
"INR","INR CASH","Cash und/oder Derivate","Geldmarkt","10.556.765,41","0,02","10.556.765,41","1.012.789.682,00","1,04","Indien","-","INR"
"161390","HANKOOK TIRE & TECHNOLOGY LTD","Zyklische Konsumgüter ","Aktien","10.555.874,14","0,02","10.555.874,14","247.615,00","42,63","Korea","Korea Exchange (Stock Market)","KRW"
"1138","COSCO SHIPPING ENERGY TRANSPORTATI","Energie","Aktien","10.552.685,88","0,02","10.552.685,88","4.292.000,00","2,46","China","Hong Kong Exchanges And Clearing Ltd","HKD"
"AIRARABIA","AIR ARABIA","Industrie","Aktien","10.461.202,03","0,02","10.461.202,03","7.777.819,00","1,35","Ver. Arabische Emirate","Dubai Financial Market","AED"
"267270","HD CONSTRUCTION EQUIPMENT LTD","Industrie","Aktien","10.425.911,92","0,02","10.425.911,92","101.372,00","102,85","Korea","Korea Exchange (Stock Market)","KRW"
"SDG","SD GUTHRIE","Nichtzyklische Konsumgüter","Aktien","10.416.901,68","0,02","10.416.901,68","6.777.600,00","1,54","Malaysia","Bursa Malaysia","MYR"
"MTM","MOMENTUM GROUP","Finanzwesen","Aktien","10.388.866,60","0,02","10.388.866,60","4.424.107,00","2,35","Südafrika","Johannesburg Stock Exchange","ZAR"
"2049","HIWIN TECHNOLOGIES CORP","Industrie","Aktien","10.333.466,20","0,02","10.333.466,20","980.526,00","10,54","Taiwan","Taiwan Stock Exchange","TWD"
"8358","CO-TECH DEVELOPMENT CORP","IT","Aktien","10.325.664,55","0,02","10.325.664,55","688.000,00","15,01","Taiwan","Gretai Securities Market","TWD"
"MONET","MONETA MONEY BNK","Finanzwesen","Aktien","10.258.812,12","0,02","10.258.812,12","1.098.113,00","9,34","Tschechien","Prague Stock Exchange","CZK"
"LODHA","LODHA DEVELOPERS LTD","Immobilien","Aktien","10.261.040,51","0,02","10.261.040,51","892.411,00","11,50","Indien","National Stock Exchange Of India","INR"
"BBNI","BANK NEGARA INDONESIA","Finanzwesen","Aktien","10.257.192,45","0,02","10.257.192,45","48.653.100,00","0,21","Indonesien","Indonesia Stock Exchange","IDR"
"TPE","TAURON POLSKA ENERGIA","Versorger","Aktien","10.222.536,71","0,02","10.222.536,71","4.210.331,00","2,43","Polen","Warsaw Stock Exchange/Equities/Main Market","PLN"
"GROWW","BILLIONBRAINS GARAGE VENTURES LTD","Finanzwesen","Aktien","10.168.005,78","0,02","10.168.005,78","5.204.295,00","1,95","Indien","National Stock Exchange Of India","INR"
"3260","ADATA TECHNOLOGY LTD","IT","Aktien","10.162.498,55","0,02","10.162.498,55","820.268,00","12,39","Taiwan","Gretai Securities Market","TWD"
"ZYDUSLIFE","ZYDUS LIFESCIENCES LTD","Gesundheitsversorgung","Aktien","10.153.221,77","0,02","10.153.221,77","858.140,00","11,83","Indien","National Stock Exchange Of India","INR"
"JBS","JBS N V NV CLASS A","Nichtzyklische Konsumgüter","Aktien","10.145.800,62","0,02","10.145.800,62","841.277,00","12,06","Brasilien","New York Stock Exchange Inc.","USD"
"TIINDIA","TUBE INVESTMENTS OF INDIA LTD","Zyklische Konsumgüter ","Aktien","10.126.536,56","0,02","10.126.536,56","373.832,00","27,09","Indien","National Stock Exchange Of India","INR"
"ADANIENSOL","ADANI ENERGY SOLUTIONS LTD","Versorger","Aktien","10.127.026,14","0,02","10.127.026,14","700.578,00","14,46","Indien","National Stock Exchange Of India","INR"
"KEI","KEI INDUSTRIES LTD","Industrie","Aktien","10.117.199,22","0,02","10.117.199,22","212.855,00","47,53","Indien","National Stock Exchange Of India","INR"
"222800","SIMMTECH","IT","Aktien","10.098.353,85","0,02","10.098.353,85","108.833,00","92,79","Korea","Korea Exchange (Kosdaq)","KRW"
"1988","CHINA MINSHENG BANKING H","Finanzwesen","Aktien","10.068.479,78","0,02","10.068.479,78","22.096.159,00","0,46","China","Hong Kong Exchanges And Clearing Ltd","HKD"
"ICICIGI","ICICI LOMBARD GENERAL INSURANCE CO","Finanzwesen","Aktien","10.060.451,44","0,02","10.060.451,44","649.206,00","15,50","Indien","National Stock Exchange Of India","INR"
"CLS","CLICKS GROUP","Nichtzyklische Konsumgüter","Aktien","10.049.469,99","0,02","10.049.469,99","792.437,00","12,68","Südafrika","Johannesburg Stock Exchange","ZAR"
"2615","WAN HAI LINES","Industrie","Aktien","10.000.583,47","0,02","10.000.583,47","2.646.005,00","3,78","Taiwan","Taiwan Stock Exchange","TWD"
"NATIONALUM","NATIONAL ALUMINIUM CO LTD","Materialien","Aktien","9.964.634,95","0,02","9.964.634,95","2.687.608,00","3,71","Indien","National Stock Exchange Of India","INR"
"IDFCFIRSTB","IDFC FIRST BANK LTD","Finanzwesen","Aktien","9.938.475,17","0,02","9.938.475,17","11.044.509,00","0,90","Indien","National Stock Exchange Of India","INR"
"353200","DAEDUCKELECTRONICS LTD","IT","Aktien","9.914.538,70","0,02","9.914.538,70","136.032,00","72,88","Korea","Korea Exchange (Stock Market)","KRW"
"MANKIND","MANKIND PHARMA LTD","Gesundheitsversorgung","Aktien","9.915.358,44","0,02","9.915.358,44","413.589,00","23,97","Indien","National Stock Exchange Of India","INR"
"NAVINFLUOR","NAVIN FLUORINE INTERNATIONAL LTD","Materialien","Aktien","9.910.096,26","0,02","9.910.096,26","115.663,00","85,68","Indien","National Stock Exchange Of India","INR"
"8010","THE COOPERATIVE INSURANCE","Finanzwesen","Aktien","9.910.491,57","0,02","9.910.491,57","401.172,00","24,70","Saudi-Arabien","Saudi Stock Exchange","SAR"
"3706","MITAC HOLDINGS CORP","IT","Aktien","9.900.453,43","0,02","9.900.453,43","3.921.133,00","2,52","Taiwan","Taiwan Stock Exchange","TWD"
"GEKTERNA","GEK TERNA","Industrie","Aktien","9.891.075,73","0,02","9.891.075,73","200.826,00","49,25","Griechenland","Athens Exchange S.A. Cash Market","EUR"
"PCHEM","PETRONAS CHEMICALS GROUP","Materialien","Aktien","9.859.551,60","0,02","9.859.551,60","8.315.700,00","1,19","Malaysia","Bursa Malaysia","MYR"
"MOTV3","MOTIVA INFRAESTRUTURA DE MOBILIDAD","Industrie","Aktien","9.836.199,16","0,02","9.836.199,16","3.150.669,00","3,12","Brasilien","XBSP","BRL"
"005385","HYUNDAI MOTOR S1 PREF","Zyklische Konsumgüter ","Aktien","9.819.452,39","0,02","9.819.452,39","78.513,00","125,07","Korea","Korea Exchange (Stock Market)","KRW"
"5289","INNODISK CORP","IT","Aktien","9.770.083,27","0,02","9.770.083,27","247.218,00","39,52","Taiwan","Gretai Securities Market","TWD"
"TBS","TIGER BRANDS","Nichtzyklische Konsumgüter","Aktien","9.772.182,28","0,02","9.772.182,28","596.820,00","16,37","Südafrika","Johannesburg Stock Exchange","ZAR"
"3888","KINGSOFT","Kommunikation","Aktien","9.753.088,65","0,02","9.753.088,65","3.183.000,00","3,06","China","Hong Kong Exchanges And Clearing Ltd","HKD"
"IPCALAB","IPCA LABORATORIES LTD","Gesundheitsversorgung","Aktien","9.721.591,13","0,02","9.721.591,13","473.362,00","20,54","Indien","National Stock Exchange Of India","INR"
"322","TINGYI (CAYMAN ISLANDS) HOLDINGS","Nichtzyklische Konsumgüter","Aktien","9.713.517,68","0,02","9.713.517,68","6.442.000,00","1,51","China","Hong Kong Exchanges And Clearing Ltd","HKD"
"2455","VISUAL PHOTONICS EPITAXY","IT","Aktien","9.698.877,06","0,02","9.698.877,06","579.072,00","16,75","Taiwan","Taiwan Stock Exchange","TWD"
"1929","CHOW TAI FOOK JEWELLERY GROUP LTD","Zyklische Konsumgüter ","Aktien","9.694.911,19","0,02","9.694.911,19","6.896.000,00","1,41","China","Hong Kong Exchanges And Clearing Ltd","HKD"
"138930","BNK FINANCIAL GROUP INC","Finanzwesen","Aktien","9.697.419,00","0,02","9.697.419,00","852.318,00","11,38","Korea","Korea Exchange (Stock Market)","KRW"
"ZAB","ZABKA GROUP SOCIETE ANONYME SA","Nichtzyklische Konsumgüter","Aktien","9.677.245,75","0,02","9.677.245,75","1.164.616,00","8,31","Polen","Warsaw Stock Exchange/Equities/Main Market","PLN"
"601211","GUOTAI HAITONG SECURITIES LTD A","Finanzwesen","Aktien","9.670.204,16","0,02","9.670.204,16","3.743.575,00","2,58","China","Shanghai Stock Exchange","CNY"
"2353","ACER","IT","Aktien","9.660.143,97","0,02","9.660.143,97","9.505.850,00","1,02","Taiwan","Taiwan Stock Exchange","TWD"
"ENRIN","SIEMENS ENERGY INDIA LTD","Industrie","Aktien","9.588.423,89","0,02","9.588.423,89","295.870,00","32,41","Indien","National Stock Exchange Of India","INR"
"8996","KAORI HEAT TREATMENT LTD","Industrie","Aktien","9.582.059,12","0,02","9.582.059,12","235.000,00","40,77","Taiwan","Taiwan Stock Exchange","TWD"
"3324","AURAS TECHNOLOGY LTD","IT","Aktien","9.556.966,99","0,02","9.556.966,99","220.000,00","43,44","Taiwan","Gretai Securities Market","TWD"
"ADNOCLS","ADNOC LOGISTICS & SERVICES PLC","Energie","Aktien","9.511.366,41","0,02","9.511.366,41","4.740.003,00","2,01","Ver. Arabische Emirate","Abu Dhabi Securities Exchange","AED"
"VESTA*","CORPORACION INMOBILIARIA VESTA","Immobilien","Aktien","9.494.604,85","0,02","9.494.604,85","2.842.130,00","3,34","Mexiko","Bolsa Mexicana De Valores","MXN"
"011200","HMM LTD","Industrie","Aktien","9.455.145,66","0,02","9.455.145,66","629.576,00","15,02","Korea","Korea Exchange (Stock Market)","KRW"
"300394","SUZHOU TFC OPTICAL COMMUNICATIONIN","IT","Aktien","9.444.862,07","0,02","9.444.862,07","228.085,00","41,41","China","Shenzhen Stock Exchange","CNY"
"UPL","UPL","Materialien","Aktien","9.439.767,67","0,02","9.439.767,67","1.632.497,00","5,78","Indien","National Stock Exchange Of India","INR"
"KLBN11","KLABIN UNITS SA","Materialien","Aktien","9.441.215,23","0,02","9.441.215,23","2.480.327,00","3,81","Brasilien","XBSP","BRL"
"039490","KIWOOM SECURITIES","Finanzwesen","Aktien","9.421.477,94","0,02","9.421.477,94","49.495,00","190,35","Korea","Korea Exchange (Stock Market)","KRW"
"ORDS","OOREDOO","Kommunikation","Aktien","9.416.853,84","0,02","9.416.853,84","2.725.498,00","3,46","Qatar","Qatar Exchange","QAR"
"6531","AP MEMORY TECHNOLOGY","IT","Aktien","9.407.041,48","0,02","9.407.041,48","326.000,00","28,86","Taiwan","Taiwan Stock Exchange","TWD"
"AXIA7","AXIA ENERGIA PRF SA","Versorger","Aktien","9.380.857,40","0,02","9.380.857,40","870.883,00","10,77","Brasilien","XBSP","BRL"
"002384","SUZHOU DONGSHAN PRECISION MANUFACT","IT","Aktien","9.382.957,84","0,02","9.382.957,84","325.080,00","28,86","China","Shenzhen Stock Exchange","CNY"
"144","CHINA MERCHANTS PORT HOLDINGS LTD","Industrie","Aktien","9.368.238,40","0,02","9.368.238,40","4.406.470,00","2,13","China","Hong Kong Exchanges And Clearing Ltd","HKD"
"009830","HANWHA SOLUTIONS CORP","Materialien","Aktien","9.266.418,56","0,02","9.266.418,56","450.808,00","20,56","Korea","Korea Exchange (Stock Market)","KRW"
"3406","GENIUS ELECTRONIC OPTICAL LTD","IT","Aktien","9.262.456,36","0,02","9.262.456,36","306.021,00","30,27","Taiwan","Taiwan Stock Exchange","TWD"
"6886","HUATAI SECURITIES H","Finanzwesen","Aktien","9.257.148,10","0,02","9.257.148,10","4.346.400,00","2,13","China","Hong Kong Exchanges And Clearing Ltd","HKD"
"TIMS3","TIM","Kommunikation","Aktien","9.236.505,24","0,02","9.236.505,24","2.445.232,00","3,78","Brasilien","XBSP","BRL"
"MRF","MRF LTD","Zyklische Konsumgüter ","Aktien","9.238.282,11","0,02","9.238.282,11","7.114,00","1.298,61","Indien","National Stock Exchange Of India","INR"
"DIC","DUBAI INVESTMENT","Industrie","Aktien","9.215.085,61","0,02","9.215.085,61","8.906.744,00","1,03","Ver. Arabische Emirate","Dubai Financial Market","AED"
"9880","UBTECH ROBOTICS CORP LTD H","Industrie","Aktien","9.203.900,25","0,02","9.203.900,25","910.600,00","10,11","China","Hong Kong Exchanges And Clearing Ltd","HKD"
"QNNS","QATAR NAVIGATION","Industrie","Aktien","9.162.994,03","0,02","9.162.994,03","3.280.478,00","2,79","Qatar","Qatar Exchange","QAR"
"MISC","MISC","Industrie","Aktien","9.164.096,12","0,02","9.164.096,12","4.660.500,00","1,97","Malaysia","Bursa Malaysia","MYR"
"1787","SHANDONG GOLD MINING LTD H","Materialien","Aktien","9.149.949,33","0,02","9.149.949,33","3.081.000,00","2,97","China","Hong Kong Exchanges And Clearing Ltd","HKD"
"MRP","MR PRICE GROUP LTD","Zyklische Konsumgüter ","Aktien","9.143.845,65","0,02","9.143.845,65","910.049,00","10,05","Südafrika","Johannesburg Stock Exchange","ZAR"
"COPEC","EMPRESAS COPEC SA","Zyklische Konsumgüter ","Aktien","9.138.548,96","0,02","9.138.548,96","1.361.189,00","6,71","Chile","Santiago Stock Exchange","CLP"
"BPI","BANK OF THE PHILIPPINE ISLANDS","Finanzwesen","Aktien","9.130.582,61","0,02","9.130.582,61","5.728.071,00","1,59","Philippinen","Philippine Stock Exchange Inc.","PHP"
"ATHERENERG","ATHER ENERGY LTD","Zyklische Konsumgüter ","Aktien","9.116.269,97","0,02","9.116.269,97","564.253,00","16,16","Indien","National Stock Exchange Of India","INR"
"GODREJPROP","GODREJ PROPERTIES LTD","Immobilien","Aktien","9.077.507,34","0,02","9.077.507,34","518.933,00","17,49","Indien","National Stock Exchange Of India","INR"
"MTELEKOM","MAGYAR TELEKOM","Kommunikation","Aktien","9.078.045,21","0,02","9.078.045,21","1.106.409,00","8,20","Ungarn","Budapest Stock Exchange","HUF"
"RHBBANK","RHB BANK","Finanzwesen","Aktien","9.071.685,59","0,02","9.071.685,59","4.761.183,00","1,91","Malaysia","Bursa Malaysia","MYR"
"300059","EAST MONEY INFORMATION LTD A","Finanzwesen","Aktien","9.027.360,55","0,02","9.027.360,55","3.345.962,00","2,70","China","Shenzhen Stock Exchange","CNY"
"6285","WISTRON NEWEB","IT","Aktien","8.990.385,84","0,02","8.990.385,84","1.265.501,00","7,10","Taiwan","Taiwan Stock Exchange","TWD"
"180640","HANJIN KAL","Zyklische Konsumgüter ","Aktien","8.975.898,38","0,02","8.975.898,38","88.900,00","100,97","Korea","Korea Exchange (Stock Market)","KRW"
"914","ANHUI CONCH CEMENT H","Materialien","Aktien","8.951.067,15","0,02","8.951.067,15","4.319.000,00","2,07","China","Hong Kong Exchanges And Clearing Ltd","HKD"
"GENTERA*","GENTERA SAB DE CV","Finanzwesen","Aktien","8.918.119,26","0,02","8.918.119,26","4.132.102,00","2,16","Mexiko","Bolsa Mexicana De Valores","MXN"
"SMPH","SM PRIME HOLDINGS","Immobilien","Aktien","8.879.131,59","0,02","8.879.131,59","32.385.600,00","0,27","Philippinen","Philippine Stock Exchange Inc.","PHP"
"1898","CHINA COAL ENERGY LTD H","Energie","Aktien","8.863.050,23","0,02","8.863.050,23","6.517.000,00","1,36","China","Hong Kong Exchanges And Clearing Ltd","HKD"
"ALOS3","ALLOS SA","Immobilien","Aktien","8.864.086,63","0,02","8.864.086,63","1.615.855,00","5,49","Brasilien","XBSP","BRL"
"NMDC","NMDC LTD","Materialien","Aktien","8.850.484,38","0,02","8.850.484,38","10.508.581,00","0,84","Indien","National Stock Exchange Of India","INR"
"ALWN","ALLWYN AG","Zyklische Konsumgüter ","Aktien","8.844.455,05","0,02","8.844.455,05","605.362,00","14,61","Griechenland","Athens Exchange S.A. Cash Market","EUR"
"1099","SINOPHARM GROUP LTD H","Gesundheitsversorgung","Aktien","8.840.624,29","0,02","8.840.624,29","4.614.800,00","1,92","China","Hong Kong Exchanges And Clearing Ltd","HKD"
"PNB","PUNJAB NATIONAL BANK","Finanzwesen","Aktien","8.837.325,37","0,02","8.837.325,37","7.279.393,00","1,21","Indien","National Stock Exchange Of India","INR"
"UNIONBANK","UNION BANK OF INDIA LTD","Finanzwesen","Aktien","8.837.696,87","0,02","8.837.696,87","4.760.888,00","1,86","Indien","National Stock Exchange Of India","INR"
"028300","HLB LTD","Gesundheitsversorgung","Aktien","8.829.998,91","0,02","8.829.998,91","381.249,00","23,16","Korea","Korea Exchange (Kosdaq)","KRW"
"2812","TAICHUNG COMMERCIAL BANK","Finanzwesen","Aktien","8.828.833,64","0,02","8.828.833,64","14.435.143,00","0,61","Taiwan","Taiwan Stock Exchange","TWD"
"OFSS","ORACLE FINANCIAL SERVICES SOFTWARE","IT","Aktien","8.793.470,96","0,02","8.793.470,96","72.601,00","121,12","Indien","National Stock Exchange Of India","INR"
"902","HUANENG POWER INTERNATIONAL INC H","Versorger","Aktien","8.771.647,98","0,02","8.771.647,98","12.202.000,00","0,72","China","Hong Kong Exchanges And Clearing Ltd","HKD"
"1303","ELECTRICAL INDUSTRIES","Industrie","Aktien","8.751.065,89","0,02","8.751.065,89","2.134.635,00","4,10","Saudi-Arabien","Saudi Stock Exchange","SAR"
"HTO","HELLENIC TELECOMMUNICATIONS ORGANI","Kommunikation","Aktien","8.753.116,95","0,02","8.753.116,95","384.883,00","22,74","Griechenland","Athens Exchange S.A. Cash Market","EUR"
"BANKBARODA","BANK OF BARODA LTD","Finanzwesen","Aktien","8.754.311,00","0,02","8.754.311,00","3.615.440,00","2,42","Indien","National Stock Exchange Of India","INR"
"277810","RAINBOW ROBOTICS","Industrie","Aktien","8.747.398,04","0,02","8.747.398,04","28.205,00","310,14","Korea","Korea Exchange (Kosdaq)","KRW"
"WARBABANK","WARBABANK","Finanzwesen","Aktien","8.716.472,18","0,02","8.716.472,18","9.846.740,00","0,89","Kuwait","Kuwait Stock Exchange","KWD"
"240810","WONIK IPS LTD","IT","Aktien","8.706.967,76","0,02","8.706.967,76","101.949,00","85,41","Korea","Korea Exchange (Kosdaq)","KRW"
"1519","J&T GLOBAL EXPRESS","Industrie","Aktien","8.697.006,75","0,02","8.697.006,75","7.543.800,00","1,15","China","Hong Kong Exchanges And Clearing Ltd","HKD"
"PRESTIGE","PRESTIGE ESTATES PROJECTS","Immobilien","Aktien","8.697.641,09","0,02","8.697.641,09","579.425,00","15,01","Indien","National Stock Exchange Of India","INR"
"VOLTAS","VOLTAS LTD","Industrie","Aktien","8.686.111,37","0,02","8.686.111,37","734.206,00","11,83","Indien","National Stock Exchange Of India","INR"
"2492","WALSIN TECHNOLOGY","IT","Aktien","8.659.460,83","0,02","8.659.460,83","929.580,00","9,32","Taiwan","Taiwan Stock Exchange","TWD"
"CPF.R","CHAROEN POKPHAND FOODS NON-VOTING","Nichtzyklische Konsumgüter","Aktien","8.662.633,50","0,02","8.662.633,50","12.678.600,00","0,68","Thailand","Stock Exchange Of Thailand","THB"
"000990","DB HITEK LTD","IT","Aktien","8.655.392,47","0,02","8.655.392,47","96.054,00","90,11","Korea","Korea Exchange (Stock Market)","KRW"
"BBAJIOO","BANCO DEL BAJIO INSTITUCION DE BAN","Finanzwesen","Aktien","8.629.270,75","0,02","8.629.270,75","2.596.214,00","3,32","Mexiko","Bolsa Mexicana De Valores","MXN"
"REDINGTON","REDINGTON LTD","IT","Aktien","8.620.995,10","0,02","8.620.995,10","2.067.175,00","4,17","Indien","National Stock Exchange Of India","INR"
"BDX","BUDIMEX SA","Industrie","Aktien","8.615.055,44","0,02","8.615.055,44","45.629,00","188,81","Polen","Warsaw Stock Exchange/Equities/Main Market","PLN"
"4300","DAR AL ARKAN REAL ESTATE DEVELOPME","Immobilien","Aktien","8.603.399,41","0,02","8.603.399,41","1.699.194,00","5,06","Saudi-Arabien","Saudi Stock Exchange","SAR"
"ENELCHILE","ENEL CHILE SA","Versorger","Aktien","8.604.880,84","0,02","8.604.880,84","101.083.339,00","0,09","Chile","Santiago Stock Exchange","CLP"
"2474","CATCHER TECHNOLOGY","IT","Aktien","8.599.623,62","0,02","8.599.623,62","1.315.000,00","6,54","Taiwan","Taiwan Stock Exchange","TWD"
"PARAUCO","PARQUE ARAUCO SA","Immobilien","Aktien","8.602.730,15","0,02","8.602.730,15","2.112.632,00","4,07","Chile","Santiago Stock Exchange","CLP"
"INDIANB","INDIAN BANK","Finanzwesen","Aktien","8.575.399,74","0,02","8.575.399,74","978.825,00","8,76","Indien","National Stock Exchange Of India","INR"
"6187","ALL RING TECH","IT","Aktien","8.577.119,11","0,02","8.577.119,11","226.000,00","37,95","Taiwan","Gretai Securities Market","TWD"
"136","CHINA RUYI HOLDINGS","Kommunikation","Aktien","8.566.726,28","0,02","8.566.726,28","45.413.200,00","0,19","China","Hong Kong Exchanges And Clearing Ltd","HKD"
"MALLPLAZA","PLAZA SA","Immobilien","Aktien","8.569.571,50","0,02","8.569.571,50","2.104.489,00","4,07","Chile","Santiago Stock Exchange","CLP"
"323410","KAKAOBANK","Finanzwesen","Aktien","8.558.337,21","0,02","8.558.337,21","571.238,00","14,98","Korea","Korea Exchange (Stock Market)","KRW"
"2027","TA CHEN STAINLESS PIPE LTD","Materialien","Aktien","8.550.068,58","0,02","8.550.068,58","5.787.634,00","1,48","Taiwan","Taiwan Stock Exchange","TWD"
"3006","ELITE SEMICONDUCTOR MICROELECTRONI","IT","Aktien","8.534.289,97","0,02","8.534.289,97","977.000,00","8,74","Taiwan","Taiwan Stock Exchange","TWD"
"600150","CHINA CSSC HOLDINGS LTD A","Industrie","Aktien","8.530.909,36","0,02","8.530.909,36","1.468.166,00","5,81","China","Shanghai Stock Exchange","CNY"
"GBK","GULF BANK","Finanzwesen","Aktien","8.525.678,40","0,02","8.525.678,40","7.555.515,00","1,13","Kuwait","Kuwait Stock Exchange","KWD"
"KTY","GRUPA KETY","Materialien","Aktien","8.513.005,56","0,02","8.513.005,56","25.568,00","332,96","Polen","Warsaw Stock Exchange/Equities/Main Market","PLN"
"QIIK","QATAR INTERNATIONAL ISLAMIC BANK","Finanzwesen","Aktien","8.496.467,62","0,02","8.496.467,62","2.910.220,00","2,92","Qatar","Qatar Exchange","QAR"
"1766","CRRC CORP LTD H","Industrie","Aktien","8.497.090,74","0,02","8.497.090,74","13.136.000,00","0,65","China","Hong Kong Exchanges And Clearing Ltd","HKD"
"OPTIMA","OPTIMA BANK S.A.","Finanzwesen","Aktien","8.483.340,45","0,02","8.483.340,45","555.324,00","15,28","Griechenland","Athens Exchange S.A. Cash Market","EUR"
"MPHASIS","MPHASIS LTD","IT","Aktien","8.449.044,01","0,02","8.449.044,01","349.388,00","24,18","Indien","National Stock Exchange Of India","INR"
"4190","JARIR MARKETING","Zyklische Konsumgüter ","Aktien","8.449.586,69","0,02","8.449.586,69","1.930.710,00","4,38","Saudi-Arabien","Saudi Stock Exchange","SAR"
"2618","JD LOGISTICS INC","Industrie","Aktien","8.387.710,39","0,02","8.387.710,39","6.327.600,00","1,33","China","Hong Kong Exchanges And Clearing Ltd","HKD"
"087010","PEPTRON INC","Gesundheitsversorgung","Aktien","8.382.766,26","0,02","8.382.766,26","78.310,00","107,05","Korea","Korea Exchange (Kosdaq)","KRW"
"6442","EZCONN CORP","IT","Aktien","8.382.968,71","0,02","8.382.968,71","177.000,00","47,36","Taiwan","Taiwan Stock Exchange","TWD"
"268","KINGDEE INT L SOFTWARE GROUP LTD","IT","Aktien","8.365.401,21","0,02","8.365.401,21","9.034.000,00","0,93","China","Hong Kong Exchanges And Clearing Ltd","HKD"
"SWB","SUNWAY BHD","Industrie","Aktien","8.341.024,40","0,02","8.341.024,40","7.580.900,00","1,10","Malaysia","Bursa Malaysia","MYR"
"TORNTPOWER","TORRENT POWER LTD","Versorger","Aktien","8.326.352,18","0,02","8.326.352,18","625.830,00","13,30","Indien","National Stock Exchange Of India","INR"
"688012","ADVANCED MICRO-FABRICATION EQUIPME","IT","Aktien","8.319.724,60","0,02","8.319.724,60","158.824,00","52,38","China","Shanghai Stock Exchange","CNY"
"OPL","ORANGE POLSKA SA","Kommunikation","Aktien","8.313.324,57","0,02","8.313.324,57","2.282.659,00","3,64","Polen","Warsaw Stock Exchange/Equities/Main Market","PLN"
"CENCOSUD","CENCOSUD","Nichtzyklische Konsumgüter","Aktien","8.295.252,01","0,02","8.295.252,01","3.801.329,00","2,18","Chile","Santiago Stock Exchange","CLP"
"3491","UNIVERSAL MICROWAVE TECHNOLOGY INC","IT","Aktien","8.290.755,12","0,02","8.290.755,12","178.000,00","46,58","Taiwan","Gretai Securities Market","TWD"
"1504","TECO ELECTRIC & MACHINERY","Industrie","Aktien","8.274.724,38","0,02","8.274.724,38","3.721.000,00","2,22","Taiwan","Taiwan Stock Exchange","TWD"
"COROMANDEL","COROMANDEL INTERNATIONAL LTD","Materialien","Aktien","8.272.608,81","0,02","8.272.608,81","411.262,00","20,12","Indien","National Stock Exchange Of India","INR"
"6919","CALIWAY BIOPHARMACEUTICALS","Gesundheitsversorgung","Aktien","8.265.948,40","0,02","8.265.948,40","3.179.000,00","2,60","Taiwan","Taiwan Stock Exchange","TWD"
"HAVELLS","HAVELLS INDIA LTD","Industrie","Aktien","8.258.223,32","0,02","8.258.223,32","725.525,00","11,38","Indien","National Stock Exchange Of India","INR"
"168","TSINGTAO BREWERY COMPANY-500 LTD H","Nichtzyklische Konsumgüter","Aktien","8.237.889,79","0,02","8.237.889,79","1.628.000,00","5,06","China","Hong Kong Exchanges And Clearing Ltd","HKD"
"532483","CANARA BANK LTD","Finanzwesen","Aktien","8.225.284,97","0,02","8.225.284,97","6.368.953,00","1,29","Indien","Bse Ltd","INR"
"047040","DAEWOO ENGINEERING & CONSTRUCTION","Industrie","Aktien","8.218.946,52","0,02","8.218.946,52","614.154,00","13,38","Korea","Korea Exchange (Stock Market)","KRW"
"DABUR","DABUR INDIA","Nichtzyklische Konsumgüter","Aktien","8.211.037,86","0,02","8.211.037,86","2.048.489,00","4,01","Indien","National Stock Exchange Of India","INR"
"ISCTR.E","TURKIYE IS BANKASI C","Finanzwesen","Aktien","8.194.072,72","0,02","8.194.072,72","29.831.297,00","0,27","Türkei","Istanbul Stock Exchange","TRY"
"360ONE","360 ONE WAM LTD","Finanzwesen","Aktien","8.185.331,91","0,02","8.185.331,91","739.923,00","11,06","Indien","National Stock Exchange Of India","INR"
"603993","CHINA MOLYBDENUM A","Materialien","Aktien","8.173.503,48","0,02","8.173.503,48","3.158.694,00","2,59","China","Shanghai Stock Exchange","CNY"
"285","BYD ELECTRONIC (INTERNATIONAL) LTD","IT","Aktien","8.176.914,20","0,02","8.176.914,20","2.704.604,00","3,02","China","Hong Kong Exchanges And Clearing Ltd","HKD"
"OIL","OIL INDIA LTD","Energie","Aktien","8.166.549,33","0,02","8.166.549,33","1.641.136,00","4,98","Indien","National Stock Exchange Of India","INR"
"601088","CHINA SHENHUA ENERGY LTD A","Energie","Aktien","8.166.650,37","0,02","8.166.650,37","1.178.085,00","6,93","China","Shanghai Stock Exchange","CNY"
"ASAI3","SENDAS DISTRIBUIDORA","Nichtzyklische Konsumgüter","Aktien","8.167.483,27","0,02","8.167.483,27","4.125.379,00","1,98","Brasilien","XBSP","BRL"
"5434","TOPCO SCIENTIFIC LTD","IT","Aktien","8.141.428,37","0,02","8.141.428,37","489.753,00","16,62","Taiwan","Taiwan Stock Exchange","TWD"
"MABANEE","MABANEE COMPANY","Immobilien","Aktien","8.143.631,65","0,02","8.143.631,65","2.643.680,00","3,08","Kuwait","Kuwait Stock Exchange","KWD"
"3330","LINGBAO GOLD GROUP LTD H","Materialien","Aktien","8.144.808,91","0,02","8.144.808,91","2.667.000,00","3,05","China","Hong Kong Exchanges And Clearing Ltd","HKD"
"2228","XTALPI HOLDINGS LTD","Gesundheitsversorgung","Aktien","8.125.670,91","0,02","8.125.670,91","9.246.000,00","0,88","China","Hong Kong Exchanges And Clearing Ltd","HKD"
"KLK","KUALA LUMPUR KEPONG","Nichtzyklische Konsumgüter","Aktien","8.108.211,76","0,02","8.108.211,76","1.470.600,00","5,51","Malaysia","Bursa Malaysia","MYR"
"058470","LEENO INDUSTRIAL INC","IT","Aktien","8.095.162,74","0,02","8.095.162,74","168.444,00","48,06","Korea","Korea Exchange (Kosdaq)","KRW"
"EXX","EXXARO RESOURCES","Energie","Aktien","8.096.368,46","0,02","8.096.368,46","696.866,00","11,62","Südafrika","Johannesburg Stock Exchange","ZAR"
"002916","SHENNAN CIRCUITS LTD A","IT","Aktien","8.075.419,67","0,02","8.075.419,67","141.122,00","57,22","China","Shenzhen Stock Exchange","CNY"
"KRW","KRW CASH","Cash und/oder Derivate","Geldmarkt","8.068.017,35","0,02","8.068.017,35","11.147.176.165,00","0,07","Korea","-","KRW"
"9688","ZAI LAB LTD","Gesundheitsversorgung","Aktien","8.068.471,57","0,02","8.068.471,57","3.213.320,00","2,51","China","Hong Kong Exchanges And Clearing Ltd","HKD"
"M&MFIN","MAHINDRA AND MAHINDRA FINANCIAL SE","Finanzwesen","Aktien","8.040.530,68","0,02","8.040.530,68","2.231.381,00","3,60","Indien","National Stock Exchange Of India","INR"
"YKBNK.E","YAPI VE KREDI BANKASI A","Finanzwesen","Aktien","8.035.631,89","0,02","8.035.631,89","11.073.963,00","0,73","Türkei","Istanbul Stock Exchange","TRY"
"COLPAL","COLGATE PALMOLIVE INDIA LTD","Nichtzyklische Konsumgüter","Aktien","8.037.989,21","0,02","8.037.989,21","419.032,00","19,18","Indien","National Stock Exchange Of India","INR"
"1030","SAUDI INVESTMENT BANK","Finanzwesen","Aktien","8.025.018,67","0,02","8.025.018,67","2.049.353,00","3,92","Saudi-Arabien","Saudi Stock Exchange","SAR"
"BIOCON","BIOCON","Gesundheitsversorgung","Aktien","8.016.264,13","0,02","8.016.264,13","2.023.843,00","3,96","Indien","National Stock Exchange Of India","INR"
"LTOD","LARSEN AND TOUBRO SPONSORED GDR RE","Industrie","Aktien","8.013.835,00","0,02","8.013.835,00","201.100,00","39,85","Indien","London Stock Exchange","USD"
"TCELL.E","TURKCELL ILETISIM HIZMETLERI A","Kommunikation","Aktien","7.981.105,73","0,02","7.981.105,73","3.918.087,00","2,04","Türkei","Istanbul Stock Exchange","TRY"
"XTB","XTB","Finanzwesen","Aktien","7.965.779,88","0,02","7.965.779,88","205.220,00","38,82","Polen","Warsaw Stock Exchange/Equities/Main Market","PLN"
"352820","HYBE","Kommunikation","Aktien","7.954.529,15","0,02","7.954.529,15","66.367,00","119,86","Korea","Korea Exchange (Stock Market)","KRW"
"1402","FAR EASTERN NEW CENTURY CORP","Industrie","Aktien","7.950.137,58","0,02","7.950.137,58","9.020.294,00","0,88","Taiwan","Taiwan Stock Exchange","TWD"
"GMRAIRPORT","GMR AIRPORTS LTD","Industrie","Aktien","7.938.456,05","0,02","7.938.456,05","8.013.422,00","0,99","Indien","National Stock Exchange Of India","INR"
"600030","CITIC SECURITIES A","Finanzwesen","Aktien","7.907.061,90","0,02","7.907.061,90","2.026.638,00","3,90","China","Shanghai Stock Exchange","CNY"
"600000","SHANGHAI PUDONG DEVELOPMENT BANK A","Finanzwesen","Aktien","7.904.389,90","0,02","7.904.389,90","5.849.772,00","1,35","China","Shanghai Stock Exchange","CNY"
"SALIK","SALIK COMPANY P.J.S.C","Industrie","Aktien","7.886.263,94","0,02","7.886.263,94","5.444.561,00","1,45","Ver. Arabische Emirate","Dubai Financial Market","AED"
"IFS","INTERCORP FINANCIAL SERVICES INC","Finanzwesen","Aktien","7.881.068,10","0,02","7.881.068,10","143.162,00","55,05","Peru","New York Stock Exchange Inc.","USD"
"688498","YUANJIE SEMICONDUCTOR TECHNOLOGY L","IT","Aktien","7.867.143,26","0,02","7.867.143,26","29.557,00","266,17","China","Shanghai Stock Exchange","CNY"
"241560","DOOSAN BOBCAT INC","Industrie","Aktien","7.859.898,67","0,02","7.859.898,67","179.498,00","43,79","Korea","Korea Exchange (Stock Market)","KRW"
"LTF","L&T FINANCE LTD","Finanzwesen","Aktien","7.861.860,76","0,02","7.861.860,76","2.495.029,00","3,15","Indien","National Stock Exchange Of India","INR"
"062040","SANIL ELECTRIC LTD","Industrie","Aktien","7.847.241,34","0,02","7.847.241,34","53.941,00","145,48","Korea","Korea Exchange (Stock Market)","KRW"
"PETRONET","PETRONET LNG","Energie","Aktien","7.842.126,02","0,02","7.842.126,02","2.654.274,00","2,95","Indien","National Stock Exchange Of India","INR"
"9863","ZHEJIANG LEAPMOTOR TECHNOLOGY LTD","Zyklische Konsumgüter ","Aktien","7.837.134,21","0,02","7.837.134,21","1.759.800,00","4,45","China","Hong Kong Exchanges And Clearing Ltd","HKD"
"600276","JIANGSU HENGRUI MEDICINE LTD A","Gesundheitsversorgung","Aktien","7.826.770,54","0,02","7.826.770,54","1.213.937,00","6,45","China","Shanghai Stock Exchange","CNY"
"257","CHINA EVERBRIGHT ENVIRONMENT GROUP","Industrie","Aktien","7.829.266,19","0,02","7.829.266,19","12.421.776,00","0,63","China","Hong Kong Exchanges And Clearing Ltd","HKD"
"JSWENERGY","JSW ENERGY LTD","Versorger","Aktien","7.804.739,88","0,02","7.804.739,88","1.462.436,00","5,34","Indien","National Stock Exchange Of India","INR"
"CSMG3","COMPANHIA DE SANEAMENTO DE MINAS G","Versorger","Aktien","7.783.967,04","0,02","7.783.967,04","715.932,00","10,87","Brasilien","XBSP","BRL"
"PIRAMALFIN","PIRAMAL FINANCE LTD","Finanzwesen","Aktien","7.759.227,00","0,02","7.759.227,00","330.287,00","23,49","Indien","National Stock Exchange Of India","INR"
"TOP.R","THAI OIL NON-VOTING DR","Energie","Aktien","7.747.816,60","0,02","7.747.816,60","4.039.760,00","1,92","Thailand","Stock Exchange Of Thailand","THB"
"SHREECEM","SHREE CEMENT LTD","Materialien","Aktien","7.748.003,02","0,02","7.748.003,02","33.849,00","228,90","Indien","National Stock Exchange Of India","INR"
"2385","CHICONY ELECTRONICS LTD","IT","Aktien","7.706.015,17","0,02","7.706.015,17","2.328.787,00","3,31","Taiwan","Taiwan Stock Exchange","TWD"
"DELHIVERY","DELHIVERY","Industrie","Aktien","7.691.909,99","0,02","7.691.909,99","1.732.463,00","4,44","Indien","National Stock Exchange Of India","INR"
"403870","HPSP LTD","IT","Aktien","7.682.964,50","0,02","7.682.964,50","199.909,00","38,43","Korea","Korea Exchange (Kosdaq)","KRW"
"WAAREEENER","WAAREE ENERGIES LTD","IT","Aktien","7.677.429,31","0,02","7.677.429,31","297.838,00","25,78","Indien","National Stock Exchange Of India","INR"
"GOAU4","METALURGICA GERDAU PREF SA","Materialien","Aktien","7.653.842,55","0,02","7.653.842,55","3.373.611,00","2,27","Brasilien","XBSP","BRL"
"6969","SMOORE INTERNATIONAL HOLDINGS","Nichtzyklische Konsumgüter","Aktien","7.633.876,10","0,02","7.633.876,10","6.124.000,00","1,25","China","Hong Kong Exchanges And Clearing Ltd","HKD"
"175330","JB FINANCIAL GROUP LTD","Finanzwesen","Aktien","7.623.013,43","0,02","7.623.013,43","333.830,00","22,84","Korea","Korea Exchange (Stock Market)","KRW"
"1513","CHUNG-HSIN ELECTRIC & MACHINERY MF","Industrie","Aktien","7.617.972,24","0,02","7.617.972,24","1.472.000,00","5,18","Taiwan","Taiwan Stock Exchange","TWD"
"AMBUJACEM","AMBUJA CEMENTS LTD","Materialien","Aktien","7.607.479,04","0,02","7.607.479,04","1.904.351,00","3,99","Indien","National Stock Exchange Of India","INR"
"EREGL.E","EREGLI DEMIR VE CELIK FABRIKALARI","Materialien","Aktien","7.601.513,18","0,02","7.601.513,18","10.238.012,00","0,74","Türkei","Istanbul Stock Exchange","TRY"
"NHPC","NHPC LTD","Versorger","Aktien","7.572.044,08","0,02","7.572.044,08","9.660.146,00","0,78","Indien","National Stock Exchange Of India","INR"
"4250","JABAL OMAR DEVELOPMENT","Zyklische Konsumgüter ","Aktien","7.559.294,40","0,02","7.559.294,40","1.664.507,00","4,54","Saudi-Arabien","Saudi Stock Exchange","SAR"
"RDF","REDEFINE PROPERTIES","Immobilien","Aktien","7.550.054,79","0,02","7.550.054,79","20.436.026,00","0,37","Südafrika","Johannesburg Stock Exchange","ZAR"
"601328","BANK OF COMMUNICATIONS LTD A","Finanzwesen","Aktien","7.551.725,06","0,02","7.551.725,06","6.679.989,00","1,13","China","Shanghai Stock Exchange","CNY"
"TITC","TITAN SA","Materialien","Aktien","7.540.316,23","0,02","7.540.316,23","132.408,00","56,95","Griechenland","Athens Exchange S.A. Cash Market","EUR"
"UNOMINDA","UNO MINDA LTD","Zyklische Konsumgüter ","Aktien","7.543.303,14","0,02","7.543.303,14","600.569,00","12,56","Indien","National Stock Exchange Of India","INR"
"PNBHOUSING","PNB HOUSING FINANCE LTD","Finanzwesen","Aktien","7.510.206,77","0,02","7.510.206,77","652.932,00","11,50","Indien","National Stock Exchange Of India","INR"
"TTB.R","TMBTHANACHART BANK NON-VOTING DR P","Finanzwesen","Aktien","7.506.920,83","0,02","7.506.920,83","81.333.100,00","0,09","Thailand","Stock Exchange Of Thailand","THB"
"ASTOR.E","ASTOR ENERJI A.S.","Industrie","Aktien","7.487.393,12","0,02","7.487.393,12","1.426.407,00","5,25","Türkei","Istanbul Stock Exchange","TRY"
"036570","NC","Kommunikation","Aktien","7.479.017,84","0,02","7.479.017,84","50.530,00","148,01","Korea","Korea Exchange (Stock Market)","KRW"
"004020","HYUNDAI STEEL","Materialien","Aktien","7.472.531,32","0,02","7.472.531,32","302.769,00","24,68","Korea","Korea Exchange (Stock Market)","KRW"
"1776","GF SECURITIES H","Finanzwesen","Aktien","7.469.096,12","0,02","7.469.096,12","3.465.400,00","2,16","China","Hong Kong Exchanges And Clearing Ltd","HKD"
"ANDINA.B","EMBOTELLADORA ANDINA SERIES B","Nichtzyklische Konsumgüter","Aktien","7.460.590,86","0,02","7.460.590,86","1.458.241,00","5,12","Chile","Santiago Stock Exchange","CLP"
"867","CHINA MEDICAL SYSTEM HOLDINGS","Gesundheitsversorgung","Aktien","7.449.153,35","0,02","7.449.153,35","5.289.000,00","1,41","China","Hong Kong Exchanges And Clearing Ltd","HKD"
"1102","ASIA CEMENT CORP","Materialien","Aktien","7.444.084,37","0,02","7.444.084,37","6.723.400,00","1,11","Taiwan","Taiwan Stock Exchange","TWD"
"108490","ROBOTIS LTD","IT","Aktien","7.431.339,34","0,02","7.431.339,34","33.121,00","224,37","Korea","Korea Exchange (Kosdaq)","KRW"
"2333","GREAT WALL MOTOR COMPANY LTD H","Zyklische Konsumgüter ","Aktien","7.427.749,45","0,02","7.427.749,45","7.806.500,00","0,95","China","Hong Kong Exchanges And Clearing Ltd","HKD"
"BLUESTARCO","BLUE STAR LTD","Industrie","Aktien","7.422.267,57","0,02","7.422.267,57","458.515,00","16,19","Indien","National Stock Exchange Of India","INR"
"139130","DGB FINANCIAL GROUP","Finanzwesen","Aktien","7.402.497,01","0,02","7.402.497,01","559.500,00","13,23","Korea","Korea Exchange (Stock Market)","KRW"
"1258","CHINA NONFERROUS MINING CORPORATIO","Materialien","Aktien","7.378.450,48","0,02","7.378.450,48","3.742.000,00","1,97","China","Hong Kong Exchanges And Clearing Ltd","HKD"
"005940","NH INVESTMENT & SECURITIES","Finanzwesen","Aktien","7.369.373,43","0,02","7.369.373,43","400.862,00","18,38","Korea","Korea Exchange (Stock Market)","KRW"
"JOYY","JOYY ADR","Kommunikation","Aktien","7.372.598,08","0,02","7.372.598,08","93.466,00","78,88","China","NASDAQ","USD"
"JUBLFOOD","JUBILANT FOODWORKS LTD","Zyklische Konsumgüter ","Aktien","7.364.554,92","0,02","7.364.554,92","1.471.339,00","5,01","Indien","National Stock Exchange Of India","INR"
"CDB","CELCOMDIGI","Kommunikation","Aktien","7.353.220,79","0,02","7.353.220,79","11.460.400,00","0,64","Malaysia","Bursa Malaysia","MYR"
"000858","WULIANGYE YIBIN LTD A","Nichtzyklische Konsumgüter","Aktien","7.347.255,99","0,02","7.347.255,99","712.619,00","10,31","China","Shenzhen Stock Exchange","CNY"
"TM","TELEKOM MALAYSIA","Kommunikation","Aktien","7.315.520,86","0,02","7.315.520,86","3.844.400,00","1,90","Malaysia","Bursa Malaysia","MYR"
"AUGO","AURA MINERALS INC","Materialien","Aktien","7.294.268,46","0,02","7.294.268,46","82.226,00","88,71","Brasilien","NASDAQ","USD"
"STNE","STONECO CLASS A","Finanzwesen","Aktien","7.285.297,50","0,02","7.285.297,50","747.210,00","9,75","Brasilien","NASDAQ","USD"
"2542","HIGHWEALTH CONSTRUCTION CORP","Immobilien","Aktien","7.282.988,81","0,02","7.282.988,81","4.956.241,00","1,47","Taiwan","Taiwan Stock Exchange","TWD"
"300408","CHAOZHOU THREE-CIRCLE (GROUP) LTD","IT","Aktien","7.257.431,96","0,02","7.257.431,96","380.135,00","19,09","China","Shenzhen Stock Exchange","CNY"
"UNTR","UNITED TRACTORS","Energie","Aktien","7.255.396,84","0,02","7.255.396,84","5.008.200,00","1,45","Indonesien","Indonesia Stock Exchange","IDR"
"128940","HANMI PHARM LTD","Gesundheitsversorgung","Aktien","7.241.273,12","0,02","7.241.273,12","19.427,00","372,74","Korea","Korea Exchange (Stock Market)","KRW"
"BRMS","BUMI RESOURCES MINERALS","Materialien","Aktien","7.242.455,50","0,02","7.242.455,50","174.804.300,00","0,04","Indonesien","Indonesia Stock Exchange","IDR"
"SUPREMEIND","SUPREME INDUSTRIES LTD","Industrie","Aktien","7.229.551,35","0,02","7.229.551,35","207.387,00","34,86","Indien","National Stock Exchange Of India","INR"
"BIRET","BROOKFIELD INDIA REAL ESTATE TRUST","Immobilien","Aktien","7.208.365,08","0,02","7.208.365,08","2.042.026,00","3,53","Indien","National Stock Exchange Of India","INR"
"MAXIS","MAXIS","Kommunikation","Aktien","7.208.657,72","0,02","7.208.657,72","8.394.400,00","0,86","Malaysia","Bursa Malaysia","MYR"
"VKE","VUKILE PROPERTY REIT","Immobilien","Aktien","7.184.055,13","0,02","7.184.055,13","4.941.506,00","1,45","Südafrika","Johannesburg Stock Exchange","ZAR"
"KRU","KRUK SA","Finanzwesen","Aktien","7.162.990,75","0,02","7.162.990,75","70.174,00","102,07","Polen","Warsaw Stock Exchange/Equities/Main Market","PLN"
"AED","AED CASH","Cash und/oder Derivate","Geldmarkt","7.101.210,35","0,02","7.101.210,35","26.081.680,00","27,23","Ver. Arabische Emirate","-","AED"
"002714","MUYUAN FOODS GROUP LTD A","Nichtzyklische Konsumgüter","Aktien","7.096.860,05","0,02","7.096.860,05","1.152.724,00","6,16","China","Shenzhen Stock Exchange","CNY"
"601857","PETROCHINA A","Energie","Aktien","7.052.440,26","0,02","7.052.440,26","4.452.600,00","1,58","China","Shanghai Stock Exchange","CNY"
"082740","HANWHA ENGINE LTD","Industrie","Aktien","7.048.560,78","0,02","7.048.560,78","183.748,00","38,36","Korea","Korea Exchange (Stock Market)","KRW"
"KALYANKJIL","KALYAN JEWELLERS INDIA","Zyklische Konsumgüter ","Aktien","7.043.231,50","0,02","7.043.231,50","1.162.112,00","6,06","Indien","National Stock Exchange Of India","INR"
"LREN3","LOJAS RENNER","Zyklische Konsumgüter ","Aktien","7.024.653,45","0,02","7.024.653,45","3.251.929,00","2,16","Brasilien","XBSP","BRL"
"066970","L&F LTD","Industrie","Aktien","7.007.634,57","0,02","7.007.634,57","86.991,00","80,56","Korea","Korea Exchange (Stock Market)","KRW"
"600176","CHINA JUSHI LTD A","Materialien","Aktien","7.012.087,51","0,02","7.012.087,51","997.159,00","7,03","China","Shanghai Stock Exchange","CNY"
"763","ZTE CORP H","IT","Aktien","7.003.560,14","0,02","7.003.560,14","2.448.640,00","2,86","China","Hong Kong Exchanges And Clearing Ltd","HKD"
"001450","HYUNDAI MARINE & FIRE INSURANCE","Finanzwesen","Aktien","6.996.200,41","0,02","6.996.200,41","196.071,00","35,68","Korea","Korea Exchange (Stock Market)","KRW"
"010060","OCI HOLDINGS COMPANY LTD","Materialien","Aktien","6.996.935,55","0,02","6.996.935,55","47.858,00","146,20","Korea","Korea Exchange (Stock Market)","KRW"
"EXIDEIND","EXIDE INDUSTRIES LTD","Zyklische Konsumgüter ","Aktien","6.983.210,10","0,02","6.983.210,10","1.600.458,00","4,36","Indien","National Stock Exchange Of India","INR"
"PAGEIND","PAGE INDUSTRIES","Zyklische Konsumgüter ","Aktien","6.975.710,23","0,02","6.975.710,23","19.110,00","365,03","Indien","National Stock Exchange Of India","INR"
"AIAENG","AIA ENGINEERING LTD","Industrie","Aktien","6.978.605,39","0,02","6.978.605,39","168.075,00","41,52","Indien","National Stock Exchange Of India","INR"
"GRUPOARGOS","INVERSIONES ARGOS","Materialien","Aktien","6.969.570,10","0,02","6.969.570,10","1.087.422,00","6,41","Kolumbien","Bolsa De Valores De Colombia","COP"
"5536","ACTER CORP LTD","Industrie","Aktien","6.960.715,13","0,02","6.960.715,13","269.000,00","25,88","Taiwan","Gretai Securities Market","TWD"
"VMM","VISHAL MEGA MART","Zyklische Konsumgüter ","Aktien","6.950.064,40","0,02","6.950.064,40","6.586.051,00","1,06","Indien","National Stock Exchange Of India","INR"
"AC","AYALA CORP","Industrie","Aktien","6.914.743,60","0,01","6.914.743,60","853.930,00","8,10","Philippinen","Philippine Stock Exchange Inc.","PHP"
"KIMS","KRISHNA INSTITUTE OF MEDICAL SCIEN","Gesundheitsversorgung","Aktien","6.879.130,59","0,01","6.879.130,59","833.449,00","8,25","Indien","National Stock Exchange Of India","INR"
"ASTRAL","ASTRAL","Industrie","Aktien","6.862.575,07","0,01","6.862.575,07","470.640,00","14,58","Indien","National Stock Exchange Of India","INR"
"6862","HAIDILAO INTERNATIONAL HOLDING LTD","Zyklische Konsumgüter ","Aktien","6.832.894,66","0,01","6.832.894,66","5.643.000,00","1,21","China","Hong Kong Exchanges And Clearing Ltd","HKD"
"241","ALIBABA HEALTH INFORMATION TECH","Nichtzyklische Konsumgüter","Aktien","6.834.686,74","0,01","6.834.686,74","18.208.000,00","0,38","China","Hong Kong Exchanges And Clearing Ltd","HKD"
"SAILIFE","SAI LIFE SCIENCES","Gesundheitsversorgung","Aktien","6.835.929,24","0,01","6.835.929,24","424.288,00","16,11","Indien","National Stock Exchange Of India","INR"
"PIIND","P.I. INDUSTRIES","Materialien","Aktien","6.830.667,80","0,01","6.830.667,80","284.056,00","24,05","Indien","National Stock Exchange Of India","INR"
"316","ORIENT OVERSEAS (INTERNATIONAL) LT","Industrie","Aktien","6.819.855,59","0,01","6.819.855,59","368.500,00","18,51","China","Hong Kong Exchanges And Clearing Ltd","HKD"
"601939","CHINA CONSTRUCTION BANK CORP A","Finanzwesen","Aktien","6.785.338,22","0,01","6.785.338,22","4.170.091,00","1,63","China","Shanghai Stock Exchange","CNY"
"384","CHINA GAS HOLDINGS LTD","Versorger","Aktien","6.756.968,00","0,01","6.756.968,00","9.835.400,00","0,69","China","Hong Kong Exchanges And Clearing Ltd","HKD"
"MYR","MYR CASH","Cash und/oder Derivate","Geldmarkt","6.751.508,24","0,01","6.751.508,24","27.674.432,00","24,40","Malaysia","-","MYR"
"WELCORP","WELSPUN CORP LTD","Materialien","Aktien","6.743.356,93","0,01","6.743.356,93","262.952,00","25,64","Indien","National Stock Exchange Of India","INR"
"300476","VICTORY GIANT TECHNOLOGY HUIZHOU L","IT","Aktien","6.728.554,80","0,01","6.728.554,80","202.400,00","33,24","China","Shenzhen Stock Exchange","CNY"
"1193","CHINA RESOURCES GAS GROUP LTD","Versorger","Aktien","6.729.295,85","0,01","6.729.295,85","3.239.000,00","2,08","China","Hong Kong Exchanges And Clearing Ltd","HKD"
"1020","BANK ALJAZIRA","Finanzwesen","Aktien","6.730.024,31","0,01","6.730.024,31","2.140.672,00","3,14","Saudi-Arabien","Saudi Stock Exchange","SAR"
"ELPE","HELLENIQ ENERGY HOLDINGS S A","Energie","Aktien","6.696.878,67","0,01","6.696.878,67","319.653,00","20,95","Griechenland","Athens Exchange S.A. Cash Market","EUR"
"MBRF3","MARFRIG GLOBAL FOODS SA","Nichtzyklische Konsumgüter","Aktien","6.689.030,44","0,01","6.689.030,44","2.069.326,00","3,23","Brasilien","XBSP","BRL"
"601225","SHAANXI COAL INDUSTRY LTD A","Energie","Aktien","6.692.606,40","0,01","6.692.606,40","1.765.300,00","3,79","China","Shanghai Stock Exchange","CNY"
"051900","LG H & H LTD","Nichtzyklische Konsumgüter","Aktien","6.673.583,76","0,01","6.673.583,76","31.098,00","214,60","Korea","Korea Exchange (Stock Market)","KRW"
"2290","YANBU NATIONAL PETROCHEMICALS","Materialien","Aktien","6.659.818,16","0,01","6.659.818,16","784.251,00","8,49","Saudi-Arabien","Saudi Stock Exchange","SAR"
"1070","TCL ELECTRONICS HOLDINGS LTD","Zyklische Konsumgüter ","Aktien","6.660.597,10","0,01","6.660.597,10","3.086.634,00","2,16","China","Hong Kong Exchanges And Clearing Ltd","HKD"
"002142","BANK OF NINGBO A","Finanzwesen","Aktien","6.639.835,52","0,01","6.639.835,52","1.287.080,00","5,16","China","Shenzhen Stock Exchange","CNY"
"000001","PING AN BANK LTD A","Finanzwesen","Aktien","6.615.450,72","0,01","6.615.450,72","3.820.551,00","1,73","China","Shenzhen Stock Exchange","CNY"
"425","MINTH GROUP","Zyklische Konsumgüter ","Aktien","6.616.048,38","0,01","6.616.048,38","2.162.800,00","3,06","China","Hong Kong Exchanges And Clearing Ltd","HKD"
"688008","MONTAGE TECHNOLOGY A","IT","Aktien","6.613.886,05","0,01","6.613.886,05","228.200,00","28,98","China","Shanghai Stock Exchange","CNY"
"5269","ASMEDIA TECHNOLOGY","IT","Aktien","6.591.703,91","0,01","6.591.703,91","142.000,00","46,42","Taiwan","Taiwan Stock Exchange","TWD"
"189","DONGYUE GROUP LTD","Materialien","Aktien","6.594.939,48","0,01","6.594.939,48","4.297.474,00","1,53","China","Hong Kong Exchanges And Clearing Ltd","HKD"
"DIALOG","DIALOG GROUP","Energie","Aktien","6.578.466,34","0,01","6.578.466,34","13.349.076,00","0,49","Malaysia","Bursa Malaysia","MYR"
"1560","KINIK","Industrie","Aktien","6.569.591,47","0,01","6.569.591,47","257.000,00","25,56","Taiwan","Taiwan Stock Exchange","TWD"
"600919","BANK OF JIANGSU CORPORATION A","Finanzwesen","Aktien","6.559.885,80","0,01","6.559.885,80","3.653.159,00","1,80","China","Shanghai Stock Exchange","CNY"
"443060","HD HYUNDAI MARINE SOLUTION LTD","Industrie","Aktien","6.554.221,40","0,01","6.554.221,40","37.420,00","175,15","Korea","Korea Exchange (Stock Market)","KRW"
"TATACOMM","TATA COMMUNICATIONS LTD","Kommunikation","Aktien","6.546.886,90","0,01","6.546.886,90","350.576,00","18,67","Indien","National Stock Exchange Of India","INR"
"6510","CHUNGHWA PRECISION TEST TECH LTD","IT","Aktien","6.523.955,15","0,01","6.523.955,15","65.000,00","100,37","Taiwan","Gretai Securities Market","TWD"
"JSL","JINDAL STAINLESS LTD","Materialien","Aktien","6.524.954,55","0,01","6.524.954,55","864.087,00","7,55","Indien","National Stock Exchange Of India","INR"
"MINT.R","MINOR INTERNATIONAL PUBLIC NON-VOT","Zyklische Konsumgüter ","Aktien","6.519.026,78","0,01","6.519.026,78","10.165.417,00","0,64","Thailand","Stock Exchange Of Thailand","THB"
"1717","ETERNAL MATERIALS LTD","Materialien","Aktien","6.521.519,66","0,01","6.521.519,66","2.916.162,00","2,24","Taiwan","Taiwan Stock Exchange","TWD"
"MER","MANILA ELECTRIC","Versorger","Aktien","6.516.975,88","0,01","6.516.975,88","843.670,00","7,72","Philippinen","Philippine Stock Exchange Inc.","PHP"
"ALKEM","ALKEM LABORATORIES LTD","Gesundheitsversorgung","Aktien","6.504.556,50","0,01","6.504.556,50","116.674,00","55,75","Indien","National Stock Exchange Of India","INR"
"KARURVYSYA","KARUR VYSYA BANK LTD","Finanzwesen","Aktien","6.502.980,43","0,01","6.502.980,43","1.881.990,00","3,46","Indien","National Stock Exchange Of India","INR"
"8150","CHIPMOS TECHNOLOGIES INC","IT","Aktien","6.482.954,60","0,01","6.482.954,60","2.384.000,00","2,72","Taiwan","Taiwan Stock Exchange","TWD"
"192820","COSMAX INC","Nichtzyklische Konsumgüter","Aktien","6.476.499,84","0,01","6.476.499,84","32.898,00","196,87","Korea","Korea Exchange (Stock Market)","KRW"
"JKCEMENT","J.K. CEMENT LTD","Materialien","Aktien","6.464.846,45","0,01","6.464.846,45","123.378,00","52,40","Indien","National Stock Exchange Of India","INR"
"000250","SAM CHUN DANG PHARM LTD","Gesundheitsversorgung","Aktien","6.439.295,41","0,01","6.439.295,41","54.415,00","118,34","Korea","Korea Exchange (Kosdaq)","KRW"
"161890","KOLMAR KOREA LTD","Nichtzyklische Konsumgüter","Aktien","6.423.552,56","0,01","6.423.552,56","60.211,00","106,68","Korea","Korea Exchange (Stock Market)","KRW"
"375500","DL E&C LTD","Industrie","Aktien","6.423.858,43","0,01","6.423.858,43","105.661,00","60,80","Korea","Korea Exchange (Stock Market)","KRW"
"095340","ISC TECHNOLOGY LTD","IT","Aktien","6.410.889,88","0,01","6.410.889,88","47.140,00","136,00","Korea","Korea Exchange (Kosdaq)","KRW"
"034220","LG DISPLAY LTD","IT","Aktien","6.378.674,16","0,01","6.378.674,16","1.051.682,00","6,07","Korea","Korea Exchange (Stock Market)","KRW"
"6409","VOLTRONIC POWER TECHNOLOGY CORP","Industrie","Aktien","6.347.216,15","0,01","6.347.216,15","230.747,00","27,51","Taiwan","Taiwan Stock Exchange","TWD"
"ANANDRATHI","ANAND RATHI WEALTH LTD","Finanzwesen","Aktien","6.350.133,28","0,01","6.350.133,28","275.988,00","23,01","Indien","National Stock Exchange Of India","INR"
"011790","SKC","Materialien","Aktien","6.343.345,13","0,01","6.343.345,13","100.971,00","62,82","Korea","Korea Exchange (Stock Market)","KRW"
"INDF","INDOFOOD SUKSES MAKMUR","Nichtzyklische Konsumgüter","Aktien","6.338.348,08","0,01","6.338.348,08","15.671.400,00","0,40","Indonesien","Indonesia Stock Exchange","IDR"
"AEGISLOG","AEGIS LOGISTICS LTD","Energie","Aktien","6.332.573,69","0,01","6.332.573,69","448.760,00","14,11","Indien","National Stock Exchange Of India","INR"
"000725","BOE TECHNOLOGY GROUP LTD A","IT","Aktien","6.329.030,57","0,01","6.329.030,57","7.380.200,00","0,86","China","Shenzhen Stock Exchange","CNY"
"MANAPPURAM","MANAPPURAM FINANCE LTD","Finanzwesen","Aktien","6.323.497,10","0,01","6.323.497,10","1.919.508,00","3,29","Indien","National Stock Exchange Of India","INR"
"QEWS","NEBRAS ENERGY","Versorger","Aktien","6.306.251,72","0,01","6.306.251,72","1.742.114,00","3,62","Qatar","Qatar Exchange","QAR"
"300760","SHENZHEN MINDRAY BIO-MEDICAL ELECT","Gesundheitsversorgung","Aktien","6.286.031,31","0,01","6.286.031,31","268.800,00","23,39","China","Shenzhen Stock Exchange","CNY"
"INARI","INARI AMERTRON","IT","Aktien","6.276.074,16","0,01","6.276.074,16","10.128.200,00","0,62","Malaysia","Bursa Malaysia","MYR"
"LICHSGFIN","LIC HOUSING FINANCE LTD","Finanzwesen","Aktien","6.267.321,78","0,01","6.267.321,78","1.101.431,00","5,69","Indien","National Stock Exchange Of India","INR"
"7750","SYNTEC TECHNOLOGY LTD","Industrie","Aktien","6.257.351,21","0,01","6.257.351,21","105.000,00","59,59","Taiwan","Taiwan Stock Exchange","TWD"
"MOTILALOFS","MOTILAL OSWAL FINANCIAL SERVICES","Finanzwesen","Aktien","6.251.098,58","0,01","6.251.098,58","606.569,00","10,31","Indien","National Stock Exchange Of India","INR"
"319660","PSK INC","IT","Aktien","6.240.079,18","0,01","6.240.079,18","68.317,00","91,34","Korea","Korea Exchange (Kosdaq)","KRW"
"OBEROIRLTY","OBEROI REALTY","Immobilien","Aktien","6.241.698,87","0,01","6.241.698,87","344.007,00","18,14","Indien","National Stock Exchange Of India","INR"
"601601","CHINA PACIFIC INSURANCE (GROUP) A","Finanzwesen","Aktien","6.233.669,22","0,01","6.233.669,22","1.311.065,00","4,75","China","Shanghai Stock Exchange","CNY"
"6005","CAPITAL SECURITIES CORP","Finanzwesen","Aktien","6.218.025,16","0,01","6.218.025,16","6.333.744,00","0,98","Taiwan","Taiwan Stock Exchange","TWD"
"ENGI11","ENERGISA UNITS","Versorger","Aktien","6.210.750,52","0,01","6.210.750,52","614.645,00","10,10","Brasilien","XBSP","BRL"
"SAHOL.E","HACI OMER SABANCI HOLDING A","Finanzwesen","Aktien","6.188.623,23","0,01","6.188.623,23","3.324.831,00","1,86","Türkei","Istanbul Stock Exchange","TRY"
"WHL","WOOLWORTHS HOLDING LTD","Zyklische Konsumgüter ","Aktien","6.177.847,71","0,01","6.177.847,71","2.617.139,00","2,36","Südafrika","Johannesburg Stock Exchange","ZAR"
"GBP","GBP CASH","Cash und/oder Derivate","Geldmarkt","6.173.277,53","0,01","6.173.277,53","4.623.312,00","133,53","Vereinigtes Königreich","-","GBP"
"601872","CHINA MERCHANTS ENERGY SHIPPING LT","Energie","Aktien","6.170.778,90","0,01","6.170.778,90","1.893.596,00","3,26","China","Shanghai Stock Exchange","CNY"
"916","CHINA LONGYUAN POWER GROUP H","Versorger","Aktien","6.164.521,74","0,01","6.164.521,74","9.373.000,00","0,66","China","Hong Kong Exchanges And Clearing Ltd","HKD"
"3800","GCL TECHNOLOGY HOLDINGS","IT","Aktien","6.156.705,95","0,01","6.156.705,95","67.088.000,00","0,09","China","Hong Kong Exchanges And Clearing Ltd","HKD"
"2588","BOC AVIATION LTD","Industrie","Aktien","6.151.339,76","0,01","6.151.339,76","677.351,00","9,08","China","Hong Kong Exchanges And Clearing Ltd","HKD"
"2354","FOXCONN TECHNOLOGY LTD","IT","Aktien","6.135.852,11","0,01","6.135.852,11","2.950.623,00","2,08","Taiwan","Taiwan Stock Exchange","TWD"
"1802","TAIWAN GLASS INDUSTRY CORP","Industrie","Aktien","6.129.620,18","0,01","6.129.620,18","3.340.643,00","1,83","Taiwan","Taiwan Stock Exchange","TWD"
"MBT","METROPOLITAN BANK AND TRUST CO","Finanzwesen","Aktien","6.120.769,68","0,01","6.120.769,68","6.163.507,00","0,99","Philippinen","Philippine Stock Exchange Inc.","PHP"
"AGILITY","AGILITY GLOBAL PLC","Industrie","Aktien","6.114.937,27","0,01","6.114.937,27","14.489.837,00","0,42","Ver. Arabische Emirate","Abu Dhabi Securities Exchange","AED"
"3998","BOSIDENG INTERNATIONAL","Zyklische Konsumgüter ","Aktien","6.108.098,12","0,01","6.108.098,12","11.760.000,00","0,52","China","Hong Kong Exchanges And Clearing Ltd","HKD"
"HYPE3","HYPERMARCAS","Gesundheitsversorgung","Aktien","6.088.379,54","0,01","6.088.379,54","1.330.991,00","4,57","Brasilien","XBSP","BRL"
"CDSL","CENTRAL DEPOSITORY SERVICES (INDIA","Finanzwesen","Aktien","6.051.219,47","0,01","6.051.219,47","430.220,00","14,07","Indien","National Stock Exchange Of India","INR"
"HYP","HYPROP INVS LTD","Immobilien","Aktien","6.051.702,58","0,01","6.051.702,58","1.647.633,00","3,67","Südafrika","Johannesburg Stock Exchange","ZAR"
"ALI","AYALA LAND","Immobilien","Aktien","6.049.083,92","0,01","6.049.083,92","24.966.400,00","0,24","Philippinen","Philippine Stock Exchange Inc.","PHP"
"CEMARGOS","CEMENTOS ARGOS SA","Materialien","Aktien","6.036.776,70","0,01","6.036.776,70","1.623.383,00","3,72","Kolumbien","Bolsa De Valores De Colombia","COP"
"QL","QL RESOURCES","Nichtzyklische Konsumgüter","Aktien","6.034.906,12","0,01","6.034.906,12","6.408.570,00","0,94","Malaysia","Bursa Malaysia","MYR"
"2162","KEYMED BIOSCIENCES","Gesundheitsversorgung","Aktien","6.011.251,46","0,01","6.011.251,46","646.500,00","9,30","China","Hong Kong Exchanges And Clearing Ltd","HKD"
"001440","TAIHAN C&S","Industrie","Aktien","6.005.400,72","0,01","6.005.400,72","293.193,00","20,48","Korea","Korea Exchange (Stock Market)","KRW"
"8112","SUPREME ELECTRONICS","IT","Aktien","6.003.025,32","0,01","6.003.025,32","2.311.491,00","2,60","Taiwan","Taiwan Stock Exchange","TWD"
"SM","SM INVESTMENTS","Industrie","Aktien","5.988.554,71","0,01","5.988.554,71","702.228,00","8,53","Philippinen","Philippine Stock Exchange Inc.","PHP"
"326030","SK BIOPHARMACEUTICALS LTD","Gesundheitsversorgung","Aktien","5.981.859,95","0,01","5.981.859,95","104.354,00","57,32","Korea","Korea Exchange (Stock Market)","KRW"
"OMN","OMNIA HOLDINGS","Materialien","Aktien","5.969.427,89","0,01","5.969.427,89","787.764,00","7,58","Südafrika","Johannesburg Stock Exchange","ZAR"
"300433","LENS TECHNOLOGY A","IT","Aktien","5.969.945,19","0,01","5.969.945,19","1.197.024,00","4,99","China","Shenzhen Stock Exchange","CNY"
"RES","RESILIENT PROP LTD","Immobilien","Aktien","5.970.521,26","0,01","5.970.521,26","1.260.551,00","4,74","Südafrika","Johannesburg Stock Exchange","ZAR"
"VITROX","VITROX CORPORATION","IT","Aktien","5.953.435,96","0,01","5.953.435,96","2.547.300,00","2,34","Malaysia","Bursa Malaysia","MYR"
"2855","PRESIDENT SECURITIES CORP","Finanzwesen","Aktien","5.953.767,58","0,01","5.953.767,58","3.615.638,00","1,65","Taiwan","Taiwan Stock Exchange","TWD"
"2883","CHINA OILFIELD SERVICES LTD H","Energie","Aktien","5.945.817,11","0,01","5.945.817,11","6.138.000,00","0,97","China","Hong Kong Exchanges And Clearing Ltd","HKD"
"6196","MARKETECH INTERNATIONAL","IT","Aktien","5.939.684,78","0,01","5.939.684,78","367.000,00","16,18","Taiwan","Taiwan Stock Exchange","TWD"
"GESHIP","GREAT EASTERN SHIPPING COMPANY","Energie","Aktien","5.943.849,79","0,01","5.943.849,79","400.139,00","14,85","Indien","National Stock Exchange Of India","INR"
"CRAFTSMAN","CRAFTSMAN AUTOMATION LTD","Industrie","Aktien","5.922.253,69","0,01","5.922.253,69","51.949,00","114,00","Indien","National Stock Exchange Of India","INR"
"CONCOR","CONTAINER CORPORATION OF INDIA LTD","Industrie","Aktien","5.925.147,53","0,01","5.925.147,53","1.164.486,00","5,09","Indien","National Stock Exchange Of India","INR"
"006360","GS ENGINEERING & CONSTRUCTION CORP","Industrie","Aktien","5.910.437,09","0,01","5.910.437,09","223.119,00","26,49","Korea","Korea Exchange (Stock Market)","KRW"
"TIMECOM","TIME DOTCOM","Kommunikation","Aktien","5.901.080,26","0,01","5.901.080,26","4.085.900,00","1,44","Malaysia","Bursa Malaysia","MYR"
"TAEE11","TRANSMISSORA ALIANCA ENERGIA ELETR","Versorger","Aktien","5.888.806,59","0,01","5.888.806,59","731.780,00","8,05","Brasilien","XBSP","BRL"
"BALKRISIND","BALKRISHNA INDUSTRIES LTD","Zyklische Konsumgüter ","Aktien","5.883.442,17","0,01","5.883.442,17","260.016,00","22,63","Indien","National Stock Exchange Of India","INR"
"2610","CHINA AIRLINES LTD","Industrie","Aktien","5.867.080,69","0,01","5.867.080,69","9.192.000,00","0,64","Taiwan","Taiwan Stock Exchange","TWD"
"4002","AL MOUWASAT MEDICAL SERVICES","Gesundheitsversorgung","Aktien","5.847.781,14","0,01","5.847.781,14","337.697,00","17,32","Saudi-Arabien","Saudi Stock Exchange","SAR"
"AJANTPHARM","AJANTA PHARMA","Gesundheitsversorgung","Aktien","5.850.774,47","0,01","5.850.774,47","160.351,00","36,49","Indien","National Stock Exchange Of India","INR"
"CAMS","COMPUTER AGE MANAGEMENT SERVICES","Industrie","Aktien","5.824.863,00","0,01","5.824.863,00","781.625,00","7,45","Indien","National Stock Exchange Of India","INR"
"MULT3","MULTIPLAN EMPREENDIMENTOS IMOBILIA","Immobilien","Aktien","5.827.972,86","0,01","5.827.972,86","1.014.691,00","5,74","Brasilien","XBSP","BRL"
"151","WANT WANT CHINA HOLDINGS","Nichtzyklische Konsumgüter","Aktien","5.814.738,10","0,01","5.814.738,10","16.293.000,00","0,36","China","Hong Kong Exchanges And Clearing Ltd","HKD"
"392","BEIJING ENTERPRISES HOLDINGS LTD","Versorger","Aktien","5.810.173,79","0,01","5.810.173,79","1.520.500,00","3,82","China","Hong Kong Exchanges And Clearing Ltd","HKD"
"ITUB3","ITAU UNIBANCO HOLDING SA","Finanzwesen","Aktien","5.813.417,69","0,01","5.813.417,69","640.874,00","9,07","Brasilien","XBSP","BRL"
"AMR","AMERICANA RESTAURANTS INTERNATIONA","Zyklische Konsumgüter ","Aktien","5.802.533,29","0,01","5.802.533,29","8.879.931,00","0,65","Ver. Arabische Emirate","Abu Dhabi Securities Exchange","AED"
"603986","GIGADEVICE SEMICONDUCTOR INC A","IT","Aktien","5.803.613,03","0,01","5.803.613,03","105.205,00","55,16","China","Shanghai Stock Exchange","CNY"
"600028","CHINA PETROLEUM & CHEMICAL A","Energie","Aktien","5.804.327,17","0,01","5.804.327,17","7.571.598,00","0,77","China","Shanghai Stock Exchange","CNY"
"1772","GANFENG LITHIUM LTD H","Materialien","Aktien","5.789.503,23","0,01","5.789.503,23","1.362.400,00","4,25","China","Hong Kong Exchanges And Clearing Ltd","HKD"
"8210","CHENBRO MICOM","IT","Aktien","5.784.897,67","0,01","5.784.897,67","207.000,00","27,95","Taiwan","Taiwan Stock Exchange","TWD"
"RA","REGIONAL SAB DE CV","Finanzwesen","Aktien","5.776.329,04","0,01","5.776.329,04","714.565,00","8,08","Mexiko","Bolsa Mexicana De Valores","MXN"
"1503","SHIHLIN ELECTRIC AND ENGINEERING C","Industrie","Aktien","5.754.802,79","0,01","5.754.802,79","929.000,00","6,19","Taiwan","Taiwan Stock Exchange","TWD"
"ICICIPRULI","ICICI PRUDENTIAL LIFE INSURANCE CO","Finanzwesen","Aktien","5.720.440,43","0,01","5.720.440,43","1.118.868,00","5,11","Indien","National Stock Exchange Of India","INR"
"1476","ECLAT TEXTILE","Zyklische Konsumgüter ","Aktien","5.712.611,12","0,01","5.712.611,12","641.311,00","8,91","Taiwan","Taiwan Stock Exchange","TWD"
"9995","REMEGEN H","Gesundheitsversorgung","Aktien","5.704.613,38","0,01","5.704.613,38","604.000,00","9,44","China","Hong Kong Exchanges And Clearing Ltd","HKD"
"300604","HANGZHOU CHANG CHUAN TECHNOLOGY LT","IT","Aktien","5.697.606,26","0,01","5.697.606,26","143.000,00","39,84","China","Shenzhen Stock Exchange","CNY"
"688072","PIOTECH INC A","IT","Aktien","5.693.594,62","0,01","5.693.594,62","55.008,00","103,50","China","Shanghai Stock Exchange","CNY"
"IGRD","ESTITHMAR HOLDING","Industrie","Aktien","5.673.491,10","0,01","5.673.491,10","4.977.634,00","1,14","Qatar","Qatar Exchange","QAR"
"NEULANDLAB","NEULAND LABORATORIES","Gesundheitsversorgung","Aktien","5.675.375,06","0,01","5.675.375,06","24.023,00","236,25","Indien","National Stock Exchange Of India","INR"
"PAGS","PAGSEGURO DIGITAL LTD CLASS A","Finanzwesen","Aktien","5.663.028,52","0,01","5.663.028,52","592.367,00","9,56","Brasilien","New York Stock Exchange Inc.","USD"
"003690","KOREAN REINSURANCE","Finanzwesen","Aktien","5.665.431,11","0,01","5.665.431,11","515.655,00","10,99","Korea","Korea Exchange (Stock Market)","KRW"
"PPB","PPB GROUP","Nichtzyklische Konsumgüter","Aktien","5.665.532,72","0,01","5.665.532,72","2.391.660,00","2,37","Malaysia","Bursa Malaysia","MYR"
"CHOLAHLDNG","CHOLAMANDALAM FINANCIAL HOLDINGS L","Finanzwesen","Aktien","5.644.477,26","0,01","5.644.477,26","361.204,00","15,63","Indien","National Stock Exchange Of India","INR"
"4979","LUXNET CORP","IT","Aktien","5.647.160,29","0,01","5.647.160,29","323.823,00","17,44","Taiwan","Gretai Securities Market","TWD"
"3360","FAR EAST HORIZON","Finanzwesen","Aktien","5.638.548,75","0,01","5.638.548,75","6.848.000,00","0,82","China","Hong Kong Exchanges And Clearing Ltd","HKD"
"4200","ALDREES PETROLEUM AND TRANSPORT SE","Zyklische Konsumgüter ","Aktien","5.621.209,64","0,01","5.621.209,64","171.955,00","32,69","Saudi-Arabien","Saudi Stock Exchange","SAR"
"KPIL","KALPATARU PROJECTS INTERNATIONAL","Industrie","Aktien","5.603.428,02","0,01","5.603.428,02","384.177,00","14,59","Indien","National Stock Exchange Of India","INR"
"KCE.R","KCE ELECTRONICS NON-VOTING DR PCL","IT","Aktien","5.585.480,97","0,01","5.585.480,97","2.867.500,00","1,95","Thailand","Stock Exchange Of Thailand","THB"
"SIME","SIME DARBY","Industrie","Aktien","5.580.153,21","0,01","5.580.153,21","9.374.200,00","0,60","Malaysia","Bursa Malaysia","MYR"
"390","CHINA RAILWAY GROUP LTD H","Industrie","Aktien","5.577.128,73","0,01","5.577.128,73","13.140.000,00","0,42","China","Hong Kong Exchanges And Clearing Ltd","HKD"
"BCP.R","BANGCHAK CORPORATION ORS NON-VOTIN","Energie","Aktien","5.565.467,49","0,01","5.565.467,49","3.407.700,00","1,63","Thailand","Stock Exchange Of Thailand","THB"
"3450","ELITE ADVANCED LASER CORP","IT","Aktien","5.565.749,24","0,01","5.565.749,24","338.000,00","16,47","Taiwan","Taiwan Stock Exchange","TWD"
"ATAT","ATOUR LIFESTYLE HOLDINGS AMERICAN","Zyklische Konsumgüter ","Aktien","5.567.573,56","0,01","5.567.573,56","173.878,00","32,02","China","NASDAQ","USD"
"2889","IBF FINANCIAL HOLDINGS LTD SHA","Finanzwesen","Aktien","5.568.290,62","0,01","5.568.290,62","10.261.909,00","0,54","Taiwan","Taiwan Stock Exchange","TWD"
"6121","SIMPLO TECHNOLOGY","IT","Aktien","5.557.945,58","0,01","5.557.945,58","473.800,00","11,73","Taiwan","Gretai Securities Market","TWD"
"3363","FOCI FIBER OPTIC COMMUNICATIONS","IT","Aktien","5.546.930,13","0,01","5.546.930,13","270.000,00","20,54","Taiwan","Gretai Securities Market","TWD"
"336260","DOOSAN FUEL CELL LTD","Industrie","Aktien","5.542.774,94","0,01","5.542.774,94","152.250,00","36,41","Korea","Korea Exchange (Stock Market)","KRW"
"002463","WUS PRINTED CIRCUIT (KUNSHAN) A","IT","Aktien","5.545.513,50","0,01","5.545.513,50","301.123,00","18,42","China","Shenzhen Stock Exchange","CNY"
"3896","KINGSOFT CLOUD HOLDINGS LTD","IT","Aktien","5.539.038,67","0,01","5.539.038,67","8.914.330,00","0,62","China","Hong Kong Exchanges And Clearing Ltd","HKD"
"HINDCOPPER","HINDUSTAN COPPER LTD","Materialien","Aktien","5.541.407,81","0,01","5.541.407,81","1.095.013,00","5,06","Indien","National Stock Exchange Of India","INR"
"3023","SINBON ELECTRONICS LTD","IT","Aktien","5.521.720,91","0,01","5.521.720,91","555.351,00","9,94","Taiwan","Taiwan Stock Exchange","TWD"
"VFQS","VODAFONE QATAR","Kommunikation","Aktien","5.509.789,47","0,01","5.509.789,47","7.775.637,00","0,71","Qatar","Qatar Exchange","QAR"
"2105","CHENG SHIN RUBBER INDUSTRY LTD","Zyklische Konsumgüter ","Aktien","5.501.221,67","0,01","5.501.221,67","5.827.000,00","0,94","Taiwan","Taiwan Stock Exchange","TWD"
"AVI","AVI","Nichtzyklische Konsumgüter","Aktien","5.501.703,31","0,01","5.501.703,31","1.062.933,00","5,18","Südafrika","Johannesburg Stock Exchange","ZAR"
"BEM.R","BANGKOK EXPRESSWAY AND METRO PCL N","Industrie","Aktien","5.492.091,63","0,01","5.492.091,63","26.951.632,00","0,20","Thailand","Stock Exchange Of Thailand","THB"
"3211","DYNAPACK INTERNATIONAL TECHNOLOGY","IT","Aktien","5.483.964,56","0,01","5.483.964,56","485.000,00","11,31","Taiwan","Gretai Securities Market","TWD"
"FFB","FORTRESS REAL EST INV B LTD","Immobilien","Aktien","5.474.487,71","0,01","5.474.487,71","3.614.295,00","1,51","Südafrika","Johannesburg Stock Exchange","ZAR"
"DUBK","DUKHAN BANK","Finanzwesen","Aktien","5.450.075,32","0,01","5.450.075,32","6.299.595,00","0,87","Qatar","Qatar Exchange","QAR"
"Q*","QUALITAS CONTROLADORA","Finanzwesen","Aktien","5.436.069,84","0,01","5.436.069,84","595.259,00","9,13","Mexiko","Bolsa Mexicana De Valores","MXN"
"601816","BEIJING-SHANGHAI HIGH SPEED RAILWA","Industrie","Aktien","5.440.030,42","0,01","5.440.030,42","7.662.900,00","0,71","China","Shanghai Stock Exchange","CNY"
"3323","CHINA NATIONAL BUILDING MATERIAL L","Materialien","Aktien","5.433.168,70","0,01","5.433.168,70","12.724.400,00","0,43","China","Hong Kong Exchanges And Clearing Ltd","HKD"
"2525","HESAI GROUP CLASS B","Zyklische Konsumgüter ","Aktien","5.420.977,61","0,01","5.420.977,61","2.554.420,00","2,12","China","Hong Kong Exchanges And Clearing Ltd","HKD"
"2451","TRANSCEND INFORMATION INC","IT","Aktien","5.412.718,58","0,01","5.412.718,58","623.000,00","8,69","Taiwan","Taiwan Stock Exchange","TWD"
"214450","PHARMARESEARCH LTD","Gesundheitsversorgung","Aktien","5.399.016,03","0,01","5.399.016,03","22.639,00","238,48","Korea","Korea Exchange (Kosdaq)","KRW"
"MTARTECH","MTAR TECHNOLOGIES","Industrie","Aktien","5.357.909,89","0,01","5.357.909,89","72.808,00","73,59","Indien","National Stock Exchange Of India","INR"
"ABK","AL AHLI BANK","Finanzwesen","Aktien","5.340.042,02","0,01","5.340.042,02","5.364.394,00","1,00","Kuwait","Kuwait Stock Exchange","KWD"
"103590","ILJIN ELECTRIC LTD","Industrie","Aktien","5.337.669,31","0,01","5.337.669,31","105.054,00","50,81","Korea","Korea Exchange (Stock Market)","KRW"
"FLUOROCHEM","GUJARAT FLUOROCHEMICALS LTD","Materialien","Aktien","5.327.985,10","0,01","5.327.985,10","114.306,00","46,61","Indien","National Stock Exchange Of India","INR"
"MDKA","MERDEKA COPPER GOLD","Materialien","Aktien","5.319.176,30","0,01","5.319.176,30","32.878.811,00","0,16","Indonesien","Indonesia Stock Exchange","IDR"
"3898","ZHUZHOU CRRC TIMES ELECTRIC LTD H","Industrie","Aktien","5.288.418,68","0,01","5.288.418,68","1.447.700,00","3,65","China","Hong Kong Exchanges And Clearing Ltd","HKD"
"600031","SANY HEAVY INDUSTRY LTD A","Industrie","Aktien","5.288.885,52","0,01","5.288.885,52","1.962.478,00","2,70","China","Shanghai Stock Exchange","CNY"
"TEL","PLDT INC","Kommunikation","Aktien","5.279.757,71","0,01","5.279.757,71","293.120,00","18,01","Philippinen","Philippine Stock Exchange Inc.","PHP"
"THERMAX","THERMAX","Industrie","Aktien","5.281.799,61","0,01","5.281.799,61","141.959,00","37,21","Indien","National Stock Exchange Of India","INR"
"084370","EUGENE TECHNOLOGY LTD","IT","Aktien","5.274.646,69","0,01","5.274.646,69","53.429,00","98,72","Korea","Korea Exchange (Kosdaq)","KRW"
"002353","YANTAI JEREH OILFIELD SERVICES GRO","Energie","Aktien","5.268.343,56","0,01","5.268.343,56","290.974,00","18,11","China","Shenzhen Stock Exchange","CNY"
"6691","YANKEY ENGINEERING LTD","Industrie","Aktien","5.260.626,99","0,01","5.260.626,99","274.954,00","19,13","Taiwan","Taiwan Stock Exchange","TWD"
"ENA","ENEA SA","Versorger","Aktien","5.256.661,81","0,01","5.256.661,81","980.339,00","5,36","Polen","Warsaw Stock Exchange/Equities/Main Market","PLN"
"600487","HENGTONG OPTIC ELECTRIC LTD A","IT","Aktien","5.246.303,35","0,01","5.246.303,35","513.600,00","10,21","China","Shanghai Stock Exchange","CNY"
"600309","WANHUA CHEMICAL GROUP LTD A","Materialien","Aktien","5.243.544,66","0,01","5.243.544,66","499.900,00","10,49","China","Shanghai Stock Exchange","CNY"
"002380","KCC","Materialien","Aktien","5.224.421,16","0,01","5.224.421,16","15.641,00","334,02","Korea","Korea Exchange (Stock Market)","KRW"
"CROMPTON","CROMPTON GREAVES CONSUMER ELECTRIC","Zyklische Konsumgüter ","Aktien","5.221.013,10","0,01","5.221.013,10","2.225.193,00","2,35","Indien","National Stock Exchange Of India","INR"
"AMBER","AMBER ENTERPRISES INDIA LTD","Zyklische Konsumgüter ","Aktien","5.222.357,49","0,01","5.222.357,49","71.107,00","73,44","Indien","National Stock Exchange Of India","INR"
"NH","NARAYANA HRUDAYALAYA","Gesundheitsversorgung","Aktien","5.212.330,05","0,01","5.212.330,05","267.611,00","19,48","Indien","National Stock Exchange Of India","INR"
"014680","HANSOL CHEMICAL LTD","Materialien","Aktien","5.205.500,67","0,01","5.205.500,67","33.452,00","155,61","Korea","Korea Exchange (Stock Market)","KRW"
"HFCL","HFCL LTD","Kommunikation","Aktien","5.198.381,44","0,01","5.198.381,44","2.381.092,00","2,18","Indien","National Stock Exchange Of India","INR"
"8464","NIEN MADE ENTERPRISE","Zyklische Konsumgüter ","Aktien","5.187.485,30","0,01","5.187.485,30","444.000,00","11,68","Taiwan","Taiwan Stock Exchange","TWD"
"1357","MEITU INC","Kommunikation","Aktien","5.188.602,28","0,01","5.188.602,28","10.670.500,00","0,49","China","Hong Kong Exchanges And Clearing Ltd","HKD"
"3131","GRAND PLASTIC TECHNOLOGY CORP","IT","Aktien","5.183.251,00","0,01","5.183.251,00","69.000,00","75,12","Taiwan","Gretai Securities Market","TWD"
"4100","MAKKAH CONSTRUCTION AND DEVELOPMEN","Immobilien","Aktien","5.184.376,03","0,01","5.184.376,03","245.433,00","21,12","Saudi-Arabien","Saudi Stock Exchange","SAR"
"000338","WEICHAI POWER LTD A","Industrie","Aktien","5.180.374,45","0,01","5.180.374,45","1.303.355,00","3,97","China","Shenzhen Stock Exchange","CNY"
"MEDANTA","GLOBAL HEALTH LTD","Gesundheitsversorgung","Aktien","5.170.335,27","0,01","5.170.335,27","348.335,00","14,84","Indien","National Stock Exchange Of India","INR"
"2371","TATUNG","Industrie","Aktien","5.160.715,60","0,01","5.160.715,60","5.539.950,00","0,93","Taiwan","Taiwan Stock Exchange","TWD"
"TDPOWERSYS","TD POWER SYSTEMS LTD","Industrie","Aktien","5.152.002,39","0,01","5.152.002,39","684.490,00","7,53","Indien","National Stock Exchange Of India","INR"
"CYRE3","CYRELA BRAZIL REALTY SA","Zyklische Konsumgüter ","Aktien","5.153.159,67","0,01","5.153.159,67","1.034.856,00","4,98","Brasilien","XBSP","BRL"
"017800","HYUNDAI ELEVATOR LTD","Industrie","Aktien","5.137.951,36","0,01","5.137.951,36","96.583,00","53,20","Korea","Korea Exchange (Stock Market)","KRW"
"BRPT","BARITO PACIFIC","Materialien","Aktien","5.129.705,22","0,01","5.129.705,22","56.522.342,00","0,09","Indonesien","Indonesia Stock Exchange","IDR"
"QFLS","QATAR FUEL","Energie","Aktien","5.123.594,06","0,01","5.123.594,06","1.537.923,00","3,33","Qatar","Qatar Exchange","QAR"
"1212","ASTRA INDUSTRIAL GROUP","Industrie","Aktien","5.117.148,41","0,01","5.117.148,41","143.452,00","35,67","Saudi-Arabien","Saudi Stock Exchange","SAR"
"NIND","NATIONAL INDUSTRIES GROUP HOLDING","Industrie","Aktien","5.120.042,02","0,01","5.120.042,02","6.579.254,00","0,78","Kuwait","Kuwait Stock Exchange","KWD"
"1229","LIEN HWA INDUSTRIAL HOLDINGS CORP","Nichtzyklische Konsumgüter","Aktien","5.108.223,31","0,01","5.108.223,31","4.036.256,00","1,27","Taiwan","Taiwan Stock Exchange","TWD"
"298380","ABL BIO INC","Gesundheitsversorgung","Aktien","5.098.241,88","0,01","5.098.241,88","121.239,00","42,05","Korea","Korea Exchange (Kosdaq)","KRW"
"600989","NINGXIA BAOFENG ENERGY GROUP LTD A","Materialien","Aktien","5.091.198,35","0,01","5.091.198,35","1.469.500,00","3,46","China","Shanghai Stock Exchange","CNY"
"1815","FULLTECH FIBER GLASS CORP","IT","Aktien","5.086.509,03","0,01","5.086.509,03","1.447.952,00","3,51","Taiwan","Gretai Securities Market","TWD"
"ADRO","ALAMTRI RESOURCES INDONESIA","Energie","Aktien","5.073.015,05","0,01","5.073.015,05","33.706.100,00","0,15","Indonesien","Indonesia Stock Exchange","IDR"
"9945","RUENTEX DEVELOPMENT LTD","Immobilien","Aktien","5.073.024,30","0,01","5.073.024,30","5.586.898,00","0,91","Taiwan","Taiwan Stock Exchange","TWD"
"140410","MEZZION PHARMA LTD","Gesundheitsversorgung","Aktien","5.046.780,37","0,01","5.046.780,37","94.101,00","53,63","Korea","Korea Exchange (Kosdaq)","KRW"
"601985","CHINA NATIONAL NUCLEAR POWER LTD A","Versorger","Aktien","5.041.586,14","0,01","5.041.586,14","3.751.813,00","1,34","China","Shanghai Stock Exchange","CNY"
"IJM","IJM CORPORATION","Industrie","Aktien","5.042.336,18","0,01","5.042.336,18","7.488.600,00","0,67","Malaysia","Bursa Malaysia","MYR"
"300274","SUNGROW POWER SUPPLY LTD A","Industrie","Aktien","5.034.537,54","0,01","5.034.537,54","398.684,00","12,63","China","Shenzhen Stock Exchange","CNY"
"4263","SAL SAUDI LOGISTICS SERVICE CO","Industrie","Aktien","5.022.717,77","0,01","5.022.717,77","109.633,00","45,81","Saudi-Arabien","Saudi Stock Exchange","SAR"
"1111","SAUDI TADAWUL GROUP CO","Finanzwesen","Aktien","5.018.167,12","0,01","5.018.167,12","156.308,00","32,10","Saudi-Arabien","Saudi Stock Exchange","SAR"
"111770","YOUNGONE","Zyklische Konsumgüter ","Aktien","5.007.912,64","0,01","5.007.912,64","95.437,00","52,47","Korea","Korea Exchange (Stock Market)","KRW"
"780","TONGCHENG TRAVEL HOLDINGS","Zyklische Konsumgüter ","Aktien","4.985.263,43","0,01","4.985.263,43","3.714.400,00","1,34","China","Hong Kong Exchanges And Clearing Ltd","HKD"
"1585","YADEA GROUP HOLDINGS","Zyklische Konsumgüter ","Aktien","4.986.222,94","0,01","4.986.222,94","4.448.000,00","1,12","China","Hong Kong Exchanges And Clearing Ltd","HKD"
"9904","POU CHEN","Zyklische Konsumgüter ","Aktien","4.973.612,48","0,01","4.973.612,48","6.394.000,00","0,78","Taiwan","Taiwan Stock Exchange","TWD"
"APOLLOTYRE","APOLLO TYRES LTD","Zyklische Konsumgüter ","Aktien","4.965.720,67","0,01","4.965.720,67","1.155.887,00","4,30","Indien","National Stock Exchange Of India","INR"
"6181","LAOPU GOLD H","Zyklische Konsumgüter ","Aktien","4.955.268,21","0,01","4.955.268,21","107.100,00","46,27","China","Hong Kong Exchanges And Clearing Ltd","HKD"
"2633","TAIWAN HIGH SPEED RAIL","Industrie","Aktien","4.942.411,98","0,01","4.942.411,98","6.049.000,00","0,82","Taiwan","Taiwan Stock Exchange","TWD"
"9969","INNOCARE PHARMA","Gesundheitsversorgung","Aktien","4.943.032,13","0,01","4.943.032,13","2.570.000,00","1,92","China","Hong Kong Exchanges And Clearing Ltd","HKD"
"4749","ADVANCED ECHEM MATERIALS LTD","IT","Aktien","4.934.540,27","0,01","4.934.540,27","212.602,00","23,21","Taiwan","Gretai Securities Market","TWD"
"3714","ENNOSTAR","IT","Aktien","4.923.619,54","0,01","4.923.619,54","2.396.600,00","2,05","Taiwan","Taiwan Stock Exchange","TWD"
"600887","INNER MONGOLIA YILI INDUSTRIAL GRO","Nichtzyklische Konsumgüter","Aktien","4.907.032,29","0,01","4.907.032,29","1.238.767,00","3,96","China","Shanghai Stock Exchange","CNY"
"011780","KUMHO PETRO CHEMICAL LTD","Materialien","Aktien","4.880.852,53","0,01","4.880.852,53","55.321,00","88,23","Korea","Korea Exchange (Stock Market)","KRW"
"GRANULES","GRANULES INDIA","Gesundheitsversorgung","Aktien","4.880.899,27","0,01","4.880.899,27","537.984,00","9,07","Indien","National Stock Exchange Of India","INR"
"2421","SUNONWEALTH ELECTRIC MACHINE INDUS","Industrie","Aktien","4.879.643,75","0,01","4.879.643,75","960.341,00","5,08","Taiwan","Taiwan Stock Exchange","TWD"
"GRUMAB","GRUMA","Nichtzyklische Konsumgüter","Aktien","4.862.657,75","0,01","4.862.657,75","354.859,00","13,70","Mexiko","Bolsa Mexicana De Valores","MXN"
"ARI","AFRICAN RAINBOW MINERAL","Materialien","Aktien","4.857.165,91","0,01","4.857.165,91","434.238,00","11,19","Südafrika","Johannesburg Stock Exchange","ZAR"
"13","HUTCHMED (CHINA) LTD","Gesundheitsversorgung","Aktien","4.848.965,86","0,01","4.848.965,86","1.745.105,00","2,78","China","Hong Kong Exchanges And Clearing Ltd","HKD"
"WHA.R","WHA CORPORATION NON-VOTING DR PCL","Immobilien","Aktien","4.850.722,92","0,01","4.850.722,92","34.294.200,00","0,14","Thailand","Stock Exchange Of Thailand","THB"
"6944","MEGA UNION TECHNOLOGY INC","Industrie","Aktien","4.839.062,18","0,01","4.839.062,18","224.900,00","21,52","Taiwan","Taiwan Stock Exchange","TWD"
"IVL.R","INDORAMA VENTURES NON-VOTING DR","Materialien","Aktien","4.821.751,57","0,01","4.821.751,57","5.454.300,00","0,88","Thailand","Stock Exchange Of Thailand","THB"
"601988","BANK OF CHINA LTD A","Finanzwesen","Aktien","4.815.127,21","0,01","4.815.127,21","4.906.600,00","0,98","China","Shanghai Stock Exchange","CNY"
"ILC","INVERSIONES LA CONSTRUCCION SA","Finanzwesen","Aktien","4.807.230,49","0,01","4.807.230,49","184.165,00","26,10","Chile","Santiago Stock Exchange","CLP"
"1044","HENGAN INTERNATIONAL GROUP","Nichtzyklische Konsumgüter","Aktien","4.810.971,68","0,01","4.810.971,68","1.916.000,00","2,51","China","Hong Kong Exchanges And Clearing Ltd","HKD"
"1882","HAITIAN INTERNATIONAL LTD","Industrie","Aktien","4.804.848,55","0,01","4.804.848,55","2.174.000,00","2,21","China","Hong Kong Exchanges And Clearing Ltd","HKD"
"HSCL","HIMADRI SPECIALITY CHEMICAL LTD","Materialien","Aktien","4.799.966,23","0,01","4.799.966,23","704.824,00","6,81","Indien","National Stock Exchange Of India","INR"
"3618","CHONGQING RURAL COMMERCIAL BANK LT","Finanzwesen","Aktien","4.800.326,30","0,01","4.800.326,30","6.104.000,00","0,79","China","Hong Kong Exchanges And Clearing Ltd","HKD"
"2015","FENG HSIN IRON & STEEL LTD","Materialien","Aktien","4.792.472,36","0,01","4.792.472,36","2.380.000,00","2,01","Taiwan","Taiwan Stock Exchange","TWD"
"CPIN","CHAROEN POKPHAND INDONESIA","Nichtzyklische Konsumgüter","Aktien","4.769.853,89","0,01","4.769.853,89","27.120.900,00","0,18","Indonesien","Indonesia Stock Exchange","IDR"
"000880","HANWHA","Industrie","Aktien","4.767.100,21","0,01","4.767.100,21","47.728,00","99,88","Korea","Korea Exchange (Stock Market)","KRW"
"ACUTAAS","ACUTAAS CHEMICALS LTD","Gesundheitsversorgung","Aktien","4.747.275,03","0,01","4.747.275,03","137.384,00","34,55","Indien","National Stock Exchange Of India","INR"
"BPCC","BOUBYAN PETROCHM","Materialien","Aktien","4.732.601,69","0,01","4.732.601,69","1.969.682,00","2,40","Kuwait","Kuwait Stock Exchange","KWD"
"601658","POSTAL SAVINGS BANK OF CHINA LTD A","Finanzwesen","Aktien","4.730.307,82","0,01","4.730.307,82","5.895.300,00","0,80","China","Shanghai Stock Exchange","CNY"
"BANPU.R","BANPU NON-VOTING DR","Energie","Aktien","4.702.363,15","0,01","4.702.363,15","10.602.558,00","0,44","Thailand","Stock Exchange Of Thailand","THB"
"AADI","ADARO ANDALAN INDONESIA","Energie","Aktien","4.691.408,54","0,01","4.691.408,54","6.725.300,00","0,70","Indonesien","Indonesia Stock Exchange","IDR"
"BRIGADE","BRIGADE ENTERPRISES","Immobilien","Aktien","4.689.205,07","0,01","4.689.205,07","724.546,00","6,47","Indien","National Stock Exchange Of India","INR"
"2382","ADES HOLDING CO","Energie","Aktien","4.686.326,31","0,01","4.686.326,31","1.036.760,00","4,52","Saudi-Arabien","Saudi Stock Exchange","SAR"
"586","CHINA CONCH VENTURE HOLDINGS LTD","Industrie","Aktien","4.678.419,25","0,01","4.678.419,25","4.933.500,00","0,95","China","Hong Kong Exchanges And Clearing Ltd","HKD"
"310210","VORONOI INC","Gesundheitsversorgung","Aktien","4.670.042,92","0,01","4.670.042,92","45.632,00","102,34","Korea","Korea Exchange (Kosdaq)","KRW"
"032640","LG UPLUS","Kommunikation","Aktien","4.660.603,83","0,01","4.660.603,83","438.646,00","10,62","Korea","Korea Exchange (Stock Market)","KRW"
"ALSEA*","ALSEA DE CV","Zyklische Konsumgüter ","Aktien","4.662.013,86","0,01","4.662.013,86","1.856.724,00","2,51","Mexiko","Bolsa Mexicana De Valores","MXN"
"SYRMA","SYRMA SGS TECHNOLOGY","IT","Aktien","4.646.936,52","0,01","4.646.936,52","275.586,00","16,86","Indien","National Stock Exchange Of India","INR"
"UWC","UWC","Industrie","Aktien","4.636.689,92","0,01","4.636.689,92","3.026.400,00","1,53","Malaysia","Bursa Malaysia","MYR"
"WOCKPHARMA","WOCKHARDT","Gesundheitsversorgung","Aktien","4.627.177,24","0,01","4.627.177,24","214.216,00","21,60","Indien","National Stock Exchange Of India","INR"
"ASTERDM","ASTER DM QUALITY CARE","Gesundheitsversorgung","Aktien","4.617.251,55","0,01","4.617.251,55","582.354,00","7,93","Indien","National Stock Exchange Of India","INR"
"KIRLOSENG","KIRLOSKAR OIL ENGINES LTD","Industrie","Aktien","4.619.155,85","0,01","4.619.155,85","208.974,00","22,10","Indien","National Stock Exchange Of India","INR"
"3396","LEGEND HOLDINGS CORP H","IT","Aktien","4.614.698,85","0,01","4.614.698,85","1.830.400,00","2,52","China","Hong Kong Exchanges And Clearing Ltd","HKD"
"603288","FOSHAN HAI TIAN FLAVOURING & FOOD","Nichtzyklische Konsumgüter","Aktien","4.611.587,43","0,01","4.611.587,43","912.384,00","5,05","China","Shanghai Stock Exchange","CNY"
"QAR","QAR CASH","Cash und/oder Derivate","Geldmarkt","4.603.376,74","0,01","4.603.376,74","16.760.895,00","27,46","Qatar","-","QAR"
"088350","HANWHA LIFE INSURANCE LTD","Finanzwesen","Aktien","4.582.528,76","0,01","4.582.528,76","1.053.486,00","4,35","Korea","Korea Exchange (Stock Market)","KRW"
"2915","RUENTEX INDUSTRIES LTD","Zyklische Konsumgüter ","Aktien","4.578.560,03","0,01","4.578.560,03","2.491.057,00","1,84","Taiwan","Taiwan Stock Exchange","TWD"
"FRTKF","FRONTKEN CORPORATION","Industrie","Aktien","4.570.761,16","0,01","4.570.761,16","3.863.000,00","1,18","Malaysia","Bursa Malaysia","MYR"
"BRES","BARWA REAL ESTATE","Immobilien","Aktien","4.557.496,96","0,01","4.557.496,96","7.297.206,00","0,62","Qatar","Qatar Exchange","QAR"
"DRD","DRDGOLD LTD","Materialien","Aktien","4.558.296,45","0,01","4.558.296,45","1.744.755,00","2,61","Südafrika","Johannesburg Stock Exchange","ZAR"
"NTC","NETCARE","Gesundheitsversorgung","Aktien","4.553.411,46","0,01","4.553.411,46","4.092.410,00","1,11","Südafrika","Johannesburg Stock Exchange","ZAR"
"GLAXO","GLAXOSMITHKLINE PHARMACEUTICALS LT","Gesundheitsversorgung","Aktien","4.555.457,36","0,01","4.555.457,36","156.091,00","29,18","Indien","National Stock Exchange Of India","INR"
"600809","SHANXI XINGHUACUN FEN WINE FACTORY","Nichtzyklische Konsumgüter","Aktien","4.550.487,61","0,01","4.550.487,61","269.818,00","16,87","China","Shanghai Stock Exchange","CNY"
"6098","COUNTRY GARDEN SERVICES HOLDINGS L","Immobilien","Aktien","4.546.825,31","0,01","4.546.825,31","6.880.000,00","0,66","China","Hong Kong Exchanges And Clearing Ltd","HKD"
"KRE","KUWAIT REAL EST","Immobilien","Aktien","4.542.225,33","0,01","4.542.225,33","3.715.709,00","1,22","Kuwait","Kuwait Stock Exchange","KWD"
"2689","NINE DRAGONS PAPER HOLDINGS LTD","Materialien","Aktien","4.534.502,56","0,01","4.534.502,56","5.752.000,00","0,79","China","Hong Kong Exchanges And Clearing Ltd","HKD"
"3374","XINTEC INC","IT","Aktien","4.534.556,57","0,01","4.534.556,57","337.000,00","13,46","Taiwan","Gretai Securities Market","TWD"
"565","ART GROUP HOLDINGS LTD","Immobilien","Aktien","4.536.988,65","0,01","4.536.988,65","8.425.000,00","0,54","China","Hong Kong Exchanges And Clearing Ltd","HKD"
"COLBUN","COLBUN MACHICURA SA","Versorger","Aktien","4.537.016,76","0,01","4.537.016,76","29.360.323,00","0,15","Chile","Santiago Stock Exchange","CLP"
"601818","CHINA EVERBRIGHT BANK LTD A","Finanzwesen","Aktien","4.531.695,00","0,01","4.531.695,00","9.962.300,00","0,45","China","Shanghai Stock Exchange","CNY"
"052690","KEPCO ENGINEERING & CONSTRUCTION I","Industrie","Aktien","4.531.791,99","0,01","4.531.791,99","45.504,00","99,59","Korea","Korea Exchange (Stock Market)","KRW"
"9910","FENG TAY ENTERPRISES","Zyklische Konsumgüter ","Aktien","4.526.390,81","0,01","4.526.390,81","2.088.461,00","2,17","Taiwan","Taiwan Stock Exchange","TWD"
"002938","AVARY HOLDING (SHENZHEN) LTD A","IT","Aktien","4.524.000,59","0,01","4.524.000,59","334.400,00","13,53","China","Shenzhen Stock Exchange","CNY"
"1797","EAST BUY HOLDING LTD","Nichtzyklische Konsumgüter","Aktien","4.516.082,16","0,01","4.516.082,16","1.415.000,00","3,19","China","Hong Kong Exchanges And Clearing Ltd","HKD"
"KGB","KELINGTON GROUP","Industrie","Aktien","4.517.008,54","0,01","4.517.008,54","2.170.600,00","2,08","Malaysia","Bursa Malaysia","MYR"
"2845","FAR EASTERN INTERNATIONAL BANK LTD","Finanzwesen","Aktien","4.517.874,15","0,01","4.517.874,15","10.475.718,00","0,43","Taiwan","Taiwan Stock Exchange","TWD"
"001040","CJ","Industrie","Aktien","4.511.308,65","0,01","4.511.308,65","47.508,00","94,96","Korea","Korea Exchange (Stock Market)","KRW"
"LALPATHLAB","DR LAL PATHLABS LTD","Gesundheitsversorgung","Aktien","4.514.937,44","0,01","4.514.937,44","225.049,00","20,06","Indien","National Stock Exchange Of India","INR"
"TIMKEN","TIMKEN INDIA LTD","Industrie","Aktien","4.500.224,68","0,01","4.500.224,68","135.550,00","33,20","Indien","National Stock Exchange Of India","INR"
"098460","KOH YOUNG TECHNOLOGY","IT","Aktien","4.492.769,66","0,01","4.492.769,66","219.344,00","20,48","Korea","Korea Exchange (Kosdaq)","KRW"
"TATAELXSI","TATA ELXSI LTD","IT","Aktien","4.489.021,15","0,01","4.489.021,15","127.348,00","35,25","Indien","National Stock Exchange Of India","INR"
"LEGN","LEGEND BIOTECH ADR REP","Gesundheitsversorgung","Aktien","4.485.660,06","0,01","4.485.660,06","255.157,00","17,58","China","NASDAQ","USD"
"MPHC","MESAIEED PETROCHEMICAL HOLDING","Materialien","Aktien","4.461.530,40","0,01","4.461.530,40","15.725.491,00","0,28","Qatar","Qatar Exchange","QAR"
"RATCH.R","RATCH GROUP PCL NON-VOTING DR","Versorger","Aktien","4.458.252,92","0,01","4.458.252,92","3.915.050,00","1,14","Thailand","Stock Exchange Of Thailand","THB"
"2206","SANYANG INDUSTRY","Zyklische Konsumgüter ","Aktien","4.442.311,61","0,01","4.442.311,61","2.213.000,00","2,01","Taiwan","Taiwan Stock Exchange","TWD"
"141080","LIGA CHEM BIO INC","Gesundheitsversorgung","Aktien","4.437.574,20","0,01","4.437.574,20","73.692,00","60,22","Korea","Korea Exchange (Kosdaq)","KRW"
"3MINDIA","3M INDIA LTD","Industrie","Aktien","4.423.232,31","0,01","4.423.232,31","13.045,00","339,07","Indien","National Stock Exchange Of India","INR"
"000063","ZTE CORP A","IT","Aktien","4.406.663,23","0,01","4.406.663,23","927.100,00","4,75","China","Shenzhen Stock Exchange","CNY"
"968","XINYI SOLAR HOLDINGS LTD","IT","Aktien","4.406.801,22","0,01","4.406.801,22","17.244.000,00","0,26","China","Hong Kong Exchanges And Clearing Ltd","HKD"
"000776","GF SECURITIES A","Finanzwesen","Aktien","4.365.852,91","0,01","4.365.852,91","1.462.190,00","2,99","China","Shenzhen Stock Exchange","CNY"
"226950","OLIX PHARMACEUTICALS INC","Gesundheitsversorgung","Aktien","4.360.453,81","0,01","4.360.453,81","52.755,00","82,65","Korea","Korea Exchange (Kosdaq)","KRW"
"CRC.R","CENTRAL RETAIL CORPORATION NON-VOT","Zyklische Konsumgüter ","Aktien","4.360.866,80","0,01","4.360.866,80","4.891.500,00","0,89","Thailand","Stock Exchange Of Thailand","THB"
"ECL","ENGIE ENERGIA CHILE SA","Versorger","Aktien","4.357.209,55","0,01","4.357.209,55","2.249.659,00","1,94","Chile","Santiago Stock Exchange","CLP"
"INTR","INTER AND CO INC CLASS A","Finanzwesen","Aktien","4.343.633,65","0,01","4.343.633,65","796.997,00","5,45","Brasilien","NASDAQ","USD"
"SAPR11","CIA SANEAMENTO DO PARANA UNITS","Versorger","Aktien","4.336.352,93","0,01","4.336.352,93","655.608,00","6,61","Brasilien","XBSP","BRL"
"2441","GREATEK ELECTRONICS INC","IT","Aktien","4.333.756,76","0,01","4.333.756,76","1.166.000,00","3,72","Taiwan","Taiwan Stock Exchange","TWD"
"271560","ORION CORP","Nichtzyklische Konsumgüter","Aktien","4.334.301,02","0,01","4.334.301,02","52.762,00","82,15","Korea","Korea Exchange (Stock Market)","KRW"
"1210","GREAT WALL ENTERPRISE","Nichtzyklische Konsumgüter","Aktien","4.325.449,13","0,01","4.325.449,13","2.652.041,00","1,63","Taiwan","Taiwan Stock Exchange","TWD"
"8230","AL RAJHI COMPANY FOR COOPERATIVE I","Finanzwesen","Aktien","4.309.314,31","0,01","4.309.314,31","293.792,00","14,67","Saudi-Arabien","Saudi Stock Exchange","SAR"
"002352","S.F. HOLDING LTD A","Industrie","Aktien","4.293.846,53","0,01","4.293.846,53","936.268,00","4,59","China","Shenzhen Stock Exchange","CNY"
"CARTRADE","CARTRADE TECH","Zyklische Konsumgüter ","Aktien","4.295.581,85","0,01","4.295.581,85","140.268,00","30,62","Indien","National Stock Exchange Of India","INR"
"ALUP11","ALUPAR INVESTIMENTO UNITS","Versorger","Aktien","4.283.442,08","0,01","4.283.442,08","661.375,00","6,48","Brasilien","XBSP","BRL"
"601100","JIANGSU HENGLI HYDRAULIC A","Industrie","Aktien","4.273.406,28","0,01","4.273.406,28","306.484,00","13,94","China","Shanghai Stock Exchange","CNY"
"000792","QINGHAI SALT LAKE INDUSTRY LTD A","Materialien","Aktien","4.274.203,13","0,01","4.274.203,13","1.146.800,00","3,73","China","Shenzhen Stock Exchange","CNY"
"2458","ELAN MICROELECTRONICS","IT","Aktien","4.274.711,83","0,01","4.274.711,83","1.056.500,00","4,05","Taiwan","Taiwan Stock Exchange","TWD"
"960","LONGFOR GROUP HOLDINGS","Immobilien","Aktien","4.268.197,98","0,01","4.268.197,98","6.127.500,00","0,70","China","Hong Kong Exchanges And Clearing Ltd","HKD"
"2467","C SUN MFG LTD","Industrie","Aktien","4.264.972,95","0,01","4.264.972,95","262.000,00","16,28","Taiwan","Taiwan Stock Exchange","TWD"
"454910","DOOSAN ROBOTICS INC","Industrie","Aktien","4.260.929,11","0,01","4.260.929,11","85.197,00","50,01","Korea","Korea Exchange (Stock Market)","KRW"
"BANDHANBNK","BANDHAN BANK LTD","Finanzwesen","Aktien","4.251.975,48","0,01","4.251.975,48","2.378.565,00","1,79","Indien","National Stock Exchange Of India","INR"
"CUB","CITY UNION BANK LTD","Finanzwesen","Aktien","4.254.921,24","0,01","4.254.921,24","1.760.877,00","2,42","Indien","National Stock Exchange Of India","INR"
"600406","NARI TECHNOLOGY LTD A","Industrie","Aktien","4.243.077,40","0,01","4.243.077,40","1.296.120,00","3,27","China","Shanghai Stock Exchange","CNY"
"DALBHARAT","DALMIA BHARAT LTD","Materialien","Aktien","4.244.691,63","0,01","4.244.691,63","240.492,00","17,65","Indien","National Stock Exchange Of India","INR"
"145020","HUGEL","Gesundheitsversorgung","Aktien","4.235.579,56","0,01","4.235.579,56","25.279,00","167,55","Korea","Korea Exchange (Kosdaq)","KRW"
"EGIE3","ENGIE BRASIL ENERGIA SA","Versorger","Aktien","4.227.489,10","0,01","4.227.489,10","706.003,00","5,99","Brasilien","XBSP","BRL"
"4966","PARADE TECHNOLOGIES","IT","Aktien","4.220.246,22","0,01","4.220.246,22","242.000,00","17,44","Taiwan","Gretai Securities Market","TWD"
"601766","CRRC CORP LTD A","Industrie","Aktien","4.212.209,54","0,01","4.212.209,54","4.746.700,00","0,89","China","Shanghai Stock Exchange","CNY"
"TRALT.E","KOZA ALTIN ISLETMELERI A","Materialien","Aktien","4.170.071,60","0,01","4.170.071,60","4.095.585,00","1,02","Türkei","Istanbul Stock Exchange","TRY"
"TAVHL.E","TAV HAVALIMANLARI HOLDING A","Industrie","Aktien","4.166.454,22","0,01","4.166.454,22","740.826,00","5,62","Türkei","Istanbul Stock Exchange","TRY"
"TATATECH","TATA TECHNOLOGIES LTD","IT","Aktien","4.146.834,19","0,01","4.146.834,19","524.332,00","7,91","Indien","National Stock Exchange Of India","INR"
"204320","HL MANDO CORP","Zyklische Konsumgüter ","Aktien","4.148.664,64","0,01","4.148.664,64","118.675,00","34,96","Korea","Korea Exchange (Stock Market)","KRW"
"DATAPATTNS","DATA PATTERNS INDIA LTD","Industrie","Aktien","4.149.732,99","0,01","4.149.732,99","90.253,00","45,98","Indien","National Stock Exchange Of India","INR"
"ENDURANCE","ENDURANCE TECHNOLOGIES LTD","Zyklische Konsumgüter ","Aktien","4.144.848,72","0,01","4.144.848,72","147.780,00","28,05","Indien","National Stock Exchange Of India","INR"
"GCC*","GRUPO CEMENTOS","Materialien","Aktien","4.138.472,76","0,01","4.138.472,76","388.849,00","10,64","Mexiko","Bolsa Mexicana De Valores","MXN"
"440110","FADU","IT","Aktien","4.139.144,07","0,01","4.139.144,07","89.919,00","46,03","Korea","Korea Exchange (Kosdaq)","KRW"
"CPS","CYFROWY POLSAT SA","Kommunikation","Aktien","4.134.012,17","0,01","4.134.012,17","940.987,00","4,39","Polen","Warsaw Stock Exchange/Equities/Main Market","PLN"
"EQU","EQUITES PROP FUND LTD","Immobilien","Aktien","4.128.796,35","0,01","4.128.796,35","3.777.570,00","1,09","Südafrika","Johannesburg Stock Exchange","ZAR"
"1785","SOLAR APPLIED MATERIALS TECHNOLOGY","Materialien","Aktien","4.130.262,81","0,01","4.130.262,81","1.371.699,00","3,01","Taiwan","Gretai Securities Market","TWD"
"6789","VISERA TECHNOLOGIES","IT","Aktien","4.119.830,63","0,01","4.119.830,63","303.000,00","13,60","Taiwan","Taiwan Stock Exchange","TWD"
"600999","CHINA MERCHANTS SECURITIES LTD A","Finanzwesen","Aktien","4.120.205,26","0,01","4.120.205,26","1.600.578,00","2,57","China","Shanghai Stock Exchange","CNY"
"NATU3","NATURA SA","Nichtzyklische Konsumgüter","Aktien","4.121.083,69","0,01","4.121.083,69","2.666.579,00","1,55","Brasilien","XBSP","BRL"
"601169","BANK OF BEIJING LTD A","Finanzwesen","Aktien","4.117.234,63","0,01","4.117.234,63","4.983.043,00","0,83","China","Shanghai Stock Exchange","CNY"
"MDV","MODIVO SA","Zyklische Konsumgüter ","Aktien","4.106.429,76","0,01","4.106.429,76","180.080,00","22,80","Polen","Warsaw Stock Exchange/Equities/Main Market","PLN"
"6060","ZHONGAN ONLINE P & C INSURANCE COR","Finanzwesen","Aktien","4.076.270,25","0,01","4.076.270,25","3.230.403,00","1,26","China","Hong Kong Exchanges And Clearing Ltd","HKD"
"067310","HANA MICRON INC","IT","Aktien","4.077.830,42","0,01","4.077.830,42","149.844,00","27,21","Korea","Korea Exchange (Kosdaq)","KRW"
"FIVESTAR","FIVE-STAR BUSINESS FINANCE LTD","Finanzwesen","Aktien","4.073.606,13","0,01","4.073.606,13","736.061,00","5,53","Indien","National Stock Exchange Of India","INR"
"MTH","MOTUS HOLD LTD SHS","Zyklische Konsumgüter ","Aktien","4.068.152,13","0,01","4.068.152,13","587.889,00","6,92","Südafrika","Johannesburg Stock Exchange","ZAR"
"HMPRO.R","HOME PRODUCT CENTER NON-VOTING DR","Zyklische Konsumgüter ","Aktien","4.068.840,46","0,01","4.068.840,46","21.724.353,00","0,19","Thailand","Stock Exchange Of Thailand","THB"
"INL","INVESTEC LTD","Finanzwesen","Aktien","4.069.935,64","0,01","4.069.935,64","469.558,00","8,67","Südafrika","Johannesburg Stock Exchange","ZAR"
"ANTHEM","ANTHEM BIOSCIENCES","Gesundheitsversorgung","Aktien","4.062.367,25","0,01","4.062.367,25","420.243,00","9,67","Indien","National Stock Exchange Of India","INR"
"600690","HAIER SMART HOME LTD A","Zyklische Konsumgüter ","Aktien","4.063.701,74","0,01","4.063.701,74","1.316.286,00","3,09","China","Shanghai Stock Exchange","CNY"
"1133","HARBIN ELECTRIC LTD H","Industrie","Aktien","4.044.192,64","0,01","4.044.192,64","2.268.000,00","1,78","China","Hong Kong Exchanges And Clearing Ltd","HKD"
"631","SANY HEAVY EQUIPMENT INTERNATIONAL","Industrie","Aktien","4.037.677,81","0,01","4.037.677,81","3.674.966,00","1,10","China","Hong Kong Exchanges And Clearing Ltd","HKD"
"GLAND","GLAND PHARMA LTD","Gesundheitsversorgung","Aktien","4.031.351,19","0,01","4.031.351,19","133.007,00","30,31","Indien","National Stock Exchange Of India","INR"
"SISE.E","TURKIYE SISE VE CAM FABRIKALARI A","Industrie","Aktien","4.033.994,49","0,01","4.033.994,49","4.886.851,00","0,83","Türkei","Istanbul Stock Exchange","TRY"
"ANGELONE","ANGEL ONE LTD","Finanzwesen","Aktien","4.028.583,04","0,01","4.028.583,04","1.310.143,00","3,07","Indien","National Stock Exchange Of India","INR"
"BOLSAA","BOLSA MEXICANA DE VALORES","Finanzwesen","Aktien","4.029.748,91","0,01","4.029.748,91","1.811.932,00","2,22","Mexiko","Bolsa Mexicana De Valores","MXN"
"GGPS3","GPS PARTICIPACOES E EMPREENDIMENTO","Industrie","Aktien","4.013.270,00","0,01","4.013.270,00","1.610.633,00","2,49","Brasilien","XBSP","BRL"
"6584","NAN JUEN INTERNATIONAL","Industrie","Aktien","4.009.472,28","0,01","4.009.472,28","232.000,00","17,28","Taiwan","Gretai Securities Market","TWD"
"6282","ACBEL POLYTECH","Industrie","Aktien","4.006.115,81","0,01","4.006.115,81","2.987.719,00","1,34","Taiwan","Taiwan Stock Exchange","TWD"
"TRY","TRY CASH","Cash und/oder Derivate","Geldmarkt","3.998.947,20","0,01","3.998.947,20","194.647.755,00","2,05","Türkei","-","TRY"
"ATHM","AUTOHOME ADS REPRESENTING INC CLA","Kommunikation","Aktien","3.997.044,19","0,01","3.997.044,19","188.807,00","21,17","China","New York Stock Exchange Inc.","USD"
"TU.R","THAI UNION GROUP NON-VOTING DR","Nichtzyklische Konsumgüter","Aktien","3.992.575,37","0,01","3.992.575,37","10.170.400,00","0,39","Thailand","Stock Exchange Of Thailand","THB"
"600019","BAOSHAN IRON & STEEL LTD A","Materialien","Aktien","3.984.214,17","0,01","3.984.214,17","4.670.307,00","0,85","China","Shanghai Stock Exchange","CNY"
"KAJARIACER","KAJARIA CERAMICS LTD","Industrie","Aktien","3.980.109,20","0,01","3.980.109,20","313.705,00","12,69","Indien","National Stock Exchange Of India","INR"
"028670","PAN OCEAN LTD","Industrie","Aktien","3.974.303,77","0,01","3.974.303,77","933.860,00","4,26","Korea","Korea Exchange (Stock Market)","KRW"
"601668","CHINA STATE CONSTRUCTION ENGINEERI","Industrie","Aktien","3.962.244,76","0,01","3.962.244,76","6.221.745,00","0,64","China","Shanghai Stock Exchange","CNY"
"RIGD","RELIANCE INDUSTRIES GDR REPRESENTI 144A","Energie","Aktien","3.956.265,60","0,01","3.956.265,60","75.936,00","52,10","Indien","London Stock Exchange","USD"
"083650","BHI LTD","Industrie","Aktien","3.959.365,40","0,01","3.959.365,40","84.682,00","46,76","Korea","Korea Exchange (Kosdaq)","KRW"
"489790","HANWHA VISION","IT","Aktien","3.955.710,64","0,01","3.955.710,64","121.724,00","32,50","Korea","Korea Exchange (Stock Market)","KRW"
"603228","SHENZHEN KINWONG ELECTRONIC LTD A","IT","Aktien","3.948.040,86","0,01","3.948.040,86","253.900,00","15,55","China","Shanghai Stock Exchange","CNY"
"DANA","DANA GAS","Energie","Aktien","3.937.574,37","0,01","3.937.574,37","17.424.241,00","0,23","Ver. Arabische Emirate","Abu Dhabi Securities Exchange","AED"
"KPJ","KPJ HEALTHCARE","Gesundheitsversorgung","Aktien","3.928.106,12","0,01","3.928.106,12","6.265.100,00","0,63","Malaysia","Bursa Malaysia","MYR"
"6949","PELL BIO-MED TECHNOLOGY","Gesundheitsversorgung","Aktien","3.924.409,94","0,01","3.924.409,94","2.300.000,00","1,71","Taiwan","Taiwan Stock Exchange","TWD"
"2310","SAHARA INTERNATIONAL PETROCHEMICAL","Materialien","Aktien","3.907.778,61","0,01","3.907.778,61","1.196.379,00","3,27","Saudi-Arabien","Saudi Stock Exchange","SAR"
"600050","CHINA UNITED NETWORK COMMUNICATION","Kommunikation","Aktien","3.908.912,75","0,01","3.908.912,75","6.240.300,00","0,63","China","Shanghai Stock Exchange","CNY"
"2352","QISDA CORP","IT","Aktien","3.902.340,78","0,01","3.902.340,78","4.290.220,00","0,91","Taiwan","Taiwan Stock Exchange","TWD"
"SANSERA","SANSERA ENGINEERING","Zyklische Konsumgüter ","Aktien","3.904.287,64","0,01","3.904.287,64","93.234,00","41,88","Indien","National Stock Exchange Of India","INR"
"2026","PONY AI INC","IT","Aktien","3.898.940,81","0,01","3.898.940,81","579.900,00","6,72","China","Hong Kong Exchanges And Clearing Ltd","HKD"
"601009","BANK OF NANJING LTD A","Finanzwesen","Aktien","3.900.144,41","0,01","3.900.144,41","2.221.790,00","1,76","China","Shanghai Stock Exchange","CNY"
"TLEVISACPO","GRUPO TELEVISA","Kommunikation","Aktien","3.893.037,41","0,01","3.893.037,41","8.436.649,00","0,46","Mexiko","Bolsa Mexicana De Valores","MXN"
"BALRAMCHIN","BALRAMPUR CHINI MILLS LTD","Nichtzyklische Konsumgüter","Aktien","3.895.384,53","0,01","3.895.384,53","553.076,00","7,04","Indien","National Stock Exchange Of India","INR"
"552","CHINA COMMUNICATIONS SERVICES CORP","Industrie","Aktien","3.869.170,81","0,01","3.869.170,81","7.368.000,00","0,53","China","Hong Kong Exchanges And Clearing Ltd","HKD"
"600926","BANK OF HANGZHOU A","Finanzwesen","Aktien","3.864.553,54","0,01","3.864.553,54","1.512.658,00","2,55","China","Shanghai Stock Exchange","CNY"
"6186","CHINA FEIHE LTD","Nichtzyklische Konsumgüter","Aktien","3.865.836,48","0,01","3.865.836,48","12.132.000,00","0,32","China","Hong Kong Exchanges And Clearing Ltd","HKD"
"KLCC","KLCC PROPERTY HOLDINGS STAPLED UNI","Immobilien","Aktien","3.859.527,45","0,01","3.859.527,45","1.841.700,00","2,10","Malaysia","Bursa Malaysia","MYR"
"SCGP.R","SCG PACKAGING PCL NON-VOTING DR","Materialien","Aktien","3.856.881,18","0,01","3.856.881,18","4.185.500,00","0,92","Thailand","Stock Exchange Of Thailand","THB"
"STARHEALTH","STAR HEALTH AND ALLIED INSURANCE C","Finanzwesen","Aktien","3.845.026,81","0,01","3.845.026,81","658.072,00","5,84","Indien","National Stock Exchange Of India","INR"
"BURSA","BURSA MALAYSIA","Finanzwesen","Aktien","3.841.568,07","0,01","3.841.568,07","1.951.250,00","1,97","Malaysia","Bursa Malaysia","MYR"
"ORBIA*","ORBIA ADVANCE CORP SA DE CV","Materialien","Aktien","3.843.565,23","0,01","3.843.565,23","3.505.968,00","1,10","Mexiko","Bolsa Mexicana De Valores","MXN"
"TGA","THUNGELA RESOURCES","Energie","Aktien","3.838.921,90","0,01","3.838.921,90","488.384,00","7,86","Südafrika","Johannesburg Stock Exchange","ZAR"
"089030","TECHWING INC","IT","Aktien","3.833.255,46","0,01","3.833.255,46","115.386,00","33,22","Korea","Korea Exchange (Kosdaq)","KRW"
"CESC","CESC LTD","Versorger","Aktien","3.826.472,12","0,01","3.826.472,12","2.593.262,00","1,48","Indien","National Stock Exchange Of India","INR"
"QAMC","QATAR ALUMINIUM MANUFACTURING","Materialien","Aktien","3.827.192,49","0,01","3.827.192,49","9.932.151,00","0,39","Qatar","Qatar Exchange","QAR"
"1579","YIHAI INTERNATIONAL HOLDING","Nichtzyklische Konsumgüter","Aktien","3.829.236,99","0,01","3.829.236,99","2.196.115,00","1,74","China","Hong Kong Exchanges And Clearing Ltd","HKD"
"257720","SILICON2","Zyklische Konsumgüter ","Aktien","3.829.954,69","0,01","3.829.954,69","126.142,00","30,36","Korea","Korea Exchange (Kosdaq)","KRW"
"BRAP4","BRADESPAR PREF SA","Materialien","Aktien","3.823.597,60","0,01","3.823.597,60","923.150,00","4,14","Brasilien","XBSP","BRL"
"PPLPHARMA","PIRAMAL PHARMA LTD","Gesundheitsversorgung","Aktien","3.821.220,62","0,01","3.821.220,62","1.790.818,00","2,13","Indien","National Stock Exchange Of India","INR"
"3005","GETAC HOLDINGS CORP","IT","Aktien","3.815.823,73","0,01","3.815.823,73","1.031.000,00","3,70","Taiwan","Taiwan Stock Exchange","TWD"
"TKG","TELKOM SOC LTD SA","Kommunikation","Aktien","3.811.563,72","0,01","3.811.563,72","1.148.659,00","3,32","Südafrika","Johannesburg Stock Exchange","ZAR"
"600522","JIANGSU ZHONGTIAN TECHNOLOGY LTD A","Industrie","Aktien","3.803.446,97","0,01","3.803.446,97","700.800,00","5,43","China","Shanghai Stock Exchange","CNY"
"000977","INSPUR ELECTRONIC INFORMATION INDU","IT","Aktien","3.803.577,80","0,01","3.803.577,80","365.320,00","10,41","China","Shenzhen Stock Exchange","CNY"
"TRU","TRUWORTHS INTERNATIONAL","Zyklische Konsumgüter ","Aktien","3.780.816,80","0,01","3.780.816,80","1.432.668,00","2,64","Südafrika","Johannesburg Stock Exchange","ZAR"
"ABMB","ALLIANCE BANK MALAYSIA BHD","Finanzwesen","Aktien","3.783.170,38","0,01","3.783.170,38","3.197.364,00","1,18","Malaysia","Bursa Malaysia","MYR"
"2312","KINPO ELECTRONICS INC","IT","Aktien","3.777.464,13","0,01","3.777.464,13","3.885.000,00","0,97","Taiwan","Taiwan Stock Exchange","TWD"
"ALTIJARIA","COMMERCIAL REAL ESTATE","Immobilien","Aktien","3.777.464,37","0,01","3.777.464,37","6.196.649,00","0,61","Kuwait","Kuwait Stock Exchange","KWD"
"601995","CHINA INTERNATIONAL CAPITAL A","Finanzwesen","Aktien","3.779.495,21","0,01","3.779.495,21","796.903,00","4,74","China","Shanghai Stock Exchange","CNY"
"354","CHINASOFT INTERNATIONAL","IT","Aktien","3.771.203,15","0,01","3.771.203,15","8.062.000,00","0,47","China","Hong Kong Exchanges And Clearing Ltd","HKD"
"9933","CTCI","Industrie","Aktien","3.767.027,05","0,01","3.767.027,05","2.832.600,00","1,33","Taiwan","Taiwan Stock Exchange","TWD"
"000657","CHINA TUNGSTEN AND HIGHTECH MATERI","Materialien","Aktien","3.769.351,23","0,01","3.769.351,23","415.000,00","9,08","China","Shenzhen Stock Exchange","CNY"
"KTC.R","KRUNGTHAI CARD NON-VOTING DR PCL","Finanzwesen","Aktien","3.769.520,53","0,01","3.769.520,53","3.399.700,00","1,11","Thailand","Stock Exchange Of Thailand","THB"
"IIFL","IIFL FINANCE","Finanzwesen","Aktien","3.761.938,35","0,01","3.761.938,35","604.997,00","6,22","Indien","National Stock Exchange Of India","INR"
"8039","TAIFLEX SCIENTIFIC LTD","IT","Aktien","3.764.416,22","0,01","3.764.416,22","467.000,00","8,06","Taiwan","Taiwan Stock Exchange","TWD"
"600016","CHINA MINSHENG BANKING A","Finanzwesen","Aktien","3.758.071,29","0,01","3.758.071,29","7.097.991,00","0,53","China","Shanghai Stock Exchange","CNY"
"RAMCOCEM","THE RAMCO CEMENTS LTD","Materialien","Aktien","3.761.061,70","0,01","3.761.061,70","420.079,00","8,95","Indien","National Stock Exchange Of India","INR"
"TFG","THE FOSCHINI GROUP","Zyklische Konsumgüter ","Aktien","3.750.681,24","0,01","3.750.681,24","1.196.357,00","3,14","Südafrika","Johannesburg Stock Exchange","ZAR"
"NMDCENR","NMDC ENERGY","Energie","Aktien","3.744.644,56","0,01","3.744.644,56","4.775.527,00","0,78","Ver. Arabische Emirate","Abu Dhabi Securities Exchange","AED"
"7030","MOBILE TELECOMMUNICATIONS","Kommunikation","Aktien","3.746.618,25","0,01","3.746.618,25","1.392.104,00","2,69","Saudi-Arabien","Saudi Stock Exchange","SAR"
"SIMEPROP","SIME DARBY PROPERTY","Immobilien","Aktien","3.739.585,26","0,01","3.739.585,26","11.791.200,00","0,32","Malaysia","Bursa Malaysia","MYR"
"AGUAS.A","AGUAS ANDINAS SA","Versorger","Aktien","3.741.204,45","0,01","3.741.204,45","10.695.936,00","0,35","Chile","Santiago Stock Exchange","CLP"
"688361","SKYVERSE TECHNOLOGY LTD A","IT","Aktien","3.734.221,92","0,01","3.734.221,92","69.800,00","53,50","China","Shanghai Stock Exchange","CNY"
"000988","HUAGONG TECH A","IT","Aktien","3.723.203,57","0,01","3.723.203,57","236.000,00","15,78","China","Shenzhen Stock Exchange","CNY"
"JFC","JOLLIBEE FOODS","Zyklische Konsumgüter ","Aktien","3.724.526,18","0,01","3.724.526,18","1.657.150,00","2,25","Philippinen","Philippine Stock Exchange Inc.","PHP"
"1722","TAIWAN FERTILIZER","Materialien","Aktien","3.716.259,70","0,01","3.716.259,70","2.811.000,00","1,32","Taiwan","Taiwan Stock Exchange","TWD"
"1866","CHINA XLX FERTILISER LTD","Materialien","Aktien","3.713.003,72","0,01","3.713.003,72","2.864.398,00","1,30","China","Hong Kong Exchanges And Clearing Ltd","HKD"
"SNT","SANTAM LTD","Finanzwesen","Aktien","3.698.959,89","0,01","3.698.959,89","146.763,00","25,20","Südafrika","Johannesburg Stock Exchange","ZAR"
"9896","MINISO GROUP HOLDING LTD","Zyklische Konsumgüter ","Aktien","3.700.511,24","0,01","3.700.511,24","1.667.600,00","2,22","China","Hong Kong Exchanges And Clearing Ltd","HKD"
"CMPC","EMPRESAS CMPC SA","Materialien","Aktien","3.696.459,09","0,01","3.696.459,09","3.699.356,00","1,00","Chile","Santiago Stock Exchange","CLP"
"000500","GAON CABLE LTD","Industrie","Aktien","3.691.665,76","0,01","3.691.665,76","19.580,00","188,54","Korea","Korea Exchange (Stock Market)","KRW"
"069960","HYUNDAI DEPARTMENT STORE LTD","Zyklische Konsumgüter ","Aktien","3.679.402,45","0,01","3.679.402,45","50.433,00","72,96","Korea","Korea Exchange (Stock Market)","KRW"
"ALPEKA","ALPEK SA DE CV","Materialien","Aktien","3.678.233,75","0,01","3.678.233,75","4.442.107,00","0,83","Mexiko","Bolsa Mexicana De Valores","MXN"
"SIB","SHARJAH ISLAMIC BANK","Finanzwesen","Aktien","3.672.745,81","0,01","3.672.745,81","4.481.543,00","0,82","Ver. Arabische Emirate","Abu Dhabi Securities Exchange","AED"
"CXSE3","CAIXA SEGURIDADE PARTICIPACOES SA","Finanzwesen","Aktien","3.662.214,23","0,01","3.662.214,23","919.485,00","3,98","Brasilien","XBSP","BRL"
"ENRG","ENERGI MEGA PERSADA","Energie","Aktien","3.636.911,50","0,01","3.636.911,50","49.251.000,00","0,07","Indonesien","Indonesia Stock Exchange","IDR"
"DHBK","DOHA BANK","Finanzwesen","Aktien","3.637.181,11","0,01","3.637.181,11","5.126.975,00","0,71","Qatar","Qatar Exchange","QAR"
"2096","SIMCERE PHARMACEUTICAL GROUP LTD","Gesundheitsversorgung","Aktien","3.628.510,07","0,01","3.628.510,07","2.526.000,00","1,44","China","Hong Kong Exchanges And Clearing Ltd","HKD"
"000408","ZANGGE MINING LTD A","Materialien","Aktien","3.629.507,82","0,01","3.629.507,82","343.000,00","10,58","China","Shenzhen Stock Exchange","CNY"
"IGBREIT","IGB REITS UNITS TRUST","Immobilien","Aktien","3.626.716,76","0,01","3.626.716,76","5.386.200,00","0,67","Malaysia","Bursa Malaysia","MYR"
"JGS","JG SUMMIT HOLDINGS CLASS B","Industrie","Aktien","3.627.417,93","0,01","3.627.417,93","11.646.165,00","0,31","Philippinen","Philippine Stock Exchange Inc.","PHP"
"MRDIY","MR D.I.Y. GROUP (M)","Zyklische Konsumgüter ","Aktien","3.620.629,42","0,01","3.620.629,42","11.594.500,00","0,31","Malaysia","Bursa Malaysia","MYR"
"6116","HANNSTAR DISPLAY CORP","IT","Aktien","3.621.990,12","0,01","3.621.990,12","8.278.000,00","0,44","Taiwan","Taiwan Stock Exchange","TWD"
"TMGH","TALAAT MOUSTAFA GROUP","Immobilien","Aktien","3.622.788,84","0,01","3.622.788,84","1.969.466,00","1,84","Ägypten","Egyptian Exchange","EGP"
"3339","LONKING HOLDINGS LTD","Industrie","Aktien","3.618.133,22","0,01","3.618.133,22","8.563.079,00","0,42","China","Hong Kong Exchanges And Clearing Ltd","HKD"
"COGN3","COGNA EDUCACAO SA","Zyklische Konsumgüter ","Aktien","3.610.285,66","0,01","3.610.285,66","8.130.316,00","0,44","Brasilien","XBSP","BRL"
"2400","XD","Kommunikation","Aktien","3.599.871,01","0,01","3.599.871,01","757.600,00","4,75","China","Hong Kong Exchanges And Clearing Ltd","HKD"
"357780","SOULBRAIN","Materialien","Aktien","3.603.239,24","0,01","3.603.239,24","15.109,00","238,48","Korea","Korea Exchange (Kosdaq)","KRW"
"1066","SHANDONG WEIGAO GP MEDICAL POLYMER","Gesundheitsversorgung","Aktien","3.595.294,72","0,01","3.595.294,72","8.926.400,00","0,40","China","Hong Kong Exchanges And Clearing Ltd","HKD"
"JSE","JOHANNESBURG STOCK EXCHANGE LTD","Finanzwesen","Aktien","3.590.147,30","0,01","3.590.147,30","378.894,00","9,48","Südafrika","Johannesburg Stock Exchange","ZAR"
"005290","DONGJIN SEMICHEM LTD","Materialien","Aktien","3.581.580,72","0,01","3.581.580,72","120.990,00","29,60","Korea","Korea Exchange (Kosdaq)","KRW"
"097950","CJ CHEILJEDANG CORP","Nichtzyklische Konsumgüter","Aktien","3.585.580,72","0,01","3.585.580,72","28.084,00","127,67","Korea","Korea Exchange (Stock Market)","KRW"
"SAMMAANCAP","SAMMAAN CAPITAL LTD","Finanzwesen","Aktien","3.585.629,52","0,01","3.585.629,52","2.418.762,00","1,48","Indien","National Stock Exchange Of India","INR"
"8313","RASAN INFORMATION TECHNOLOGY","Finanzwesen","Aktien","3.578.960,42","0,01","3.578.960,42","91.334,00","39,19","Saudi-Arabien","Saudi Stock Exchange","SAR"
"139480","E-MART INC","Nichtzyklische Konsumgüter","Aktien","3.573.150,94","0,01","3.573.150,94","67.628,00","52,84","Korea","Korea Exchange (Stock Market)","KRW"
"2481","PAN JIT INTERNATIONAL INC","IT","Aktien","3.576.132,83","0,01","3.576.132,83","699.485,00","5,11","Taiwan","Taiwan Stock Exchange","TWD"
"601600","ALUMINUM CORPORATION OF CHINA LTD","Materialien","Aktien","3.569.925,91","0,01","3.569.925,91","2.613.139,00","1,37","China","Shanghai Stock Exchange","CNY"
"6290","LONGWELL","Industrie","Aktien","3.570.861,76","0,01","3.570.861,76","428.000,00","8,34","Taiwan","Gretai Securities Market","TWD"
"002648","SATELLITE CHEMICAL LTD A","Materialien","Aktien","3.564.047,52","0,01","3.564.047,52","907.249,00","3,93","China","Shenzhen Stock Exchange","CNY"
"AIIL","AUTHUM INVESTMENT AND INFRASTRUCTU","Finanzwesen","Aktien","3.566.408,06","0,01","3.566.408,06","648.999,00","5,50","Indien","National Stock Exchange Of India","INR"
"3042","TXC","IT","Aktien","3.560.762,17","0,01","3.560.762,17","636.000,00","5,60","Taiwan","Taiwan Stock Exchange","TWD"
"2838","UNION BANK OF TAIWAN","Finanzwesen","Aktien","3.562.220,85","0,01","3.562.220,85","5.209.748,00","0,68","Taiwan","Taiwan Stock Exchange","TWD"
"1908","C D INTERNATIONAL INVESTMENT GROUP","Immobilien","Aktien","3.550.979,21","0,01","3.550.979,21","2.357.000,00","1,51","China","Hong Kong Exchanges And Clearing Ltd","HKD"
"6214","SYSTEX CORP","IT","Aktien","3.541.284,40","0,01","3.541.284,40","585.000,00","6,05","Taiwan","Taiwan Stock Exchange","TWD"
"2270","SAUDI DAIRY AND FOODSTUFF","Nichtzyklische Konsumgüter","Aktien","3.543.176,57","0,01","3.543.176,57","65.373,00","54,20","Saudi-Arabien","Saudi Stock Exchange","SAR"
"AEFES.E","ANADOLU EFES BIRACILIK VE MALT SAN","Nichtzyklische Konsumgüter","Aktien","3.536.376,90","0,01","3.536.376,90","9.021.607,00","0,39","Türkei","Istanbul Stock Exchange","TRY"
"601869","YANGTZE OPTICAL FIBRE AND CABLE JO","IT","Aktien","3.538.422,66","0,01","3.538.422,66","50.800,00","69,65","China","Shanghai Stock Exchange","CNY"
"301308","SHENZHEN LONGSYS ELECTRONICS A","IT","Aktien","3.534.362,39","0,01","3.534.362,39","70.721,00","49,98","China","Shenzhen Stock Exchange","CNY"
"TOPGLOV","TOP GLOVE CORPORATION","Gesundheitsversorgung","Aktien","3.527.267,02","0,01","3.527.267,02","18.186.500,00","0,19","Malaysia","Bursa Malaysia","MYR"
"KKP.R","KIATNAKIN PHATRA BANK NON-VOTING D","Finanzwesen","Aktien","3.530.098,89","0,01","3.530.098,89","998.300,00","3,54","Thailand","Stock Exchange Of Thailand","THB"
"AWL","AWL AGRI BUSINESS LTD","Nichtzyklische Konsumgüter","Aktien","3.521.718,46","0,01","3.521.718,46","1.835.823,00","1,92","Indien","National Stock Exchange Of India","INR"
"3583","SCIENTECH CORPORATION CORP","IT","Aktien","3.517.415,51","0,01","3.517.415,51","163.000,00","21,58","Taiwan","Taiwan Stock Exchange","TWD"
"IEYHO.E","ISSIKLAR ENERJI YAPI HOLDING A","Zyklische Konsumgüter ","Aktien","3.518.674,88","0,01","3.518.674,88","919.327,00","3,83","Türkei","Istanbul Stock Exchange","TRY"
"CPFE3","CPFL ENERGIA","Versorger","Aktien","3.507.608,75","0,01","3.507.608,75","400.463,00","8,76","Brasilien","XBSP","BRL"
"MSUMI","MOTHERSON SUMI WIRING INDIA LTD","Zyklische Konsumgüter ","Aktien","3.508.253,83","0,01","3.508.253,83","9.331.109,00","0,38","Indien","National Stock Exchange Of India","INR"
"OLAELEC","OLA ELECTRIC MOBILITY LTD","Zyklische Konsumgüter ","Aktien","3.510.989,49","0,01","3.510.989,49","9.155.628,00","0,38","Indien","National Stock Exchange Of India","INR"
"MGROS.E","MIGROS TICARET A","Nichtzyklische Konsumgüter","Aktien","3.502.589,66","0,01","3.502.589,66","325.048,00","10,78","Türkei","Istanbul Stock Exchange","TRY"
"2250","SAUDI INDUSTRIAL INVESTMENT GROUP","Materialien","Aktien","3.493.688,15","0,01","3.493.688,15","1.126.527,00","3,10","Saudi-Arabien","Saudi Stock Exchange","SAR"
"012750","S-1 CORP","Industrie","Aktien","3.495.759,42","0,01","3.495.759,42","57.499,00","60,80","Korea","Korea Exchange (Stock Market)","KRW"
"LHC","LIFE HEALTH","Gesundheitsversorgung","Aktien","3.496.759,06","0,01","3.496.759,06","4.740.294,00","0,74","Südafrika","Johannesburg Stock Exchange","ZAR"
"1314","CHINA PETROCHEMICAL DEVELOPMENT CO","Materialien","Aktien","3.484.133,90","0,01","3.484.133,90","12.397.645,00","0,28","Taiwan","Taiwan Stock Exchange","TWD"
"696","TRAVELSKY TECHNOLOGY LTD H","Zyklische Konsumgüter ","Aktien","3.485.393,82","0,01","3.485.393,82","3.154.000,00","1,11","China","Hong Kong Exchanges And Clearing Ltd","HKD"
"1477","MAKALOT INDUSTRIAL","Zyklische Konsumgüter ","Aktien","3.487.612,83","0,01","3.487.612,83","573.164,00","6,08","Taiwan","Taiwan Stock Exchange","TWD"
"POONAWALLA","POONAWALLA FINCORP LTD","Finanzwesen","Aktien","3.479.569,89","0,01","3.479.569,89","771.306,00","4,51","Indien","National Stock Exchange Of India","INR"
"603268","GUANGDONG SONGFA CERAMICS LTD A","Zyklische Konsumgüter ","Aktien","3.480.402,68","0,01","3.480.402,68","120.600,00","28,86","China","Shanghai Stock Exchange","CNY"
"TATACHEM","TATA CHEMICALS LTD","Materialien","Aktien","3.483.636,51","0,01","3.483.636,51","428.861,00","8,12","Indien","National Stock Exchange Of India","INR"
"002602","ZHEJIANG CENTURY HUATONG GROUP LTD","Kommunikation","Aktien","3.477.022,52","0,01","3.477.022,52","1.603.400,00","2,17","China","Shenzhen Stock Exchange","CNY"
"BHW","BANK HANDLOWY W WARSZAWIE SA","Finanzwesen","Aktien","3.471.618,70","0,01","3.471.618,70","109.014,00","31,85","Polen","Warsaw Stock Exchange/Equities/Main Market","PLN"
"KPITTECH","KPIT TECHNOLOGIES LTD","IT","Aktien","3.468.939,65","0,01","3.468.939,65","595.032,00","5,83","Indien","National Stock Exchange Of India","INR"
"601628","CHINA LIFE INSURANCE LTD A","Finanzwesen","Aktien","3.460.679,02","0,01","3.460.679,02","624.599,00","5,54","China","Shanghai Stock Exchange","CNY"
"300857","SHARETRONIC DATA TECHNOLOGY LTD A","IT","Aktien","3.456.206,41","0,01","3.456.206,41","86.800,00","39,82","China","Shenzhen Stock Exchange","CNY"
"2006","TUNG HO STEEL ENTERPRISE","Materialien","Aktien","3.456.344,39","0,01","3.456.344,39","1.335.720,00","2,59","Taiwan","Taiwan Stock Exchange","TWD"
"ACMESOLAR","ACME SOLAR HOLDINGS LTD","Versorger","Aktien","3.448.030,52","0,01","3.448.030,52","804.268,00","4,29","Indien","National Stock Exchange Of India","INR"
"001120","LX INTERNATIONAL CORP","Industrie","Aktien","3.449.101,29","0,01","3.449.101,29","114.006,00","30,25","Korea","Korea Exchange (Stock Market)","KRW"
"FORCEMOT","FORCE MOTORS LTD","Industrie","Aktien","3.450.431,27","0,01","3.450.431,27","18.755,00","183,97","Indien","National Stock Exchange Of India","INR"
"035250","KANGWON LAND INC","Zyklische Konsumgüter ","Aktien","3.442.697,05","0,01","3.442.697,05","325.349,00","10,58","Korea","Korea Exchange (Stock Market)","KRW"
"ATUL","ATUL LTD","Materialien","Aktien","3.443.071,19","0,01","3.443.071,19","53.855,00","63,93","Indien","National Stock Exchange Of India","INR"
"1810","SEERA GROUP HOLDING","Zyklische Konsumgüter ","Aktien","3.447.005,87","0,01","3.447.005,87","635.362,00","5,43","Saudi-Arabien","Saudi Stock Exchange","SAR"
"2386","SINOPEC ENGINEERING GROUP LTD H H","Industrie","Aktien","3.435.809,97","0,01","3.435.809,97","4.923.500,00","0,70","China","Hong Kong Exchanges And Clearing Ltd","HKD"
"3030","TEST RESEARCH INC","IT","Aktien","3.428.087,51","0,01","3.428.087,51","414.000,00","8,28","Taiwan","Taiwan Stock Exchange","TWD"
"008930","HANMI SCIENCE","Gesundheitsversorgung","Aktien","3.421.626,46","0,01","3.421.626,46","92.878,00","36,84","Korea","Korea Exchange (Stock Market)","KRW"
"MEGACPO","MEGACABLE HOLDINGS CPO","Kommunikation","Aktien","3.423.491,87","0,01","3.423.491,87","1.133.373,00","3,02","Mexiko","Bolsa Mexicana De Valores","MXN"
"475150","SK ETERNIX LTD","Versorger","Aktien","3.417.483,41","0,01","3.417.483,41","96.461,00","35,43","Korea","Korea Exchange (Stock Market)","KRW"
"3376","SHIN ZU SHING","Industrie","Aktien","3.406.838,53","0,01","3.406.838,53","618.909,00","5,50","Taiwan","Taiwan Stock Exchange","TWD"
"ETEL","TELECOM EGYPT","Kommunikation","Aktien","3.396.610,08","0,01","3.396.610,08","1.330.041,00","2,55","Ägypten","Egyptian Exchange","EGP"
"2083","POWER AND WATER UTILITY COMPANY FO","Versorger","Aktien","3.397.031,00","0,01","3.397.031,00","292.414,00","11,62","Saudi-Arabien","Saudi Stock Exchange","SAR"
"IGL","INDRAPRASTHA GAS","Versorger","Aktien","3.397.738,85","0,01","3.397.738,85","2.192.578,00","1,55","Indien","National Stock Exchange Of India","INR"
"1321","EAST PIPES INTEGRATED COMPANY FOR","Materialien","Aktien","3.384.201,20","0,01","3.384.201,20","60.914,00","55,56","Saudi-Arabien","Saudi Stock Exchange","SAR"
"CARBORUNIV","CARBORUNDUM UNIVERSAL LTD","Materialien","Aktien","3.381.746,88","0,01","3.381.746,88","299.406,00","11,29","Indien","National Stock Exchange Of India","INR"
"PGAS","PERUSAHAAN GAS NEGARA","Versorger","Aktien","3.376.980,83","0,01","3.376.980,83","40.072.000,00","0,08","Indonesien","Indonesia Stock Exchange","IDR"
"3090","NICHIDENBO CORP","IT","Aktien","3.377.401,40","0,01","3.377.401,40","673.000,00","5,02","Taiwan","Taiwan Stock Exchange","TWD"
"NUVAMA","NUVAMA WEALTH MANAGEMENT LTD","Finanzwesen","Aktien","3.364.739,36","0,01","3.364.739,36","191.303,00","17,59","Indien","National Stock Exchange Of India","INR"
"089970","VM INC","IT","Aktien","3.351.432,85","0,01","3.351.432,85","87.699,00","38,22","Korea","Korea Exchange (Kosdaq)","KRW"
"601229","BANK OF SHANGHAI LTD A","Finanzwesen","Aktien","3.354.214,41","0,01","3.354.214,41","2.345.152,00","1,43","China","Shanghai Stock Exchange","CNY"
"ITCHOTELS","ITC HOTELS LTD","Zyklische Konsumgüter ","Aktien","3.346.368,26","0,01","3.346.368,26","2.080.232,00","1,61","Indien","National Stock Exchange Of India","INR"
"300033","HITHINK ROYALFLUSH INFORMATION NET","Finanzwesen","Aktien","3.341.371,75","0,01","3.341.371,75","111.440,00","29,98","China","Shenzhen Stock Exchange","CNY"
"BOX","BOXER RETAIL LTD","Nichtzyklische Konsumgüter","Aktien","3.342.090,62","0,01","3.342.090,62","699.170,00","4,78","Südafrika","Johannesburg Stock Exchange","ZAR"
"GENTING","GENTING","Zyklische Konsumgüter ","Aktien","3.345.093,93","0,01","3.345.093,93","7.216.600,00","0,46","Malaysia","Bursa Malaysia","MYR"
"2367","UNITECH PRINTED CIRCUIT BOARD","IT","Aktien","3.338.918,90","0,01","3.338.918,90","2.618.772,00","1,27","Taiwan","Taiwan Stock Exchange","TWD"
"BUMI","BUMI RESOURCES","Energie","Aktien","3.333.600,08","0,01","3.333.600,08","292.762.700,00","0,01","Indonesien","Indonesia Stock Exchange","IDR"
"002281","ACCELINK TECHNOLOGIES LTD A","IT","Aktien","3.322.465,32","0,01","3.322.465,32","116.500,00","28,52","China","Shenzhen Stock Exchange","CNY"
"600886","SDIC POWER HOLDINGS LTD A","Versorger","Aktien","3.322.729,30","0,01","3.322.729,30","1.545.000,00","2,15","China","Shanghai Stock Exchange","CNY"
"KAYNES","KAYNES TECHNOLOGY INDIA LTD","IT","Aktien","3.319.247,64","0,01","3.319.247,64","90.466,00","36,69","Indien","National Stock Exchange Of India","INR"
"SUNDRMFAST","SUNDRAM FASTENERS LTD","Zyklische Konsumgüter ","Aktien","3.313.084,15","0,01","3.313.084,15","259.109,00","12,79","Indien","National Stock Exchange Of India","INR"
"6855","ASCENTAGE PHARMA GROUP INTERNATION","Gesundheitsversorgung","Aktien","3.315.756,88","0,01","3.315.756,88","868.300,00","3,82","China","Hong Kong Exchanges And Clearing Ltd","HKD"
"AARTIIND","AARTI INDUSTRIES LTD","Materialien","Aktien","3.308.790,07","0,01","3.308.790,07","666.045,00","4,97","Indien","National Stock Exchange Of India","INR"
"SKFINDUS","SKF INDIA (INDUSTRIAL) LTD","Industrie","Aktien","3.312.076,51","0,01","3.312.076,51","108.068,00","30,65","Indien","National Stock Exchange Of India","INR"
"112610","CS WIND","Industrie","Aktien","3.312.872,00","0,01","3.312.872,00","88.706,00","37,35","Korea","Korea Exchange (Stock Market)","KRW"
"KLBF","KALBE FARMA","Gesundheitsversorgung","Aktien","3.304.086,25","0,01","3.304.086,25","75.631.600,00","0,04","Indonesien","Indonesia Stock Exchange","IDR"
"EGCO.R","ELECTRICITY GENERATING NON-VOTING","Versorger","Aktien","3.305.495,95","0,01","3.305.495,95","858.400,00","3,85","Thailand","Stock Exchange Of Thailand","THB"
"600160","ZHEJIANG JU HUA LTD A","Materialien","Aktien","3.305.590,75","0,01","3.305.590,75","633.800,00","5,22","China","Shanghai Stock Exchange","CNY"
"NBCC","NBCC INDIA LTD","Industrie","Aktien","3.306.833,10","0,01","3.306.833,10","3.862.770,00","0,86","Indien","National Stock Exchange Of India","INR"
"1681","CONSUN PHARMACEUTICAL GROUP LTD","Gesundheitsversorgung","Aktien","3.300.200,75","0,01","3.300.200,75","1.966.000,00","1,68","China","Hong Kong Exchanges And Clearing Ltd","HKD"
"2367","GIANT BIOGENE HOLDING LTD","Nichtzyklische Konsumgüter","Aktien","3.296.604,36","0,01","3.296.604,36","1.057.400,00","3,12","China","Hong Kong Exchanges And Clearing Ltd","HKD"
"007390","NATURECELL LTD","Gesundheitsversorgung","Aktien","3.298.641,62","0,01","3.298.641,62","185.267,00","17,80","Korea","Korea Exchange (Kosdaq)","KRW"
"7200","AL MOAMMAR INFORMATION SYSTEMS","IT","Aktien","3.298.743,62","0,01","3.298.743,62","40.602,00","81,25","Saudi-Arabien","Saudi Stock Exchange","SAR"
"4004","DALLAH HEALTHCARE","Gesundheitsversorgung","Aktien","3.291.510,71","0,01","3.291.510,71","154.557,00","21,30","Saudi-Arabien","Saudi Stock Exchange","SAR"
"2252","SHANGHAI MICROPORT MEDBOT CLASS H","Gesundheitsversorgung","Aktien","3.286.744,88","0,01","3.286.744,88","1.217.500,00","2,70","China","Hong Kong Exchanges And Clearing Ltd","HKD"
"1907","YFY INC","Materialien","Aktien","3.280.997,41","0,01","3.280.997,41","3.552.000,00","0,92","Taiwan","Taiwan Stock Exchange","TWD"
"002001","ZHEJIANG NHU A","Materialien","Aktien","3.277.884,73","0,01","3.277.884,73","832.193,00","3,94","China","Shenzhen Stock Exchange","CNY"
"000938","UNISPLENDOUR CORP LTD A","IT","Aktien","3.279.491,24","0,01","3.279.491,24","670.396,00","4,89","China","Shenzhen Stock Exchange","CNY"
"096530","SEEGENE INC","Gesundheitsversorgung","Aktien","3.274.606,30","0,01","3.274.606,30","134.254,00","24,39","Korea","Korea Exchange (Kosdaq)","KRW"
"GODFRYPHLP","GODFREY PHILLIPS INDIA LTD","Nichtzyklische Konsumgüter","Aktien","3.274.791,69","0,01","3.274.791,69","161.696,00","20,25","Indien","National Stock Exchange Of India","INR"
"6682","PHANCY GROUP LTD H","IT","Aktien","3.267.965,82","0,01","3.267.965,82","990.700,00","3,30","China","Hong Kong Exchanges And Clearing Ltd","HKD"
"301377","GUANGDONG DTECH TECHNOLOGY LTD A","Industrie","Aktien","3.268.617,45","0,01","3.268.617,45","54.900,00","59,54","China","Shenzhen Stock Exchange","CNY"
"ARVIND","ARVIND LTD","Zyklische Konsumgüter ","Aktien","3.269.810,32","0,01","3.269.810,32","579.205,00","5,65","Indien","National Stock Exchange Of India","INR"
"VIO","VIOHALCO SA","Materialien","Aktien","3.271.147,81","0,01","3.271.147,81","192.689,00","16,98","Griechenland","Athens Exchange S.A. Cash Market","EUR"
"2646","STARLUX AIRLINES LTD","Industrie","Aktien","3.263.373,32","0,01","3.263.373,32","5.138.000,00","0,64","Taiwan","Taiwan Stock Exchange","TWD"
"ORAS","ORASCOM CONSTRUCTION PLC","Industrie","Aktien","3.264.924,65","0,01","3.264.924,65","193.444,00","16,88","Ägypten","Egyptian Exchange","EGP"
"301526","CHONGQING POLYCOMP INTERNATIONAL C","Materialien","Aktien","3.260.002,36","0,01","3.260.002,36","679.674,00","4,80","China","Shenzhen Stock Exchange","CNY"
"601066","CHINA SECURITIES LTD A","Finanzwesen","Aktien","3.261.350,98","0,01","3.261.350,98","942.965,00","3,46","China","Shanghai Stock Exchange","CNY"
"6699","ANGELALIGN TECHNOLOGY","Gesundheitsversorgung","Aktien","3.253.405,39","0,01","3.253.405,39","289.400,00","11,24","China","Hong Kong Exchanges And Clearing Ltd","HKD"
"001309","SHENZHEN TECHWINSEMI TECHNOLOGY LT","IT","Aktien","3.255.950,78","0,01","3.255.950,78","55.000,00","59,20","China","Shenzhen Stock Exchange","CNY"
"600795","GD POWER DEVELOPMENT LTD A","Versorger","Aktien","3.251.629,23","0,01","3.251.629,23","4.144.900,00","0,78","China","Shanghai Stock Exchange","CNY"
"AFFLE","AFFLE I LTD","Kommunikation","Aktien","3.252.288,78","0,01","3.252.288,78","201.874,00","16,11","Indien","National Stock Exchange Of India","INR"
"064760","TOKAI CARBON KOREA LTD","IT","Aktien","3.245.730,83","0,01","3.245.730,83","16.487,00","196,87","Korea","Korea Exchange (Kosdaq)","KRW"
"VGUARD","V GUARD INDUSTRIES LTD","Industrie","Aktien","3.239.666,67","0,01","3.239.666,67","941.407,00","3,44","Indien","National Stock Exchange Of India","INR"
"2498","HTC","IT","Aktien","3.234.746,33","0,01","3.234.746,33","2.588.000,00","1,25","Taiwan","Taiwan Stock Exchange","TWD"
"6414","ENNOCONN","IT","Aktien","3.236.061,26","0,01","3.236.061,26","277.722,00","11,65","Taiwan","Taiwan Stock Exchange","TWD"
"039200","OSCOTEC INC","Gesundheitsversorgung","Aktien","3.233.767,45","0,01","3.233.767,45","119.304,00","27,11","Korea","Korea Exchange (Kosdaq)","KRW"
"5904","POYA LTD","Zyklische Konsumgüter ","Aktien","3.234.158,36","0,01","3.234.158,36","1.420.290,00","2,28","Taiwan","Gretai Securities Market","TWD"
"600010","INNER MONGOLIA BAOTOU STEEL UNION","Materialien","Aktien","3.225.587,36","0,01","3.225.587,36","10.250.030,00","0,31","China","Shanghai Stock Exchange","CNY"
"6781","ADVANCED ENERGY SOLUTION HOLDING L","Industrie","Aktien","3.217.689,96","0,01","3.217.689,96","103.000,00","31,24","Taiwan","Taiwan Stock Exchange","TWD"
"600905","CHINA THREE GORGES RENEWABLES(GROU","Versorger","Aktien","3.211.670,24","0,01","3.211.670,24","5.932.300,00","0,54","China","Shanghai Stock Exchange","CNY"
"2357","AVICHINA INDUSTRY & TECHNOLOGY LTD","Industrie","Aktien","3.213.560,38","0,01","3.213.560,38","8.909.000,00","0,36","China","Hong Kong Exchanges And Clearing Ltd","HKD"
"FSL","FIRSTSOURCE SOLUTIONS LTD","Industrie","Aktien","3.206.848,02","0,01","3.206.848,02","1.126.536,00","2,85","Indien","National Stock Exchange Of India","INR"
"000568","LUZHOU LAO JIAO LTD A","Nichtzyklische Konsumgüter","Aktien","3.209.022,37","0,01","3.209.022,37","300.300,00","10,69","China","Shenzhen Stock Exchange","CNY"
"GPSC.R","GLOBAL POWER SYNERGY NON-VOTING DR","Versorger","Aktien","3.210.642,04","0,01","3.210.642,04","2.220.500,00","1,45","Thailand","Stock Exchange Of Thailand","THB"
"2350","SAUDI KAYAN PETROCHEMICAL","Materialien","Aktien","3.199.711,05","0,01","3.199.711,05","2.384.864,00","1,34","Saudi-Arabien","Saudi Stock Exchange","SAR"
"8932","WISELINK LTD","Zyklische Konsumgüter ","Aktien","3.200.222,16","0,01","3.200.222,16","1.145.130,00","2,79","Taiwan","Gretai Securities Market","TWD"
"IRPC.R","IRPC NON-VOTING DR","Energie","Aktien","3.202.055,80","0,01","3.202.055,80","38.997.300,00","0,08","Thailand","Stock Exchange Of Thailand","THB"
"QFIN","QFIN HOLDINGS ADR","Finanzwesen","Aktien","3.189.842,78","0,01","3.189.842,78","384.782,00","8,29","China","NASDAQ","USD"
"TCAP.R","THANACHART CAPITAL NON-VOTING DR P","Finanzwesen","Aktien","3.190.662,27","0,01","3.190.662,27","1.282.800,00","2,49","Thailand","Stock Exchange Of Thailand","THB"
"081660","MISTO HOLDINGS CORP","Zyklische Konsumgüter ","Aktien","3.190.785,80","0,01","3.190.785,80","113.916,00","28,01","Korea","Korea Exchange (Stock Market)","KRW"
"JUBLPHARMA","JUBILANT PHARMOVA LTD","Gesundheitsversorgung","Aktien","3.192.681,65","0,01","3.192.681,65","302.636,00","10,55","Indien","National Stock Exchange Of India","INR"
"772","CHINA LITERATURE LTD","Kommunikation","Aktien","3.185.149,10","0,01","3.185.149,10","1.321.500,00","2,41","China","Hong Kong Exchanges And Clearing Ltd","HKD"
"301217","ANHUI TONGGUAN COPPER FOIL GROUP L","Materialien","Aktien","3.186.181,95","0,01","3.186.181,95","191.000,00","16,68","China","Shenzhen Stock Exchange","CNY"
"NATCOPHARM","NATCO PHARMA LTD","Gesundheitsversorgung","Aktien","3.182.055,38","0,01","3.182.055,38","373.087,00","8,53","Indien","National Stock Exchange Of India","INR"
"URC","UNIVERSAL ROBINA CORP","Nichtzyklische Konsumgüter","Aktien","3.183.264,84","0,01","3.183.264,84","3.443.140,00","0,92","Philippinen","Philippine Stock Exchange Inc.","PHP"
"ELGIEQUIP","ELGI EQUIPMENTS LTD","Industrie","Aktien","3.178.566,68","0,01","3.178.566,68","513.979,00","6,18","Indien","National Stock Exchange Of India","INR"
"004800","HYOSUNG","Industrie","Aktien","3.172.922,23","0,01","3.172.922,23","27.746,00","114,36","Korea","Korea Exchange (Stock Market)","KRW"
"PSSA3","PORTO SEGURO SA","Finanzwesen","Aktien","3.165.858,40","0,01","3.165.858,40","330.362,00","9,58","Brasilien","XBSP","BRL"
"095610","TES LTD","IT","Aktien","3.168.840,59","0,01","3.168.840,59","32.122,00","98,65","Korea","Korea Exchange (Kosdaq)","KRW"
"CZK","CZK CASH","Cash und/oder Derivate","Geldmarkt","3.163.305,88","0,01","3.163.305,88","66.975.726,00","4,72","Tschechien","-","CZK"
"603501","OMNIVISION INTEGRATED CIRCUITS GRO","IT","Aktien","3.161.286,16","0,01","3.161.286,16","269.606,00","11,73","China","Shanghai Stock Exchange","CNY"
"002230","IFLYTEK LTD A","IT","Aktien","3.162.423,86","0,01","3.162.423,86","553.053,00","5,72","China","Shenzhen Stock Exchange","CNY"
"1952","EVEREST MEDICINES","Gesundheitsversorgung","Aktien","3.157.516,59","0,01","3.157.516,59","940.500,00","3,36","China","Hong Kong Exchanges And Clearing Ltd","HKD"
"PTRO","PETROSEA","Materialien","Aktien","3.152.676,16","0,01","3.152.676,16","10.503.000,00","0,30","Indonesien","Indonesia Stock Exchange","IDR"
"600111","CHINA NORTHERN RARE EARTH (GROUP)","Materialien","Aktien","3.146.564,05","0,01","3.146.564,05","574.400,00","5,48","China","Shanghai Stock Exchange","CNY"
"CENTEL.R","CENTRAL PLAZA HOTEL NON-VOTING DR","Zyklische Konsumgüter ","Aktien","3.135.981,42","0,01","3.135.981,42","2.419.600,00","1,30","Thailand","Stock Exchange Of Thailand","THB"
"004170","SHINSEGAE INC","Zyklische Konsumgüter ","Aktien","3.131.646,94","0,01","3.131.646,94","12.240,00","255,85","Korea","Korea Exchange (Stock Market)","KRW"
"383220","F&F LTD","Zyklische Konsumgüter ","Aktien","3.124.823,07","0,01","3.124.823,07","62.662,00","49,87","Korea","Korea Exchange (Stock Market)","KRW"
"JINDALSAW","JINDAL SAW LTD","Materialien","Aktien","3.116.349,17","0,01","3.116.349,17","1.026.699,00","3,04","Indien","National Stock Exchange Of India","INR"
"PVRINOX","PVR INOX LTD","Kommunikation","Aktien","3.112.491,90","0,01","3.112.491,90","234.623,00","13,27","Indien","National Stock Exchange Of India","INR"
"IGTI11","IGUATEMI UNIT SA","Immobilien","Aktien","3.112.741,73","0,01","3.112.741,73","627.789,00","4,96","Brasilien","XBSP","BRL"
"080220","JEJU SEMICONDUCTOR CORP","IT","Aktien","3.108.057,40","0,01","3.108.057,40","59.231,00","52,47","Korea","Korea Exchange (Kosdaq)","KRW"
"TATAINVEST","TATA INVESTMENT CORPORATION LTD","Finanzwesen","Aktien","3.095.912,19","0,01","3.095.912,19","412.921,00","7,50","Indien","National Stock Exchange Of India","INR"
"9899","NETEASE CLOUD MUSIC INC","Kommunikation","Aktien","3.095.969,10","0,01","3.095.969,10","286.100,00","10,82","China","Hong Kong Exchanges And Clearing Ltd","HKD"
"1164","CGN MINING COMPANY LTD","Energie","Aktien","3.096.177,50","0,01","3.096.177,50","11.595.000,00","0,27","China","Hong Kong Exchanges And Clearing Ltd","HKD"
"600089","TBEA LTD A","Industrie","Aktien","3.099.690,77","0,01","3.099.690,77","1.160.437,00","2,67","China","Shanghai Stock Exchange","CNY"
"000630","TONGLING NONFERROUS METALS GROUP L","Materialien","Aktien","3.091.306,36","0,01","3.091.306,36","3.443.058,00","0,90","China","Shenzhen Stock Exchange","CNY"
"3035","FARADAY TECHNOLOGY","IT","Aktien","3.090.663,15","0,01","3.090.663,15","550.492,00","5,61","Taiwan","Taiwan Stock Exchange","TWD"
"011170","LOTTE CHEMICAL","Materialien","Aktien","3.084.077,52","0,01","3.084.077,52","68.617,00","44,95","Korea","Korea Exchange (Stock Market)","KRW"
"HUF","HUF CASH","Cash und/oder Derivate","Geldmarkt","3.078.269,55","0,01","3.078.269,55","972.444.896,00","0,32","Ungarn","-","HUF"
"DEEPAKNTR","DEEPAK NITRITE LTD","Materialien","Aktien","3.080.245,80","0,01","3.080.245,80","184.142,00","16,73","Indien","National Stock Exchange Of India","INR"
"BELRISE","BELRISE INDUSTRIES LTD","Zyklische Konsumgüter ","Aktien","3.080.753,19","0,01","3.080.753,19","1.288.572,00","2,39","Indien","National Stock Exchange Of India","INR"
"008770","HOTEL SHILLA LTDINARY SHARES KOREA","Zyklische Konsumgüter ","Aktien","3.071.911,95","0,01","3.071.911,95","104.411,00","29,42","Korea","Korea Exchange (Stock Market)","KRW"
"9939","TAIWAN HON CHUAN ENTERPRISE","Materialien","Aktien","3.072.486,91","0,01","3.072.486,91","774.376,00","3,97","Taiwan","Taiwan Stock Exchange","TWD"
"000301","JIANGSU EASTERN SHENGHONG LTD A","Materialien","Aktien","3.065.284,11","0,01","3.065.284,11","1.531.500,00","2,00","China","Shenzhen Stock Exchange","CNY"
"1199","COSCO SHIPPING PORTS LTD","Industrie","Aktien","3.067.025,68","0,01","3.067.025,68","4.034.000,00","0,76","China","Hong Kong Exchanges And Clearing Ltd","HKD"
"601868","CHINA ENERGY ENGINEERING CORP LTD","Industrie","Aktien","3.045.381,05","0,01","3.045.381,05","8.334.400,00","0,37","China","Shanghai Stock Exchange","CNY"
"214150","CLASSYS INC","Gesundheitsversorgung","Aktien","3.040.929,22","0,01","3.040.929,22","133.593,00","22,76","Korea","Korea Exchange (Kosdaq)","KRW"
"600346","HENGLI PETROCHEMICAL LTD A","Materialien","Aktien","3.043.186,57","0,01","3.043.186,57","1.245.700,00","2,44","China","Shanghai Stock Exchange","CNY"
"031980","PSK HOLDINGS INC","IT","Aktien","3.044.703,43","0,01","3.044.703,43","25.205,00","120,80","Korea","Korea Exchange (Kosdaq)","KRW"
"INKP","INDAH KIAT PULP & PAPER","Materialien","Aktien","3.035.971,46","0,01","3.035.971,46","6.172.852,00","0,49","Indonesien","Indonesia Stock Exchange","IDR"
"2050","SAVOLA GROUP","Nichtzyklische Konsumgüter","Aktien","3.037.716,45","0,01","3.037.716,45","442.637,00","6,86","Saudi-Arabien","Saudi Stock Exchange","SAR"
"601919","COSCO SHIPPING HOLDINGS LTD A","Industrie","Aktien","3.039.954,25","0,01","3.039.954,25","1.252.790,00","2,43","China","Shanghai Stock Exchange","CNY"
"301511","JIUJIANG DEFU TECHNOLOGY LTD A","Industrie","Aktien","3.034.582,55","0,01","3.034.582,55","190.300,00","15,95","China","Shenzhen Stock Exchange","CNY"
"282330","BGF RETAIL","Nichtzyklische Konsumgüter","Aktien","3.027.349,91","0,01","3.027.349,91","29.148,00","103,86","Korea","Korea Exchange (Stock Market)","KRW"
"2504","GOLDSUN BUILDING MATERIALS LTD","Materialien","Aktien","3.030.056,86","0,01","3.030.056,86","3.131.468,00","0,97","Taiwan","Taiwan Stock Exchange","TWD"
"030000","CHEIL WORLDWIDE INC","Kommunikation","Aktien","3.030.370,59","0,01","3.030.370,59","240.904,00","12,58","Korea","Korea Exchange (Stock Market)","KRW"
"546","FUFENG GROUP LTD","Materialien","Aktien","3.025.332,51","0,01","3.025.332,51","5.364.000,00","0,56","China","Hong Kong Exchanges And Clearing Ltd","HKD"
"000425","XCMG CONSTRUCTION MACHINERY A","Industrie","Aktien","3.026.222,01","0,01","3.026.222,01","2.691.090,00","1,12","China","Shenzhen Stock Exchange","CNY"
"500048","BEML LTD","Industrie","Aktien","3.012.788,69","0,01","3.012.788,69","143.565,00","20,99","Indien","Bse Ltd","INR"
"EMPOWER","EMIRATES CENTRAL COOLING SYSTEMS C","Versorger","Aktien","3.013.302,06","0,01","3.013.302,06","6.960.633,00","0,43","Ver. Arabische Emirate","Dubai Financial Market","AED"
"LH.R","LAND AND HOUSE PUBLIC NON-VOTING D","Immobilien","Aktien","3.014.371,59","0,01","3.014.371,59","27.634.500,00","0,11","Thailand","Stock Exchange Of Thailand","THB"
"688469","UNITED NOVA TECHNOLOGY LTD A","IT","Aktien","3.005.735,67","0,01","3.005.735,67","2.390.683,00","1,26","China","Shanghai Stock Exchange","CNY"
"4003","UNITED ELECTRONICS","Zyklische Konsumgüter ","Aktien","2.988.348,73","0,01","2.988.348,73","168.808,00","17,70","Saudi-Arabien","Saudi Stock Exchange","SAR"
"GABRIEL","GABRIEL INDIA LTD","Zyklische Konsumgüter ","Aktien","2.981.462,24","0,01","2.981.462,24","222.820,00","13,38","Indien","National Stock Exchange Of India","INR"
"AKTR","AKTOR SA HOLDING COMPANY TECHNICAL","Industrie","Aktien","2.982.434,15","0,01","2.982.434,15","255.067,00","11,69","Griechenland","Athens Exchange S.A. Cash Market","EUR"
"600489","ZHONGJIN GOLD CORP LTD A","Materialien","Aktien","2.982.737,82","0,01","2.982.737,82","836.789,00","3,56","China","Shanghai Stock Exchange","CNY"
"022100","POSCO DX COMPANY LTD","IT","Aktien","2.976.239,71","0,01","2.976.239,71","193.968,00","15,34","Korea","Korea Exchange (Stock Market)","KRW"
"688002","RAYTRON TECHNOLOGY LTD A","IT","Aktien","2.979.865,77","0,01","2.979.865,77","108.000,00","27,59","China","Shanghai Stock Exchange","CNY"
"CHENNPETRO","CHENNAI PETROLEUM CORPORATION LTD","Energie","Aktien","2.973.947,19","0,01","2.973.947,19","201.763,00","14,74","Indien","National Stock Exchange Of India","INR"
"300757","ROBOTECHNIK INTELLIGENT TECHNOLOGY","Industrie","Aktien","2.974.062,34","0,01","2.974.062,34","32.800,00","90,67","China","Shenzhen Stock Exchange","CNY"
"EYDAP","ATHENS WATER SUPPLY AND SEWAGE SA","Versorger","Aktien","2.974.747,29","0,01","2.974.747,29","209.538,00","14,20","Griechenland","Athens Exchange S.A. Cash Market","EUR"
"1409","SHINKONG SYNTHETIC FIBERS CORP","Materialien","Aktien","2.975.388,61","0,01","2.975.388,61","3.825.114,00","0,78","Taiwan","Taiwan Stock Exchange","TWD"
"601838","BANK OF CHENGDU LTD A","Finanzwesen","Aktien","2.961.835,17","0,01","2.961.835,17","1.001.973,00","2,96","China","Shanghai Stock Exchange","CNY"
"2464","MIRLE AUTOMATION CORP","Industrie","Aktien","2.960.532,50","0,01","2.960.532,50","525.845,00","5,63","Taiwan","Taiwan Stock Exchange","TWD"
"6278","TAIWAN SURFACE MOUNTING TECHNOLOGY","IT","Aktien","2.960.621,03","0,01","2.960.621,03","513.000,00","5,77","Taiwan","Taiwan Stock Exchange","TWD"
"023530","LOTTE SHOPPING LTD","Zyklische Konsumgüter ","Aktien","2.948.128,40","0,01","2.948.128,40","35.236,00","83,67","Korea","Korea Exchange (Stock Market)","KRW"
"VNET","VNET GROUP ADR","IT","Aktien","2.945.142,27","0,01","2.945.142,27","483.603,00","6,09","China","NASDAQ","USD"
"MBK.R","MBK NON-VOTING DR PCL","Immobilien","Aktien","2.947.344,32","0,01","2.947.344,32","4.511.600,00","0,65","Thailand","Stock Exchange Of Thailand","THB"
"IREDA","INDIAN RENEWABLE ENERGY DEVELOPMEN","Finanzwesen","Aktien","2.942.328,41","0,01","2.942.328,41","2.589.959,00","1,14","Indien","National Stock Exchange Of India","INR"
"EKGYO.E","EMLAK KONUT GAYRIMENKUL YATIRIM OR","Immobilien","Aktien","2.935.000,69","0,01","2.935.000,69","7.425.178,00","0,40","Türkei","Istanbul Stock Exchange","TRY"
"600015","HUA XIA BANK LTD A","Finanzwesen","Aktien","2.929.473,98","0,01","2.929.473,98","3.132.715,00","0,94","China","Shanghai Stock Exchange","CNY"
"3563","MACHVISION","IT","Aktien","2.933.022,82","0,01","2.933.022,82","141.900,00","20,67","Taiwan","Taiwan Stock Exchange","TWD"
"TENNIND","TENNECO CLEAN AIR INDIA LTD","Zyklische Konsumgüter ","Aktien","2.928.553,90","0,01","2.928.553,90","546.558,00","5,36","Indien","National Stock Exchange Of India","INR"
"PRIVISCL","PRIVI SPECIALITY CHEMICALS LTD","Materialien","Aktien","2.922.575,08","0,01","2.922.575,08","80.321,00","36,39","Indien","National Stock Exchange Of India","INR"
"CYIENT","CYIENT","IT","Aktien","2.916.505,10","0,01","2.916.505,10","262.972,00","11,09","Indien","National Stock Exchange Of India","INR"
"2230","SAUDI CHEMICAL","Gesundheitsversorgung","Aktien","2.903.364,66","0,01","2.903.364,66","1.446.484,00","2,01","Saudi-Arabien","Saudi Stock Exchange","SAR"
"GUJENERGY","GUJARAT ENERGY LTD","Versorger","Aktien","2.900.283,13","0,01","2.900.283,13","1.162.118,00","2,50","Indien","National Stock Exchange Of India","INR"
"600026","COSCO SHIPPING ENERGY TRANSPORTATI","Energie","Aktien","2.901.327,94","0,01","2.901.327,94","880.643,00","3,29","China","Shanghai Stock Exchange","CNY"
"035900","JYP ENTERTAINMENT CORPORATION CORP","Kommunikation","Aktien","2.895.677,49","0,01","2.895.677,49","103.648,00","27,94","Korea","Korea Exchange (Kosdaq)","KRW"
"2616","CSTONE PHARMACEUTICALS","Gesundheitsversorgung","Aktien","2.895.839,10","0,01","2.895.839,10","4.223.000,00","0,69","China","Hong Kong Exchanges And Clearing Ltd","HKD"
"2869","GREENTOWN SERVICE GROUP LTD","Immobilien","Aktien","2.892.076,50","0,01","2.892.076,50","5.494.000,00","0,53","China","Hong Kong Exchanges And Clearing Ltd","HKD"
"PARKIN","PARKIN COMPANY","Industrie","Aktien","2.884.915,28","0,01","2.884.915,28","1.751.382,00","1,65","Ver. Arabische Emirate","Dubai Financial Market","AED"
"CCU","COMPANIA CERVECERIAS UNIDAS SA","Nichtzyklische Konsumgüter","Aktien","2.885.000,58","0,01","2.885.000,58","518.407,00","5,57","Chile","Santiago Stock Exchange","CLP"
"600674","SICHUAN CHUANTOU ENERGY LTD A","Versorger","Aktien","2.879.095,79","0,01","2.879.095,79","1.212.584,00","2,37","China","Shanghai Stock Exchange","CNY"
"SMFT3","SMARTFIT ESCOLA DE GINASTICA E DAN","Zyklische Konsumgüter ","Aktien","2.881.640,59","0,01","2.881.640,59","877.777,00","3,28","Brasilien","XBSP","BRL"
"030530","WONIK HOLDINGS","IT","Aktien","2.882.672,89","0,01","2.882.672,89","156.190,00","18,46","Korea","Korea Exchange (Kosdaq)","KRW"
"STAR","STRIDES PHARMA SCIENCE LTD","Gesundheitsversorgung","Aktien","2.873.799,54","0,01","2.873.799,54","229.716,00","12,51","Indien","National Stock Exchange Of India","INR"
"MPI","MALAYSIAN PACIFIC INDUSTRIES","IT","Aktien","2.876.164,92","0,01","2.876.164,92","294.000,00","9,78","Malaysia","Bursa Malaysia","MYR"
"IRBR3","IRB BRASIL RESSEGUROS SA","Finanzwesen","Aktien","2.878.258,84","0,01","2.878.258,84","243.413,00","11,82","Brasilien","XBSP","BRL"
"1795","LOTUS PHARMACEUTICAL LTD","Gesundheitsversorgung","Aktien","2.869.419,90","0,01","2.869.419,90","508.246,00","5,65","Taiwan","Taiwan Stock Exchange","TWD"
"000807","YUNNAN ALUMINIUM LTD A","Materialien","Aktien","2.864.781,20","0,01","2.864.781,20","713.800,00","4,01","China","Shenzhen Stock Exchange","CNY"
"3020","YAMAMA SAUDI CEMENT","Materialien","Aktien","2.867.783,48","0,01","2.867.783,48","477.519,00","6,01","Saudi-Arabien","Saudi Stock Exchange","SAR"
"817","CHINA JINMAO HOLDINGS GROUP LTD","Immobilien","Aktien","2.860.617,03","0,01","2.860.617,03","18.860.000,00","0,15","China","Hong Kong Exchanges And Clearing Ltd","HKD"
"688120","HWATSING TECHNOLOGY LTD A","IT","Aktien","2.862.197,61","0,01","2.862.197,61","72.419,00","39,52","China","Shanghai Stock Exchange","CNY"
"3680","GUDENG PRECISION INDUSTRIAL","IT","Aktien","2.864.089,83","0,01","2.864.089,83","173.272,00","16,53","Taiwan","Gretai Securities Market","TWD"
"023590","DAOU TECHNOLOGY INC","Finanzwesen","Aktien","2.850.874,10","0,01","2.850.874,10","98.596,00","28,91","Korea","Korea Exchange (Stock Market)","KRW"
"300498","WENS FOODSTUFF GROUP","Nichtzyklische Konsumgüter","Aktien","2.851.326,99","0,01","2.851.326,99","1.306.777,00","2,18","China","Shenzhen Stock Exchange","CNY"
"2637","WISDOM MARINE LINES LTD","Industrie","Aktien","2.851.946,55","0,01","2.851.946,55","891.443,00","3,20","Taiwan","Taiwan Stock Exchange","TWD"
"4763","JINAN ACETATE CHEMICAL","Materialien","Aktien","2.849.073,54","0,01","2.849.073,54","1.904.310,00","1,50","Taiwan","Taiwan Stock Exchange","TWD"
"002460","GANFENG LITHIUM GROUP LTD A","Materialien","Aktien","2.841.989,90","0,01","2.841.989,90","415.063,00","6,85","China","Shenzhen Stock Exchange","CNY"
"HEXW","HEXAWARE TECHNOLOGIES LTD","IT","Aktien","2.837.444,09","0,01","2.837.444,09","517.081,00","5,49","Indien","National Stock Exchange Of India","INR"
"093370","FOOSUNG LTD","Materialien","Aktien","2.835.547,16","0,01","2.835.547,16","264.533,00","10,72","Korea","Korea Exchange (Stock Market)","KRW"
"PINELABS","PINE LABS","Finanzwesen","Aktien","2.830.284,23","0,01","2.830.284,23","1.471.869,00","1,92","Indien","National Stock Exchange Of India","INR"
"ZENTEC","ZEN TECHNOLOGIES LTD","Industrie","Aktien","2.831.969,65","0,01","2.831.969,65","161.558,00","17,53","Indien","National Stock Exchange Of India","INR"
"BAATABAK","PHILIP MORRIS","Nichtzyklische Konsumgüter","Aktien","2.825.905,06","0,01","2.825.905,06","3.203,00","882,27","Tschechien","Prague Stock Exchange","CZK"
"140860","PARKSYSTEMS CORP","IT","Aktien","2.816.156,77","0,01","2.816.156,77","14.994,00","187,82","Korea","Korea Exchange (Kosdaq)","KRW"
"2329","ORIENT SEMICONDUCTOR ELECTRONICS","IT","Aktien","2.816.269,11","0,01","2.816.269,11","2.093.000,00","1,35","Taiwan","Taiwan Stock Exchange","TWD"
"002436","SHENZHEN FASTPRINT CIRCUIT TECH LT","IT","Aktien","2.810.571,21","0,01","2.810.571,21","457.400,00","6,14","China","Shenzhen Stock Exchange","CNY"
"1609","TA YA ELECTRIC WIRE & CABLE LTD","Industrie","Aktien","2.812.770,60","0,01","2.812.770,60","2.381.890,00","1,18","Taiwan","Taiwan Stock Exchange","TWD"
"MXN","MXN CASH","Cash und/oder Derivate","Geldmarkt","2.803.535,72","0,01","2.803.535,72","48.179.322,00","5,82","Mexiko","-","MXN"
"ZFCVINDIA","ZF COMMERCIAL VEHICLE CONTROL SYST","Zyklische Konsumgüter ","Aktien","2.799.895,77","0,01","2.799.895,77","109.854,00","25,49","Indien","National Stock Exchange Of India","INR"
"2351","SDI","IT","Aktien","2.791.876,42","0,01","2.791.876,42","374.000,00","7,46","Taiwan","Taiwan Stock Exchange","TWD"
"ADMIE","ADMIE HOLDING COMPANY SA SHRS","Versorger","Aktien","2.782.592,58","0,01","2.782.592,58","562.087,00","4,95","Griechenland","Athens Exchange S.A. Cash Market","EUR"
"CGCL","CAPRI GLOBAL CAPITAL LTD","Finanzwesen","Aktien","2.777.326,32","0,01","2.777.326,32","1.015.627,00","2,73","Indien","National Stock Exchange Of India","INR"
"601888","CHINA TOURISM GROUP DUTY FREE CORP","Zyklische Konsumgüter ","Aktien","2.777.334,38","0,01","2.777.334,38","364.067,00","7,63","China","Shanghai Stock Exchange","CNY"
"002493","RONGSHENG PETRO CHEMICAL LTD A","Materialien","Aktien","2.777.684,11","0,01","2.777.684,11","1.440.400,00","1,93","China","Shenzhen Stock Exchange","CNY"
"AXREIT","AXIS REITS UNITS TRUST","Immobilien","Aktien","2.781.073,19","0,01","2.781.073,19","6.229.300,00","0,45","Malaysia","Bursa Malaysia","MYR"
"ISAE4","ISA ENERGIA BRASIL PREF SA","Versorger","Aktien","2.767.620,95","0,01","2.767.620,95","523.195,00","5,29","Brasilien","XBSP","BRL"
"RIPLEY","RIPLEY CORPORATION CORP SA","Zyklische Konsumgüter ","Aktien","2.764.525,29","0,01","2.764.525,29","5.990.326,00","0,46","Chile","Santiago Stock Exchange","CLP"
"CSAN3","COSAN INDUSTRIA E COMERCIO","Zyklische Konsumgüter ","Aktien","2.764.710,80","0,01","2.764.710,80","3.884.946,00","0,71","Brasilien","XBSP","BRL"
"688521","VERISILICON MICROELECTRONICS (SHAN","IT","Aktien","2.760.900,82","0,01","2.760.900,82","94.400,00","29,25","China","Shanghai Stock Exchange","CNY"
"4123","CENTER LABORATORIES INC","Gesundheitsversorgung","Aktien","2.762.028,46","0,01","2.762.028,46","2.859.103,00","0,97","Taiwan","Gretai Securities Market","TWD"
"KRDMD.E","KARDEMIR KARABUK DEMIR CELIK SANAY","Materialien","Aktien","2.755.172,18","0,01","2.755.172,18","3.042.362,00","0,91","Türkei","Istanbul Stock Exchange","TRY"
"ABREL","ADITYA BIRLA REAL ESTATE LTD","Immobilien","Aktien","2.750.598,13","0,01","2.750.598,13","209.866,00","13,11","Indien","National Stock Exchange Of India","INR"
"AETHER","AETHER INDUSTRIES","Gesundheitsversorgung","Aktien","2.750.900,23","0,01","2.750.900,23","162.579,00","16,92","Indien","National Stock Exchange Of India","INR"
"CHAMBLFERT","CHAMBAL FERTILISERS AND CHEMICALS","Materialien","Aktien","2.747.243,32","0,01","2.747.243,32","636.781,00","4,31","Indien","National Stock Exchange Of India","INR"
"8028","PHOENIX SILICON INTERNATIONAL CORP","IT","Aktien","2.747.463,34","0,01","2.747.463,34","359.000,00","7,65","Taiwan","Taiwan Stock Exchange","TWD"
"3320","CHINA RESOURCES PHARMACEUTICAL GRO","Gesundheitsversorgung","Aktien","2.740.241,41","0,01","2.740.241,41","5.029.000,00","0,54","China","Hong Kong Exchanges And Clearing Ltd","HKD"
"AHGAZ.E","AHLATCI DOGAL GAZ DAGITIM ENERJI V","Versorger","Aktien","2.742.907,57","0,01","2.742.907,57","3.257.939,00","0,84","Türkei","Istanbul Stock Exchange","TRY"
"KPRMILL","KPR MILL","Zyklische Konsumgüter ","Aktien","2.735.534,21","0,01","2.735.534,21","239.584,00","11,42","Indien","National Stock Exchange Of India","INR"
"603256","GRACE FABRIC TECHNOLOGY LTD A","Materialien","Aktien","2.736.875,76","0,01","2.736.875,76","126.400,00","21,65","China","Shanghai Stock Exchange","CNY"
"LTFOODS","LT FOODS LTD","Nichtzyklische Konsumgüter","Aktien","2.738.111,76","0,01","2.738.111,76","622.630,00","4,40","Indien","National Stock Exchange Of India","INR"
"000538","YUNNAN BAIYAO GROUP LTD A","Gesundheitsversorgung","Aktien","2.738.462,35","0,01","2.738.462,35","357.295,00","7,66","China","Shenzhen Stock Exchange","CNY"
"ASB","ASBISC ENTERPRISES PLC","IT","Aktien","2.723.877,36","0,01","2.723.877,36","65.812,00","41,39","Polen","Warsaw Stock Exchange/Equities/Main Market","PLN"
"SCIENTX","SCIENTEX","Materialien","Aktien","2.724.555,26","0,01","2.724.555,26","2.970.200,00","0,92","Malaysia","Bursa Malaysia","MYR"
"4090","TAIBA INVESTMENTS","Zyklische Konsumgüter ","Aktien","2.717.198,33","0,01","2.717.198,33","549.067,00","4,95","Saudi-Arabien","Saudi Stock Exchange","SAR"
"3715","DYNAMIC HOLDING LTD","IT","Aktien","2.717.774,69","0,01","2.717.774,69","731.219,00","3,72","Taiwan","Taiwan Stock Exchange","TWD"
"4005","NATIONAL MEDICAL CARE","Gesundheitsversorgung","Aktien","2.712.201,57","0,01","2.712.201,57","85.116,00","31,86","Saudi-Arabien","Saudi Stock Exchange","SAR"
"SPALI.R","SUPALAI NON-VOTING DR PCL","Immobilien","Aktien","2.708.920,29","0,01","2.708.920,29","5.614.700,00","0,48","Thailand","Stock Exchange Of Thailand","THB"
"071970","HD-HYUNDAI MARINE ENGINE LTD","Industrie","Aktien","2.704.912,68","0,01","2.704.912,68","72.709,00","37,20","Korea","Korea Exchange (Stock Market)","KRW"
"6191","GLOBAL BRANDS MANUFACTURE LTD","IT","Aktien","2.698.797,52","0,01","2.698.797,52","1.046.769,00","2,58","Taiwan","Taiwan Stock Exchange","TWD"
"371","BEIJING ENTERPRISES WATER GROUP LT","Versorger","Aktien","2.701.787,61","0,01","2.701.787,61","13.588.000,00","0,20","China","Hong Kong Exchanges And Clearing Ltd","HKD"
"051600","KEPCO PLANT SERVICE & ENGINEERING","Industrie","Aktien","2.697.281,66","0,01","2.697.281,66","78.292,00","34,45","Korea","Korea Exchange (Stock Market)","KRW"
"4321","ARABIAN CENTRES COMPANY","Immobilien","Aktien","2.689.277,39","0,01","2.689.277,39","641.414,00","4,19","Saudi-Arabien","Saudi Stock Exchange","SAR"
"SAPPHIRE","SAPPHIRE FOODS INDIA LTD","Zyklische Konsumgüter ","Aktien","2.692.407,08","0,01","2.692.407,08","1.107.455,00","2,43","Indien","National Stock Exchange Of India","INR"
"EMAMILTD","EMAMI LTD","Nichtzyklische Konsumgüter","Aktien","2.681.689,54","0,01","2.681.689,54","684.059,00","3,92","Indien","National Stock Exchange Of India","INR"
"ASTRAMICRO","ASTRA MICROWAVE PRODUCTS LTD","IT","Aktien","2.683.808,89","0,01","2.683.808,89","160.143,00","16,76","Indien","National Stock Exchange Of India","INR"
"300014","EVE ENERGY A","Industrie","Aktien","2.676.286,65","0,01","2.676.286,65","372.061,00","7,19","China","Shenzhen Stock Exchange","CNY"
"120110","KOLON INDUSTRY INC","Materialien","Aktien","2.677.244,45","0,01","2.677.244,45","66.172,00","40,46","Korea","Korea Exchange (Stock Market)","KRW"
"TITAGARH","TITAGARH RAIL SYSTEMS LTD","Industrie","Aktien","2.678.375,29","0,01","2.678.375,29","310.653,00","8,62","Indien","National Stock Exchange Of India","INR"
"300666","KONFOONG MATERIALS INTERNATIONAL L","IT","Aktien","2.670.574,49","0,01","2.670.574,49","71.800,00","37,19","China","Shenzhen Stock Exchange","CNY"
"1319","TONG YANG INDUSTRY LTD","Zyklische Konsumgüter ","Aktien","2.671.478,08","0,01","2.671.478,08","1.066.000,00","2,51","Taiwan","Taiwan Stock Exchange","TWD"
"1833","PING AN HEALTHCARE AND TECHNOLOGY","Nichtzyklische Konsumgüter","Aktien","2.672.064,39","0,01","2.672.064,39","3.488.200,00","0,77","China","Hong Kong Exchanges And Clearing Ltd","HKD"
"CML","CORONATION FUND MANAGERS LTD","Finanzwesen","Aktien","2.674.647,36","0,01","2.674.647,36","1.009.743,00","2,65","Südafrika","Johannesburg Stock Exchange","ZAR"
"601688","HUATAI SECURITIES A","Finanzwesen","Aktien","2.674.665,76","0,01","2.674.665,76","989.169,00","2,70","China","Shanghai Stock Exchange","CNY"
"6616","GLOBAL NEW MATERIAL INTERNATIONAL","Materialien","Aktien","2.662.685,69","0,01","2.662.685,69","2.199.000,00","1,21","China","Hong Kong Exchanges And Clearing Ltd","HKD"
"512","GRAND PHARMACEUTICAL GROUP LTD","Gesundheitsversorgung","Aktien","2.663.744,03","0,01","2.663.744,03","4.230.527,00","0,63","China","Hong Kong Exchanges And Clearing Ltd","HKD"
"002080","SINOMA SCIENCE & TECHNOLOGY A","Materialien","Aktien","2.664.464,72","0,01","2.664.464,72","304.400,00","8,75","China","Shenzhen Stock Exchange","CNY"
"2486","I-CHIUN PRECISION INDUSTRY LTD","IT","Aktien","2.664.753,39","0,01","2.664.753,39","371.000,00","7,18","Taiwan","Taiwan Stock Exchange","TWD"
"2276","SHANGHAI CONANT OPTICAL CO LTD H","Gesundheitsversorgung","Aktien","2.658.800,74","0,01","2.658.800,74","520.200,00","5,11","China","Hong Kong Exchanges And Clearing Ltd","HKD"
"688126","NATIONAL SILICON INDUSTRY GROUP LT","IT","Aktien","2.653.713,94","0,01","2.653.713,94","751.400,00","3,53","China","Shanghai Stock Exchange","CNY"
"HBLENGINE","HBL ENGINEERING LTD","Industrie","Aktien","2.641.736,85","0,01","2.641.736,85","334.908,00","7,89","Indien","National Stock Exchange Of India","INR"
"4015","JAMJOOM PHARMA","Gesundheitsversorgung","Aktien","2.629.352,06","0,01","2.629.352,06","73.110,00","35,96","Saudi-Arabien","Saudi Stock Exchange","SAR"
"VAPORES","COMPANIA SUDAMERICANA DE VAPORES S","Industrie","Aktien","2.629.538,84","0,01","2.629.538,84","52.141.632,00","0,05","Chile","Santiago Stock Exchange","CLP"
"601998","CHINA CITIC BANK CORP LTD A","Finanzwesen","Aktien","2.630.933,33","0,01","2.630.933,33","1.973.200,00","1,33","China","Shanghai Stock Exchange","CNY"
"SHILPAMED","SHILPA MEDICARE LTD","Gesundheitsversorgung","Aktien","2.632.324,61","0,01","2.632.324,61","263.514,00","9,99","Indien","National Stock Exchange Of India","INR"
"CK.R","CH KARNCHANG NON-VOTING DR PCL","Industrie","Aktien","2.618.738,99","0,01","2.618.738,99","4.909.400,00","0,53","Thailand","Stock Exchange Of Thailand","THB"
"601336","NEW CHINA LIFE INSURANCE LTD A","Finanzwesen","Aktien","2.610.722,40","0,01","2.610.722,40","304.804,00","8,57","China","Shanghai Stock Exchange","CNY"
"UNIP6","UNIPAR PARTICIPACOES PREF CLASS B","Materialien","Aktien","2.611.656,77","0,01","2.611.656,77","233.746,00","11,17","Brasilien","XBSP","BRL"
"601881","CHINA GALAXY SECURITIES LTD A","Finanzwesen","Aktien","2.606.365,40","0,01","2.606.365,40","1.462.400,00","1,78","China","Shanghai Stock Exchange","CNY"
"URBANCO","URBAN COMPANY","Zyklische Konsumgüter ","Aktien","2.602.641,84","0,01","2.602.641,84","1.533.634,00","1,70","Indien","National Stock Exchange Of India","INR"
"ENTEL","EMPRESA NACIONAL DE TELECOMUNICACI","Kommunikation","Aktien","2.602.799,61","0,01","2.602.799,61","626.812,00","4,15","Chile","Santiago Stock Exchange","CLP"
"KTKBANK","KARNATAKA BANK LTD","Finanzwesen","Aktien","2.605.558,95","0,01","2.605.558,95","796.339,00","3,27","Indien","National Stock Exchange Of India","INR"
"AREIT","AREIT INC","Immobilien","Aktien","2.599.560,82","0,01","2.599.560,82","4.360.520,00","0,60","Philippinen","Philippine Stock Exchange Inc.","PHP"
"CANHLIFE","CANARA HSBC ORIENTAL BANK OF COMME","Finanzwesen","Aktien","2.592.304,37","0,01","2.592.304,37","1.600.793,00","1,62","Indien","National Stock Exchange Of India","INR"
"HONAUT","HONEYWELL AUTOMATION INDIA LTD","IT","Aktien","2.594.773,68","0,01","2.594.773,68","7.340,00","353,51","Indien","National Stock Exchange Of India","INR"
"002653","HAISCO PHARMACEUTICAL GROUP A","Gesundheitsversorgung","Aktien","2.595.147,55","0,01","2.595.147,55","278.943,00","9,30","China","Shenzhen Stock Exchange","CNY"
"600547","SHANDONG GOLD-MINING LTD A","Materialien","Aktien","2.584.080,01","0,01","2.584.080,01","527.275,00","4,90","China","Shanghai Stock Exchange","CNY"
"CSNA3","COMPANHIA SIDERURGICA NACIONAL SA","Materialien","Aktien","2.586.854,40","0,01","2.586.854,40","2.134.486,00","1,21","Brasilien","XBSP","BRL"
"KFINTECH","KFIN TECHNOLOGIES LTD","Finanzwesen","Aktien","2.582.378,27","0,01","2.582.378,27","276.195,00","9,35","Indien","National Stock Exchange Of India","INR"
"688506","SICHUAN BIOKIN PHARMACEUTICAL A","Gesundheitsversorgung","Aktien","2.575.294,25","0,01","2.575.294,25","70.600,00","36,48","China","Shanghai Stock Exchange","CNY"
"004370","NONGSHIM LTD","Nichtzyklische Konsumgüter","Aktien","2.575.981,62","0,01","2.575.981,62","8.965,00","287,34","Korea","Korea Exchange (Stock Market)","KRW"
"RAINBOW","RAINBOW CHILDRENS MEDICARE LTD","Gesundheitsversorgung","Aktien","2.569.594,24","0,01","2.569.594,24","167.314,00","15,36","Indien","National Stock Exchange Of India","INR"
"688525","BIWIN STORAGE TECHNOLOGY LTD A","IT","Aktien","2.570.886,50","0,01","2.570.886,50","82.600,00","31,12","China","Shanghai Stock Exchange","CNY"
"300442","RANGE INTELLIGENT COMPUTING TECHNO","IT","Aktien","2.571.287,10","0,01","2.571.287,10","277.000,00","9,28","China","Shenzhen Stock Exchange","CNY"
"EMCURE","EMCURE PHARMACEUTICALS LTD","Gesundheitsversorgung","Aktien","2.573.121,44","0,01","2.573.121,44","129.259,00","19,91","Indien","National Stock Exchange Of India","INR"
"EDELWEISS","EDELWEISS FINANCIAL SERVICES LTD","Finanzwesen","Aktien","2.564.000,10","0,01","2.564.000,10","1.916.657,00","1,34","Indien","National Stock Exchange Of India","INR"
"6670","FUSHENG PRECISION","Zyklische Konsumgüter ","Aktien","2.564.933,74","0,01","2.564.933,74","299.000,00","8,58","Taiwan","Taiwan Stock Exchange","TWD"
"ZEEL","ZEE ENTERTAINMENT ENTERPRISES","Kommunikation","Aktien","2.559.469,96","0,01","2.559.469,96","3.135.604,00","0,82","Indien","National Stock Exchange Of India","INR"
"263750","PEARLABYSS","Kommunikation","Aktien","2.562.047,12","0,01","2.562.047,12","103.656,00","24,72","Korea","Korea Exchange (Kosdaq)","KRW"
"MINEROS","MINEROS","Materialien","Aktien","2.562.908,15","0,01","2.562.908,15","394.024,00","6,50","Kolumbien","Bolsa De Valores De Colombia","COP"
"000933","HENAN SHENHUO COAL & POWER LTD A","Materialien","Aktien","2.557.456,61","0,01","2.557.456,61","648.308,00","3,94","China","Shenzhen Stock Exchange","CNY"
"PASS3","COMPASS GAS E ENERGIA SA","Versorger","Aktien","2.558.427,41","0,01","2.558.427,41","570.919,00","4,48","Brasilien","XBSP","BRL"
"POMO4","MARCOPOLO PREF","Industrie","Aktien","2.552.103,22","0,01","2.552.103,22","3.060.773,00","0,83","Brasilien","XBSP","BRL"
"078600","DAEJOO ELECTRONIC MATERIALS LTD","IT","Aktien","2.554.115,22","0,01","2.554.115,22","40.891,00","62,46","Korea","Korea Exchange (Kosdaq)","KRW"
"VOLTAMP","VOLTAMP TRANSFORMERS LTD","Industrie","Aktien","2.546.411,93","0,01","2.546.411,93","22.757,00","111,90","Indien","National Stock Exchange Of India","INR"
"1396","GBA AI COMPUTING TECH -500 LTD","IT","Aktien","2.549.591,17","0,01","2.549.591,17","1.786.000,00","1,43","China","Hong Kong Exchanges And Clearing Ltd","HKD"
"SAGILITY","SAGILITY LTD","Industrie","Aktien","2.549.780,91","0,01","2.549.780,91","5.489.668,00","0,46","Indien","National Stock Exchange Of India","INR"
"VTL","VARDHMAN TEXTILES LTD","Zyklische Konsumgüter ","Aktien","2.544.737,47","0,01","2.544.737,47","434.947,00","5,85","Indien","National Stock Exchange Of India","INR"
"TISCO.R","TISCO FINANCIAL GROUP NON-VOTING D","Finanzwesen","Aktien","2.545.046,51","0,01","2.545.046,51","668.726,00","3,81","Thailand","Stock Exchange Of Thailand","THB"
"HOMEFIRST","HOME FIRST FINANCE INDIA LTD","Finanzwesen","Aktien","2.545.469,38","0,01","2.545.469,38","208.136,00","12,23","Indien","National Stock Exchange Of India","INR"
"3413","FOXSEMICON INTEGRATED TECHNOLOGY","IT","Aktien","2.538.055,99","0,01","2.538.055,99","287.970,00","8,81","Taiwan","Taiwan Stock Exchange","TWD"
"601012","LONGI GREEN ENERGY TECHNOLOGY A","IT","Aktien","2.538.940,78","0,01","2.538.940,78","1.549.008,00","1,64","China","Shanghai Stock Exchange","CNY"
"AWC.R","ASSET WORLD CORP NON-VOTING DR","Zyklische Konsumgüter ","Aktien","2.539.777,46","0,01","2.539.777,46","28.063.700,00","0,09","Thailand","Stock Exchange Of Thailand","THB"
"OSP.R","OSOTSPA PCL NON-VOTING DR","Nichtzyklische Konsumgüter","Aktien","2.540.394,97","0,01","2.540.394,97","5.232.900,00","0,49","Thailand","Stock Exchange Of Thailand","THB"
"JHSF3","JHSF PARTICIPACOES SA","Immobilien","Aktien","2.532.297,46","0,01","2.532.297,46","1.152.620,00","2,20","Brasilien","XBSP","BRL"
"IFCI","IFCI LTD","Finanzwesen","Aktien","2.533.096,84","0,01","2.533.096,84","3.152.406,00","0,80","Indien","National Stock Exchange Of India","INR"
"4772","TAIWAN SPECIALITY CHEMICALS CORP","Materialien","Aktien","2.522.371,21","0,01","2.522.371,21","333.000,00","7,57","Taiwan","Gretai Securities Market","TWD"
"ANANTRAJ","ANANT RAJ LTD","Immobilien","Aktien","2.519.631,95","0,01","2.519.631,95","404.971,00","6,22","Indien","National Stock Exchange Of India","INR"
"688183","SHENGYI ELECTRONICS LTD A","IT","Aktien","2.515.395,77","0,01","2.515.395,77","140.139,00","17,95","China","Shanghai Stock Exchange","CNY"
"533581","PG ELECTROPLAST LTD","IT","Aktien","2.516.420,24","0,01","2.516.420,24","456.067,00","5,52","Indien","Bse Ltd","INR"
"600188","YANKUANG ENERGY GROUP A","Energie","Aktien","2.516.955,88","0,01","2.516.955,88","837.528,00","3,01","China","Shanghai Stock Exchange","CNY"
"MARKSANS","MARKSANS PHARMA LTD","Gesundheitsversorgung","Aktien","2.509.707,07","0,01","2.509.707,07","753.128,00","3,33","Indien","National Stock Exchange Of India","INR"
"TOASO.E","TOFAS TURK OTOMOBIL FABRIKASI A","Zyklische Konsumgüter ","Aktien","2.511.361,66","0,01","2.511.361,66","425.923,00","5,90","Türkei","Istanbul Stock Exchange","TRY"
"152","SHENZHEN INTERNATIONAL HOLDINGS","Industrie","Aktien","2.504.092,85","0,01","2.504.092,85","3.689.434,00","0,68","China","Hong Kong Exchanges And Clearing Ltd","HKD"
"6004","CATRION CATERING HOLDING CO","Industrie","Aktien","2.505.594,21","0,01","2.505.594,21","138.111,00","18,14","Saudi-Arabien","Saudi Stock Exchange","SAR"
"CASTROLIND","CASTROL INDIA LTD","Materialien","Aktien","2.506.709,40","0,01","2.506.709,40","1.254.368,00","2,00","Indien","National Stock Exchange Of India","INR"
"TMB","TAMILNAD MERCANTILE BANK LTD","Finanzwesen","Aktien","2.500.863,96","0,01","2.500.863,96","269.142,00","9,29","Indien","National Stock Exchange Of India","INR"
"MTC.R","MUANGTHAI CAPITAL ORS NON-VOTING D","Finanzwesen","Aktien","2.501.781,54","0,01","2.501.781,54","2.806.200,00","0,89","Thailand","Stock Exchange Of Thailand","THB"
"PREMIERENE","PREMIER ENERGIES LTD","IT","Aktien","2.502.038,93","0,01","2.502.038,93","272.772,00","9,17","Indien","National Stock Exchange Of India","INR"
"6472","BORA PHARMACEUTICALS","Gesundheitsversorgung","Aktien","2.496.865,84","0,01","2.496.865,84","187.309,00","13,33","Taiwan","Taiwan Stock Exchange","TWD"
"ARE&M","AMARA RAJA ENERGY & MOBILITY LTD","Industrie","Aktien","2.485.928,53","0,01","2.485.928,53","299.879,00","8,29","Indien","National Stock Exchange Of India","INR"
"SMTO3","SAO MARTINHO SA","Nichtzyklische Konsumgüter","Aktien","2.486.538,23","0,01","2.486.538,23","654.245,00","3,80","Brasilien","XBSP","BRL"
"6271","TONG HSING ELECTRONIC INDUSTRIES","IT","Aktien","2.486.852,51","0,01","2.486.852,51","352.387,00","7,06","Taiwan","Taiwan Stock Exchange","TWD"
"TRITURBINE","TRIVENI TURBINE LTD","Industrie","Aktien","2.486.936,50","0,01","2.486.936,50","428.503,00","5,80","Indien","National Stock Exchange Of India","INR"
"002636","GOLDENMAX INTERNATIONAL GROUP LTD","IT","Aktien","2.487.985,08","0,01","2.487.985,08","210.100,00","11,84","China","Shenzhen Stock Exchange","CNY"
"600233","YTO EXPRESS GROUP LTD A","Industrie","Aktien","2.484.170,02","0,01","2.484.170,02","948.000,00","2,62","China","Shanghai Stock Exchange","CNY"
"005070","COSMOAM&T LTD","IT","Aktien","2.476.563,24","0,01","2.476.563,24","85.118,00","29,10","Korea","Korea Exchange (Stock Market)","KRW"
"6666","EVERGRANDE PROPERTY SERVICES GROUP","Immobilien","Aktien","2.472.678,49","0,01","2.472.678,49","16.581.000,00","0,15","China","Hong Kong Exchanges And Clearing Ltd","HKD"
"METROPOLIS","METROPOLIS HEALTHCARE LTD","Gesundheitsversorgung","Aktien","2.473.689,46","0,01","2.473.689,46","404.775,00","6,11","Indien","National Stock Exchange Of India","INR"
"MGL","MAHANAGAR GAS","Versorger","Aktien","2.469.596,82","0,01","2.469.596,82","221.179,00","11,17","Indien","National Stock Exchange Of India","INR"
"2060","NATIONAL INDUSTRIALIZATION","Materialien","Aktien","2.469.611,08","0,01","2.469.611,08","1.059.029,00","2,33","Saudi-Arabien","Saudi Stock Exchange","SAR"
"HUMANSOFT","HUMAN SOFT","Zyklische Konsumgüter ","Aktien","2.464.633,07","0,01","2.464.633,07","324.826,00","7,59","Kuwait","Kuwait Stock Exchange","KWD"
"600104","SAIC MOTOR CORP LTD A","Zyklische Konsumgüter ","Aktien","2.457.751,24","0,01","2.457.751,24","1.472.674,00","1,67","China","Shanghai Stock Exchange","CNY"
"036460","KOREA GAS","Versorger","Aktien","2.461.205,37","0,01","2.461.205,37","93.421,00","26,35","Korea","Korea Exchange (Stock Market)","KRW"
"BOURSA","BOURSA KUWAIT SECURITIES COMPANY","Finanzwesen","Aktien","2.462.057,02","0,01","2.462.057,02","245.014,00","10,05","Kuwait","Kuwait Stock Exchange","KWD"
"294870","IPARK HYUNDAI DEVELOPMENT","Industrie","Aktien","2.457.137,48","0,01","2.457.137,48","144.464,00","17,01","Korea","Korea Exchange (Stock Market)","KRW"
"2330","ADVANCED PETROCHEMICAL","Materialien","Aktien","2.449.432,40","0,01","2.449.432,40","410.772,00","5,96","Saudi-Arabien","Saudi Stock Exchange","SAR"
"CREDITACC","CREDITACCESS GRAMEEN LTD","Finanzwesen","Aktien","2.451.844,14","0,01","2.451.844,14","171.596,00","14,29","Indien","National Stock Exchange Of India","INR"
"600958","ORIENT SECURITIES A","Finanzwesen","Aktien","2.445.222,58","0,01","2.445.222,58","1.875.883,00","1,30","China","Shanghai Stock Exchange","CNY"
"000703","HENGYI PETROCHEMICAL LTD A","Materialien","Aktien","2.446.502,01","0,01","2.446.502,01","925.200,00","2,64","China","Shenzhen Stock Exchange","CNY"
"532527","RAMKRISHNA FORGINGS LTD","Materialien","Aktien","2.443.726,60","0,01","2.443.726,60","332.334,00","7,35","Indien","Bse Ltd","INR"
"4017","DR SOLIMAN ABDEL KADER FAKEEH HOSP","Gesundheitsversorgung","Aktien","2.436.968,67","0,01","2.436.968,67","244.772,00","9,96","Saudi-Arabien","Saudi Stock Exchange","SAR"
"688347","HUA HONG GRACE SEMICONDUCTOR LTD A","IT","Aktien","2.437.971,66","0,01","2.437.971,66","74.000,00","32,95","China","Shanghai Stock Exchange","CNY"
"002821","ASYMCHEM LABORATORIES (TIANJIN) LT","Gesundheitsversorgung","Aktien","2.433.072,03","0,01","2.433.072,03","87.600,00","27,77","China","Shenzhen Stock Exchange","CNY"
"300475","SHANNON SEMICONDUCTOR TECHNOLOGY L","IT","Aktien","2.426.812,23","0,01","2.426.812,23","99.200,00","24,46","China","Shenzhen Stock Exchange","CNY"
"PAVREIT","PAVILION REAL ESTATE INVESTMENT TR","Immobilien","Aktien","2.429.322,27","0,01","2.429.322,27","6.383.200,00","0,38","Malaysia","Bursa Malaysia","MYR"
"AKRA","AKR CORPORINDO","Energie","Aktien","2.420.776,78","0,01","2.420.776,78","29.214.000,00","0,08","Indonesien","Indonesia Stock Exchange","IDR"
"TIDLOR.R","TIDLOR HOLDINGS NON-VOTING DR PCL","Finanzwesen","Aktien","2.422.749,30","0,01","2.422.749,30","4.491.508,00","0,54","Thailand","Stock Exchange Of Thailand","THB"
"237690","ST PHARM LTD","Gesundheitsversorgung","Aktien","2.424.193,83","0,01","2.424.193,83","36.446,00","66,51","Korea","Korea Exchange (Kosdaq)","KRW"
"PFGRUPOARG","INVERSIONES ARGOS PREF","Materialien","Aktien","2.418.454,94","0,01","2.418.454,94","460.279,00","5,25","Kolumbien","Bolsa De Valores De Colombia","COP"
"688702","SUZHOU CENTEC COMMUNICATIONS LTD A","IT","Aktien","2.412.935,12","0,01","2.412.935,12","51.000,00","47,31","China","Shanghai Stock Exchange","CNY"
"SPRC.R","STAR PETROLEUM REFINING PCL NON-VO","Energie","Aktien","2.407.370,09","0,01","2.407.370,09","5.821.300,00","0,41","Thailand","Stock Exchange Of Thailand","THB"
"NAVA","NAVA","Industrie","Aktien","2.407.717,81","0,01","2.407.717,81","422.595,00","5,70","Indien","National Stock Exchange Of India","INR"
"956","CHINA SUNTIEN GREEN ENERGY CORP LT","Energie","Aktien","2.408.692,72","0,01","2.408.692,72","5.744.000,00","0,42","China","Hong Kong Exchanges And Clearing Ltd","HKD"
"058610","SPG LTD","Industrie","Aktien","2.410.795,79","0,01","2.410.795,79","33.816,00","71,29","Korea","Korea Exchange (Kosdaq)","KRW"
"002027","FOCUS MEDIA INFORMATION TECHNOLOGY","Kommunikation","Aktien","2.404.330,65","0,01","2.404.330,65","3.459.450,00","0,70","China","Shenzhen Stock Exchange","CNY"
"1060","DAMAI ENTERTAINMENT HOLDINGS LTD","Kommunikation","Aktien","2.405.613,30","0,01","2.405.613,30","39.320.000,00","0,06","China","Hong Kong Exchanges And Clearing Ltd","HKD"
"6176","RADIANT OPTO-ELECTRONICS","IT","Aktien","2.405.857,45","0,01","2.405.857,45","821.250,00","2,93","Taiwan","Taiwan Stock Exchange","TWD"
"2314","LEE & MAN PAPER MANUFACTURING LTD","Materialien","Aktien","2.397.691,71","0,01","2.397.691,71","5.299.000,00","0,45","China","Hong Kong Exchanges And Clearing Ltd","HKD"
"CRISIL","CRISIL LTD","Finanzwesen","Aktien","2.398.649,12","0,01","2.398.649,12","50.465,00","47,53","Indien","National Stock Exchange Of India","INR"
"RRKABEL","R R KABEL LTD","Industrie","Aktien","2.393.054,02","0,01","2.393.054,02","96.040,00","24,92","Indien","National Stock Exchange Of India","INR"
"MINDACORP","MINDA CORPORATION LTD","Zyklische Konsumgüter ","Aktien","2.397.318,31","0,01","2.397.318,31","337.604,00","7,10","Indien","National Stock Exchange Of India","INR"
"SUNREIT","SUNWAY REITS UNITS TRUST","Immobilien","Aktien","2.387.682,36","0,01","2.387.682,36","4.774.200,00","0,50","Malaysia","Bursa Malaysia","MYR"
"2556","MARKETINGFORCE MANAGEMENT LTD","IT","Aktien","2.378.636,57","0,01","2.378.636,57","367.000,00","6,48","China","Hong Kong Exchanges And Clearing Ltd","HKD"
"600703","SANAN OPTOELECTRONICS LTD A","IT","Aktien","2.365.394,18","0,01","2.365.394,18","1.235.200,00","1,91","China","Shanghai Stock Exchange","CNY"
"9921","GIANT MANUFACTURING","Zyklische Konsumgüter ","Aktien","2.366.100,21","0,01","2.366.100,21","838.191,00","2,82","Taiwan","Taiwan Stock Exchange","TWD"
"ENERY.E","ENERYA ENERJI A.S.","Versorger","Aktien","2.366.247,57","0,01","2.366.247,57","9.097.671,00","0,26","Türkei","Istanbul Stock Exchange","TRY"
"CPPLUS","ADITYA INFOTECH LTD","IT","Aktien","2.367.406,65","0,01","2.367.406,65","67.228,00","35,21","Indien","National Stock Exchange Of India","INR"
"178320","SEOJIN SYSTEM LTD","IT","Aktien","2.368.583,40","0,01","2.368.583,40","95.549,00","24,79","Korea","Korea Exchange (Kosdaq)","KRW"
"FINCABLES","FINOLEX CABLES","Industrie","Aktien","2.368.702,61","0,01","2.368.702,61","162.808,00","14,55","Indien","National Stock Exchange Of India","INR"
"601669","POWER CONSTRUCTION CORPORATION OF","Industrie","Aktien","2.361.403,58","0,01","2.361.403,58","3.419.700,00","0,69","China","Shanghai Stock Exchange","CNY"
"600875","DONGFANG ELECTRIC CORP LTD A","Industrie","Aktien","2.356.155,70","0,01","2.356.155,70","658.800,00","3,58","China","Shanghai Stock Exchange","CNY"
"2381","ARABIAN DRILLING CO","Energie","Aktien","2.358.591,22","0,01","2.358.591,22","94.963,00","24,84","Saudi-Arabien","Saudi Stock Exchange","SAR"
"SAWAD.R","SRISAWAD CORPORATION PCL NON-VOTIN","Finanzwesen","Aktien","2.359.147,50","0,01","2.359.147,50","3.452.840,00","0,68","Thailand","Stock Exchange Of Thailand","THB"
"688249","NEXCHIP SEMICONDUCTOR CORP A","IT","Aktien","2.351.330,08","0,01","2.351.330,08","450.319,00","5,22","China","Shanghai Stock Exchange","CNY"
"PGSUS.E","PEGASUS HAVA TASIMACILIGI A","Industrie","Aktien","2.352.011,88","0,01","2.352.011,88","762.208,00","3,09","Türkei","Istanbul Stock Exchange","TRY"
"688037","KINGSEMI LTD A","IT","Aktien","2.353.109,62","0,01","2.353.109,62","45.600,00","51,60","China","Shanghai Stock Exchange","CNY"
"AP.R","AP THAILAND NON-VOTING DR PCL","Immobilien","Aktien","2.354.618,97","0,01","2.354.618,97","9.760.700,00","0,24","Thailand","Stock Exchange Of Thailand","THB"
"000636","GUANGDONG FENGHUA ADVANCED TECHNOL","IT","Aktien","2.348.799,40","0,01","2.348.799,40","278.000,00","8,45","China","Shenzhen Stock Exchange","CNY"
"DEVYANI","DEVYANI INTERNATIONAL","Zyklische Konsumgüter ","Aktien","2.349.650,79","0,01","2.349.650,79","1.627.461,00","1,44","Indien","National Stock Exchange Of India","INR"
"000895","HENAN SHUANGHUI INVESTMENT & DEVEL","Nichtzyklische Konsumgüter","Aktien","2.343.153,95","0,01","2.343.153,95","673.707,00","3,48","China","Shenzhen Stock Exchange","CNY"
"002625","KUANG-CHI TECHNOLOGIES LTD A","Industrie","Aktien","2.345.216,05","0,01","2.345.216,05","560.195,00","4,19","China","Shenzhen Stock Exchange","CNY"
"300620","ADVANCED FIBER RESOURCES (ZHUHAI)","IT","Aktien","2.345.378,97","0,01","2.345.378,97","53.400,00","43,92","China","Shenzhen Stock Exchange","CNY"
"601689","NINGBO TUOPU GROUP CLS LTD A","Zyklische Konsumgüter ","Aktien","2.346.430,12","0,01","2.346.430,12","359.525,00","6,53","China","Shanghai Stock Exchange","CNY"
"601233","TONGKUN GROUP A","Materialien","Aktien","2.338.881,43","0,01","2.338.881,43","664.500,00","3,52","China","Shanghai Stock Exchange","CNY"
"INOXINDIA","INOX INDIA LTD","Industrie","Aktien","2.338.963,60","0,01","2.338.963,60","111.373,00","21,00","Indien","National Stock Exchange Of India","INR"
"688200","BEIJING HUAFENG TEST & CONTROL TEC","IT","Aktien","2.340.826,25","0,01","2.340.826,25","44.000,00","53,20","China","Shanghai Stock Exchange","CNY"
"300054","HUBEI DINGLONG LTD A","Materialien","Aktien","2.341.954,51","0,01","2.341.954,51","220.700,00","10,61","China","Shenzhen Stock Exchange","CNY"
"FRACTAL","FRACTAL ANALYTICS LTD","IT","Aktien","2.333.340,78","0,01","2.333.340,78","298.175,00","7,83","Indien","National Stock Exchange Of India","INR"
"LABB","GENOMMA LAB INTERNATIONAL","Gesundheitsversorgung","Aktien","2.335.743,60","0,01","2.335.743,60","3.193.335,00","0,73","Mexiko","Bolsa Mexicana De Valores","MXN"
"600011","HUANENG POWER INTERNATIONAL INC A","Versorger","Aktien","2.329.199,06","0,01","2.329.199,06","2.306.836,00","1,01","China","Shanghai Stock Exchange","CNY"
"009970","YOUNGONE HOLDINGS LTD","Zyklische Konsumgüter ","Aktien","2.330.201,14","0,01","2.330.201,14","19.073,00","122,17","Korea","Korea Exchange (Stock Market)","KRW"
"VIJAYA","VIJAYA DIAGNOSTIC CENTRE","Gesundheitsversorgung","Aktien","2.331.485,97","0,01","2.331.485,97","148.514,00","15,70","Indien","National Stock Exchange Of India","INR"
"TBOTEK","TBO TEK","Zyklische Konsumgüter ","Aktien","2.323.860,26","0,01","2.323.860,26","135.307,00","17,17","Indien","National Stock Exchange Of India","INR"
"PETKM.E","PETKIM PETROKIMYA HOLDING A","Materialien","Aktien","2.324.526,43","0,01","2.324.526,43","5.252.820,00","0,44","Türkei","Istanbul Stock Exchange","TRY"
"020150","ILJIN MATERIALS","IT","Aktien","2.325.488,22","0,01","2.325.488,22","81.756,00","28,44","Korea","Korea Exchange (Stock Market)","KRW"
"GTCAP","GT CAPITAL HOLDINGS","Industrie","Aktien","2.326.069,56","0,01","2.326.069,56","352.308,00","6,60","Philippinen","Philippine Stock Exchange Inc.","PHP"
"5439","FIRST HI-TEC ENTERPRISE LTD","IT","Aktien","2.326.464,36","0,01","2.326.464,36","311.000,00","7,48","Taiwan","Gretai Securities Market","TWD"
"ACE","ACTION CONSTRUCTION EQUIPMENT LTD","Industrie","Aktien","2.327.620,11","0,01","2.327.620,11","185.224,00","12,57","Indien","National Stock Exchange Of India","INR"
"131290","TSE LTD","IT","Aktien","2.320.520,39","0,01","2.320.520,39","12.902,00","179,86","Korea","Korea Exchange (Kosdaq)","KRW"
"MKHZN","THE PUBLIC WAREHOUSING (AGILITY)","Industrie","Aktien","2.321.486,85","0,01","2.321.486,85","4.971.851,00","0,47","Kuwait","Kuwait Stock Exchange","KWD"
"002241","GOERTEK A","IT","Aktien","2.321.735,50","0,01","2.321.735,50","698.709,00","3,32","China","Shenzhen Stock Exchange","CNY"
"1904","CHENG LOONG CORP","Materialien","Aktien","2.321.806,63","0,01","2.321.806,63","2.961.000,00","0,78","Taiwan","Taiwan Stock Exchange","TWD"
"011210","HYUNDAI WIA CORP","Zyklische Konsumgüter ","Aktien","2.317.668,87","0,01","2.317.668,87","58.328,00","39,74","Korea","Korea Exchange (Stock Market)","KRW"
"AVALON","AVALON TECHNOLOGIES LTD","IT","Aktien","2.318.130,76","0,01","2.318.130,76","99.729,00","23,24","Indien","National Stock Exchange Of India","INR"
"THB","THB CASH","Cash und/oder Derivate","Geldmarkt","2.310.421,39","0,01","2.310.421,39","77.098.762,00","3,00","Thailand","-","THB"
"688519","NANYA NEW MATERIAL TECHNOLOGY LTD","IT","Aktien","2.309.866,66","0,01","2.309.866,66","48.800,00","47,33","China","Shanghai Stock Exchange","CNY"
"601727","SHANGHAI ELECTRIC GROUP LTD A","Industrie","Aktien","2.311.570,47","0,01","2.311.570,47","2.440.800,00","0,95","China","Shanghai Stock Exchange","CNY"
"IRB","IRB INFRASTRUCTURE DEVELOPERS LTD","Industrie","Aktien","2.307.042,14","0,00","2.307.042,14","11.741.743,00","0,20","Indien","National Stock Exchange Of India","INR"
"6526","AIROHA TECHNOLOGY CORP","IT","Aktien","2.308.256,88","0,00","2.308.256,88","117.000,00","19,73","Taiwan","Taiwan Stock Exchange","TWD"
"JYOTICNC","JYOTI CNC AUTOMATION LTD","Industrie","Aktien","2.301.693,92","0,00","2.301.693,92","225.130,00","10,22","Indien","National Stock Exchange Of India","INR"
"1052","YUEXIU TRANSPORT INFRASTRUCTURE LT","Industrie","Aktien","2.297.035,94","0,00","2.297.035,94","5.324.000,00","0,43","China","Hong Kong Exchanges And Clearing Ltd","HKD"
"300124","SHENZHEN INOVANCE TECHNOLOGY A","Industrie","Aktien","2.298.113,29","0,00","2.298.113,29","298.679,00","7,69","China","Shenzhen Stock Exchange","CNY"
"002600","LINGYI ITECH (GUANGDONG) A","IT","Aktien","2.298.783,59","0,00","2.298.783,59","1.236.034,00","1,86","China","Shenzhen Stock Exchange","CNY"
"000975","SHANJIN INTERNATIONAL GOLD LTD A","Materialien","Aktien","2.291.540,94","0,00","2.291.540,94","614.100,00","3,73","China","Shenzhen Stock Exchange","CNY"
"340","TONGGUAN GOLD GROUP LTD","Materialien","Aktien","2.292.383,68","0,00","2.292.383,68","6.588.000,00","0,35","China","Hong Kong Exchanges And Clearing Ltd","HKD"
"041510","SM ENTERTAINMENT LTD","Kommunikation","Aktien","2.292.791,81","0,00","2.292.791,81","38.774,00","59,13","Korea","Korea Exchange (Kosdaq)","KRW"
"SRE","SALHIYA REAL EST","Immobilien","Aktien","2.288.231,52","0,00","2.288.231,52","1.902.131,00","1,20","Kuwait","Kuwait Stock Exchange","KWD"
"4340","AL RAJHI REIT UNITS","Immobilien","Aktien","2.289.554,92","0,00","2.289.554,92","1.114.082,00","2,06","Saudi-Arabien","Saudi Stock Exchange","SAR"
"IOIPG","IOI PROPERTIES GROUP","Immobilien","Aktien","2.277.311,05","0,00","2.277.311,05","2.502.600,00","0,91","Malaysia","Bursa Malaysia","MYR"
"LMW","LMW LTD","Industrie","Aktien","2.277.464,50","0,00","2.277.464,50","12.025,00","189,39","Indien","National Stock Exchange Of India","INR"
"003540","DAISHIN SECURITIES LTD","Finanzwesen","Aktien","2.272.730,11","0,00","2.272.730,11","118.719,00","19,14","Korea","Korea Exchange (Stock Market)","KRW"
"002311","GUANGDONG HAID GROUP LTD A","Nichtzyklische Konsumgüter","Aktien","2.276.276,01","0,00","2.276.276,01","362.098,00","6,29","China","Shenzhen Stock Exchange","CNY"
"3019","ASIA OPTICAL","IT","Aktien","2.268.231,19","0,00","2.268.231,19","529.794,00","4,28","Taiwan","Taiwan Stock Exchange","TWD"
"7751","HORNG TERNG AUTOMATION LTD","IT","Aktien","2.271.465,54","0,00","2.271.465,54","51.000,00","44,54","Taiwan","Gretai Securities Market","TWD"
"600219","SHANDONG NANSHAN ALUMINIUM LTD A","Materialien","Aktien","2.271.828,18","0,00","2.271.828,18","3.268.800,00","0,70","China","Shanghai Stock Exchange","CNY"
"605117","NINGBO DEYE TECHNOLOGY CORP A","Industrie","Aktien","2.263.448,18","0,00","2.263.448,18","183.069,00","12,36","China","Shanghai Stock Exchange","CNY"
"688629","SICHUAN HUAFENG TECHNOLOGY LTD A","Industrie","Aktien","2.264.311,41","0,00","2.264.311,41","115.200,00","19,66","China","Shanghai Stock Exchange","CNY"
"AXIA15","AXIA ENERGIA PREF SA","Versorger","Aktien","2.266.657,95","0,00","2.266.657,95","210.390,00","10,77","Brasilien","XBSP","BRL"
"3393","WASION HOLDINGS LTD","IT","Aktien","2.260.111,02","0,00","2.260.111,02","1.284.000,00","1,76","China","Hong Kong Exchanges And Clearing Ltd","HKD"
"CURY3","CURY CONSTRTUTORA E INCORPORADORA","Zyklische Konsumgüter ","Aktien","2.260.135,17","0,00","2.260.135,17","403.309,00","5,60","Brasilien","XBSP","BRL"
"026960","DONG SUH INC","Nichtzyklische Konsumgüter","Aktien","2.257.716,46","0,00","2.257.716,46","122.089,00","18,49","Korea","Korea Exchange (Stock Market)","KRW"
"NETWEB","NETWEB TECHNOLOGIES INDIA LTD","IT","Aktien","2.258.432,37","0,00","2.258.432,37","47.323,00","47,72","Indien","National Stock Exchange Of India","INR"
"002414","WUHAN GUIDE INFRARED LTD A","IT","Aktien","2.252.115,42","0,00","2.252.115,42","1.241.812,00","1,81","China","Shenzhen Stock Exchange","CNY"
"2606","U-MING MARINE TRANSPORT CORP","Industrie","Aktien","2.253.305,10","0,00","2.253.305,10","933.000,00","2,42","Taiwan","Taiwan Stock Exchange","TWD"
"300015","AIER EYE HOSPITAL GROUP LTD A","Gesundheitsversorgung","Aktien","2.253.685,68","0,00","2.253.685,68","1.900.750,00","1,19","China","Shenzhen Stock Exchange","CNY"
"BRSR6","BANCO DO ESTADO DO RIO GRANDE DO S","Finanzwesen","Aktien","2.245.478,93","0,00","2.245.478,93","766.383,00","2,93","Brasilien","XBSP","BRL"
"600498","FIBERHOME TELECOMMUNICATION TECHNO","IT","Aktien","2.245.542,52","0,00","2.245.542,52","346.761,00","6,48","China","Shanghai Stock Exchange","CNY"
"601127","SERES GROUP A","Zyklische Konsumgüter ","Aktien","2.247.423,71","0,00","2.247.423,71","319.800,00","7,03","China","Shanghai Stock Exchange","CNY"
"IGIL","INTERNATIONAL GEMOLOGICAL INSTITUT","Industrie","Aktien","2.248.091,41","0,00","2.248.091,41","684.904,00","3,28","Indien","National Stock Exchange Of India","INR"
"601168","WESTERN MINING LTD A","Materialien","Aktien","2.249.131,99","0,00","2.249.131,99","425.400,00","5,29","China","Shanghai Stock Exchange","CNY"
"018880","HANON SYSTEMS","Zyklische Konsumgüter ","Aktien","2.249.232,26","0,00","2.249.232,26","944.575,00","2,38","Korea","Korea Exchange (Stock Market)","KRW"
"DUBAIRESI","DUBAI RESIDENTIAL REIT UNIT","Immobilien","Aktien","2.240.906,63","0,00","2.240.906,63","6.430.089,00","0,35","Ver. Arabische Emirate","Dubai Financial Market","AED"
"002736","GUOSEN SECURITIES A","Finanzwesen","Aktien","2.237.813,31","0,00","2.237.813,31","1.538.927,00","1,45","China","Shenzhen Stock Exchange","CNY"
"2201","YULON MOTOR LTD","Zyklische Konsumgüter ","Aktien","2.238.133,86","0,00","2.238.133,86","2.331.938,00","0,96","Taiwan","Taiwan Stock Exchange","TWD"
"9911","NEWBORN TOWN INC","Kommunikation","Aktien","2.233.849,33","0,00","2.233.849,33","1.840.000,00","1,21","China","Hong Kong Exchanges And Clearing Ltd","HKD"
"PIK","PICK N PAY STORES LTD","Nichtzyklische Konsumgüter","Aktien","2.234.254,84","0,00","2.234.254,84","1.928.156,00","1,16","Südafrika","Johannesburg Stock Exchange","ZAR"
"131970","DOOSAN TESNA INC","IT","Aktien","2.229.232,66","0,00","2.229.232,66","39.037,00","57,11","Korea","Korea Exchange (Kosdaq)","KRW"
"688146","PERIC SPECIAL GASES LTD A","Materialien","Aktien","2.223.624,16","0,00","2.223.624,16","66.000,00","33,69","China","Shanghai Stock Exchange","CNY"
"SEDEMAC","SEDEMAC MECHATRONICS LTD","IT","Aktien","2.218.719,04","0,00","2.218.719,04","68.430,00","32,42","Indien","National Stock Exchange Of India","INR"
"601006","DAQIN RAILWAY LTD A","Industrie","Aktien","2.219.354,81","0,00","2.219.354,81","3.159.400,00","0,70","China","Shanghai Stock Exchange","CNY"
"UJJIVANSFB","UJJIVAN SMALL FINANCE BANK LTD","Finanzwesen","Aktien","2.221.563,16","0,00","2.221.563,16","3.331.737,00","0,67","Indien","National Stock Exchange Of India","INR"
"600029","CHINA SOUTHERN AIRLINES LTD A","Industrie","Aktien","2.214.173,96","0,00","2.214.173,96","3.054.740,00","0,72","China","Shanghai Stock Exchange","CNY"
"3532","FORMOSA SUMCO TECHNOLOGY CORP","IT","Aktien","2.215.635,54","0,00","2.215.635,54","160.000,00","13,85","Taiwan","Taiwan Stock Exchange","TWD"
"JPPOWER","JAIPRAKASH POWER VENTURES LTD","Versorger","Aktien","2.209.233,01","0,00","2.209.233,01","13.889.141,00","0,16","Indien","National Stock Exchange Of India","INR"
"000651","GREE ELECTRIC APPLIANCES INC OF ZH","Zyklische Konsumgüter ","Aktien","2.211.285,66","0,00","2.211.285,66","390.381,00","5,66","China","Shenzhen Stock Exchange","CNY"
"PTCIL","PTC INDUSTRIES LTD","Materialien","Aktien","2.206.093,76","0,00","2.206.093,76","9.336,00","236,30","Indien","National Stock Exchange Of India","INR"
"ABSLAMC","ADITYA BIRLA SUN LIFE AMC LTD","Finanzwesen","Aktien","2.206.686,23","0,00","2.206.686,23","194.206,00","11,36","Indien","National Stock Exchange Of India","INR"
"2374","ABILITY ENTERPRISE","Zyklische Konsumgüter ","Aktien","2.207.114,32","0,00","2.207.114,32","1.053.418,00","2,10","Taiwan","Taiwan Stock Exchange","TWD"
"300765","CSPC INNOVATION PHARMACEUTICAL A","Gesundheitsversorgung","Aktien","2.207.318,54","0,00","2.207.318,54","342.040,00","6,45","China","Shenzhen Stock Exchange","CNY"
"688111","BEIJING KINGSOFT OFFICE SOFTWARE A","IT","Aktien","2.200.527,13","0,00","2.200.527,13","66.149,00","33,27","China","Shanghai Stock Exchange","CNY"
"601901","FOUNDER SECURITIES LTD A","Finanzwesen","Aktien","2.202.281,88","0,00","2.202.281,88","2.187.600,00","1,01","China","Shanghai Stock Exchange","CNY"
"483650","DALBA GLOBAL LTD","Nichtzyklische Konsumgüter","Aktien","2.196.545,51","0,00","2.196.545,51","17.573,00","125,00","Korea","Korea Exchange (Stock Market)","KRW"
"8926","TAIWAN COGENERATION CORP","Versorger","Aktien","2.198.504,94","0,00","2.198.504,94","1.192.072,00","1,84","Taiwan","Taiwan Stock Exchange","TWD"
"009420","HANALL BIOPHARMA LTD","Gesundheitsversorgung","Aktien","2.191.554,23","0,00","2.191.554,23","62.886,00","34,85","Korea","Korea Exchange (Stock Market)","KRW"
"3900","GREENTOWN CHINA","Immobilien","Aktien","2.192.977,96","0,00","2.192.977,96","3.042.500,00","0,72","China","Hong Kong Exchanges And Clearing Ltd","HKD"
"CABLE","GULF CABLE AND ELECTRICAL INDUSTRI","Industrie","Aktien","2.188.547,79","0,00","2.188.547,79","397.262,00","5,51","Kuwait","Kuwait Stock Exchange","KWD"
"002156","TONGFU MICROELECTRONICS LTD A","IT","Aktien","2.188.707,81","0,00","2.188.707,81","251.677,00","8,70","China","Shenzhen Stock Exchange","CNY"
"ADIB","ABU DHABI ISLAMIC BANK EGYPT","Finanzwesen","Aktien","2.188.914,06","0,00","2.188.914,06","2.111.086,00","1,04","Ägypten","Egyptian Exchange","EGP"
"ACC","ACC LTD","Materialien","Aktien","2.182.021,21","0,00","2.182.021,21","169.848,00","12,85","Indien","National Stock Exchange Of India","INR"
"600378","HAOHUA CHEMICAL SCIENCE & TECHNOLO","Materialien","Aktien","2.183.197,31","0,00","2.183.197,31","310.200,00","7,04","China","Shanghai Stock Exchange","CNY"
"DTC","DATATEC LTD","IT","Aktien","2.183.966,29","0,00","2.183.966,29","452.006,00","4,83","Südafrika","Johannesburg Stock Exchange","ZAR"
"LTTS","L&T TECHNOLOGY SERVICES LTD","Industrie","Aktien","2.176.755,97","0,00","2.176.755,97","62.820,00","34,65","Indien","National Stock Exchange Of India","INR"
"WBC","WE BUY CARS HLDS LTD","Zyklische Konsumgüter ","Aktien","2.177.107,92","0,00","2.177.107,92","1.214.544,00","1,79","Südafrika","Johannesburg Stock Exchange","ZAR"
"600362","JIANGXI COPPER LTD A","Materialien","Aktien","2.177.516,78","0,00","2.177.516,78","337.500,00","6,45","China","Shanghai Stock Exchange","CNY"
"COHANCE","COHANCE LIFESCIENCES LTD","Gesundheitsversorgung","Aktien","2.171.164,43","0,00","2.171.164,43","473.454,00","4,59","Indien","National Stock Exchange Of India","INR"
"JSW","JASTRZEBSKA SPOLKA WEGLOWA","Materialien","Aktien","2.172.392,90","0,00","2.172.392,90","212.385,00","10,23","Polen","Warsaw Stock Exchange/Equities/Main Market","PLN"
"GRAPHITE","GRAPHITE INDIA LTD","Industrie","Aktien","2.172.788,88","0,00","2.172.788,88","256.052,00","8,49","Indien","National Stock Exchange Of India","INR"
"SUNCON","SUNWAY CONSTRUCTION GROUP","Industrie","Aktien","2.174.040,50","0,00","2.174.040,50","1.251.600,00","1,74","Malaysia","Bursa Malaysia","MYR"
"1302","LIFETECH SCIENTIFIC CORP","Gesundheitsversorgung","Aktien","2.175.281,84","0,00","2.175.281,84","12.412.000,00","0,18","China","Hong Kong Exchanges And Clearing Ltd","HKD"
"600584","JCET GROUP LTD A","IT","Aktien","2.167.393,73","0,00","2.167.393,73","214.500,00","10,10","China","Shanghai Stock Exchange","CNY"
"GGRM","GUDANG GARAM","Nichtzyklische Konsumgüter","Aktien","2.167.770,57","0,00","2.167.770,57","2.197.500,00","0,99","Indonesien","Indonesia Stock Exchange","IDR"
"3040","QASSIM CEMENT","Materialien","Aktien","2.168.738,87","0,00","2.168.738,87","181.122,00","11,97","Saudi-Arabien","Saudi Stock Exchange","SAR"
"601319","THE PEOPLES INSURANCE COMPANY (GRO","Finanzwesen","Aktien","2.168.797,91","0,00","2.168.797,91","1.891.000,00","1,15","China","Shanghai Stock Exchange","CNY"
"029780","SAMSUNG CARD LTD","Finanzwesen","Aktien","2.169.046,10","0,00","2.169.046,10","67.573,00","32,10","Korea","Korea Exchange (Stock Market)","KRW"
"002409","JIANGSU YOKE TECHNOLOGY A","Materialien","Aktien","2.169.503,35","0,00","2.169.503,35","108.000,00","20,09","China","Shenzhen Stock Exchange","CNY"
"LACOMERUBC","LA COMER UBC","Nichtzyklische Konsumgüter","Aktien","2.165.418,44","0,00","2.165.418,44","1.154.254,00","1,88","Mexiko","Bolsa Mexicana De Valores","MXN"
"7799","HERON NEUTRON MEDICAL CORP","Gesundheitsversorgung","Aktien","2.157.108,13","0,00","2.157.108,13","137.000,00","15,75","Taiwan","Taiwan Stock Exchange","TWD"
"AEV","ABOITIZ EQUITY VENTURES PHP1","Versorger","Aktien","2.157.601,02","0,00","2.157.601,02","3.658.300,00","0,59","Philippinen","Philippine Stock Exchange Inc.","PHP"
"002422","SICHUAN KELUN PHARMACEUTICAL LTD A","Gesundheitsversorgung","Aktien","2.159.438,61","0,00","2.159.438,61","361.795,00","5,97","China","Shenzhen Stock Exchange","CNY"
"ESCORTS","ESCORTS KUBOTA","Industrie","Aktien","2.153.263,11","0,00","2.153.263,11","72.996,00","29,50","Indien","National Stock Exchange Of India","INR"
"347850","D&D PHARMATECH INC","Gesundheitsversorgung","Aktien","2.152.099,66","0,00","2.152.099,66","64.570,00","33,33","Korea","Korea Exchange (Kosdaq)","KRW"
"123","YUEXIU PROPERTY COMPANY","Immobilien","Aktien","2.144.537,02","0,00","2.144.537,02","5.489.490,00","0,39","China","Hong Kong Exchanges And Clearing Ltd","HKD"
"PTBA","TAMBANG BATUBARA BUKIT ASAM","Energie","Aktien","2.145.182,86","0,00","2.145.182,86","12.119.600,00","0,18","Indonesien","Indonesia Stock Exchange","IDR"
"81","CHINA OVERSEAS GRAND OCEANS GROUP","Immobilien","Aktien","2.145.544,35","0,00","2.145.544,35","6.143.500,00","0,35","China","Hong Kong Exchanges And Clearing Ltd","HKD"
"STA.R","SRI TRANG-AGRO INDUSTRY NON-VOTING","Zyklische Konsumgüter ","Aktien","2.146.327,54","0,00","2.146.327,54","3.331.300,00","0,64","Thailand","Stock Exchange Of Thailand","THB"
"300567","WUHAN JINGCE ELECTRONIC GROUP LTD","IT","Aktien","2.146.954,66","0,00","2.146.954,66","70.300,00","30,54","China","Shenzhen Stock Exchange","CNY"
"600660","FUYAO GLASS INDUSTRY GROUP LTD A","Zyklische Konsumgüter ","Aktien","2.147.020,36","0,00","2.147.020,36","266.194,00","8,07","China","Shanghai Stock Exchange","CNY"
"2645","EVERGREEN AVIATION TECHNOLOGIES CO","Industrie","Aktien","2.142.554,69","0,00","2.142.554,69","396.000,00","5,41","Taiwan","Taiwan Stock Exchange","TWD"
"688396","CHINA RESOURCES MICROELECTRONICS L","IT","Aktien","2.136.426,50","0,00","2.136.426,50","245.581,00","8,70","China","Shanghai Stock Exchange","CNY"
"3576","UNITED RENEWABLE ENERGY","IT","Aktien","2.137.545,68","0,00","2.137.545,68","4.181.000,00","0,51","Taiwan","Taiwan Stock Exchange","TWD"
"MCEMENT","MALAYAN CEMENT","Materialien","Aktien","2.129.654,06","0,00","2.129.654,06","1.610.600,00","1,32","Malaysia","Bursa Malaysia","MYR"
"302440","SK BIOSCIENCE","Gesundheitsversorgung","Aktien","2.129.689,14","0,00","2.129.689,14","81.172,00","26,24","Korea","Korea Exchange (Stock Market)","KRW"
"853","MICROPORT SCIENTIFIC CORP","Gesundheitsversorgung","Aktien","2.130.216,43","0,00","2.130.216,43","2.751.100,00","0,77","China","Hong Kong Exchanges And Clearing Ltd","HKD"
"BTS.R","BTS GROUP HOLDINGS NON-VOTING DR","Industrie","Aktien","2.130.693,28","0,00","2.130.693,28","35.198.631,00","0,06","Thailand","Stock Exchange Of Thailand","THB"
"WIT","WIPRO ADR REPTG ONE","IT","Aktien","2.126.060,16","0,00","2.126.060,16","1.265.512,00","1,68","Indien","New York Stock Exchange Inc.","USD"
"002837","SHENZHEN ENVICOOL TECHNOLOGY LTD A","Industrie","Aktien","2.126.741,83","0,00","2.126.741,83","230.928,00","9,21","China","Shenzhen Stock Exchange","CNY"
"GPW","GPW SA","Finanzwesen","Aktien","2.128.092,39","0,00","2.128.092,39","84.573,00","25,16","Polen","Warsaw Stock Exchange/Equities/Main Market","PLN"
"6979","ZJLD GROUP INC","Nichtzyklische Konsumgüter","Aktien","2.124.287,47","0,00","2.124.287,47","2.210.400,00","0,96","China","Hong Kong Exchanges And Clearing Ltd","HKD"
"298020","HYOSUNG TNC CORP","Materialien","Aktien","2.112.422,10","0,00","2.112.422,10","9.036,00","233,78","Korea","Korea Exchange (Stock Market)","KRW"
"AEGN","AEGEAN AIRLINES","Industrie","Aktien","2.113.758,47","0,00","2.113.758,47","165.792,00","12,75","Griechenland","Athens Exchange S.A. Cash Market","EUR"
"CNPF","CENTURY PACIFIC FOOD INC","Nichtzyklische Konsumgüter","Aktien","2.115.310,43","0,00","2.115.310,43","4.083.200,00","0,52","Philippinen","Philippine Stock Exchange Inc.","PHP"
"RCR","RL COMMERCIAL REIT INC","Immobilien","Aktien","2.106.444,57","0,00","2.106.444,57","19.433.500,00","0,11","Philippinen","Philippine Stock Exchange Inc.","PHP"
"F&N","FRASER & NEAVE HOLDINGS","Nichtzyklische Konsumgüter","Aktien","2.107.536,96","0,00","2.107.536,96","377.900,00","5,58","Malaysia","Bursa Malaysia","MYR"
"377300","KAKAOPAY CORP","Finanzwesen","Aktien","2.102.529,58","0,00","2.102.529,58","72.624,00","28,95","Korea","Korea Exchange (Stock Market)","KRW"
"8016","SITRONIX TECHNOLOGY CORP","IT","Aktien","2.103.599,15","0,00","2.103.599,15","243.000,00","8,66","Taiwan","Taiwan Stock Exchange","TWD"
"103140","POONGSANORATION CORP","Materialien","Aktien","2.103.977,20","0,00","2.103.977,20","37.221,00","56,53","Korea","Korea Exchange (Stock Market)","KRW"
"600549","XIAMEN TUNGSTEN LTD A","Materialien","Aktien","2.105.221,18","0,00","2.105.221,18","283.900,00","7,42","China","Shanghai Stock Exchange","CNY"
"9858","CHINA YOURAN DAIRY GROUP LTD","Nichtzyklische Konsumgüter","Aktien","2.093.825,24","0,00","2.093.825,24","3.902.000,00","0,54","China","Hong Kong Exchanges And Clearing Ltd","HKD"
"DIRR3","DIRECIONAL ENGENHARIA","Zyklische Konsumgüter ","Aktien","2.090.310,22","0,00","2.090.310,22","1.070.490,00","1,95","Brasilien","XBSP","BRL"
"600426","SHANDONG HUALU-HENGSHENG CHEMICAL","Materialien","Aktien","2.084.088,94","0,00","2.084.088,94","719.558,00","2,90","China","Shanghai Stock Exchange","CNY"
"1830","LEEJAM SPORTS","Zyklische Konsumgüter ","Aktien","2.085.558,53","0,00","2.085.558,53","97.201,00","21,46","Saudi-Arabien","Saudi Stock Exchange","SAR"
"002851","SHENZHEN MEGMEET ELECTRICAL LTD A","Industrie","Aktien","2.078.575,69","0,00","2.078.575,69","115.000,00","18,07","China","Shenzhen Stock Exchange","CNY"
"1514","ALLIS ELECTRIC LTD","Industrie","Aktien","2.080.383,00","0,00","2.080.383,00","656.711,00","3,17","Taiwan","Taiwan Stock Exchange","TWD"
"3673","TPK HOLDING LTD","IT","Aktien","2.081.141,69","0,00","2.081.141,69","1.040.000,00","2,00","Taiwan","Taiwan Stock Exchange","TWD"
"TRMET.E","TR ANADOLU METAL MADENCILIK ISLETM","Materialien","Aktien","2.073.868,28","0,00","2.073.868,28","764.735,00","2,71","Türkei","Istanbul Stock Exchange","TRY"
"5388","SERCOMM CORP","IT","Aktien","2.074.049,02","0,00","2.074.049,02","894.802,00","2,32","Taiwan","Taiwan Stock Exchange","TWD"
"CLEAN","CLEAN SCIENCE AND TECHNOLOGY","Materialien","Aktien","2.074.201,21","0,00","2.074.201,21","240.287,00","8,63","Indien","National Stock Exchange Of India","INR"
"600988","CHIFENG JILONG GOLD MINING GROUP A","Materialien","Aktien","2.072.201,38","0,00","2.072.201,38","319.846,00","6,48","China","Shanghai Stock Exchange","CNY"
"AFCONS","AFCONS INFRASTRUCTURE","Industrie","Aktien","2.060.174,96","0,00","2.060.174,96","739.424,00","2,79","Indien","National Stock Exchange Of India","INR"
"2602","ONEWO INC H","Immobilien","Aktien","2.060.895,15","0,00","2.060.895,15","851.900,00","2,42","China","Hong Kong Exchanges And Clearing Ltd","HKD"
"AIA","ATHENS INTERNATIONAL AIRPORT","Industrie","Aktien","2.063.854,70","0,00","2.063.854,70","159.436,00","12,94","Griechenland","Athens Exchange S.A. Cash Market","EUR"
"300628","YEALINK NETWORK TECHNOLOGY LTD A","IT","Aktien","2.064.005,29","0,00","2.064.005,29","333.554,00","6,19","China","Shenzhen Stock Exchange","CNY"
"DANHOS13","FIBRA DANHOS REIT","Immobilien","Aktien","2.056.079,78","0,00","2.056.079,78","1.208.418,00","1,70","Mexiko","Bolsa Mexicana De Valores","MXN"
"CONCHATORO","VINA CONCHA Y TORO INC","Nichtzyklische Konsumgüter","Aktien","2.057.889,24","0,00","2.057.889,24","2.119.294,00","0,97","Chile","Santiago Stock Exchange","CLP"
"CEATLTD","CEAT","Zyklische Konsumgüter ","Aktien","2.051.095,93","0,00","2.051.095,93","57.351,00","35,76","Indien","National Stock Exchange Of India","INR"
"601991","DATANG INTERNATIONAL POWER GENERAT","Versorger","Aktien","2.051.528,71","0,00","2.051.528,71","2.501.000,00","0,82","China","Shanghai Stock Exchange","CNY"
"166090","HANA MATERIALS INC","IT","Aktien","2.053.250,82","0,00","2.053.250,82","52.730,00","38,94","Korea","Korea Exchange (Kosdaq)","KRW"
"004000","LOTTE FINE CHEMICALS LTD","Materialien","Aktien","2.053.267,51","0,00","2.053.267,51","63.253,00","32,46","Korea","Korea Exchange (Stock Market)","KRW"
"JPFA","JAPFA COMFEED INDONESIA","Nichtzyklische Konsumgüter","Aktien","2.050.113,64","0,00","2.050.113,64","15.676.300,00","0,13","Indonesien","Indonesia Stock Exchange","IDR"
"395400","SK REITS LTD","Immobilien","Aktien","2.050.577,41","0,00","2.050.577,41","546.946,00","3,75","Korea","Korea Exchange (Stock Market)","KRW"
"USIM5","USINAS SIDERURGICAS DE MINAS GERAI","Materialien","Aktien","2.042.444,63","0,00","2.042.444,63","1.485.612,00","1,37","Brasilien","XBSP","BRL"
"DCP","DIS-CHEM PHARMACIES LTD","Nichtzyklische Konsumgüter","Aktien","2.045.931,45","0,00","2.045.931,45","1.246.991,00","1,64","Südafrika","Johannesburg Stock Exchange","ZAR"
"EIDPARRY","EID PARRY INDIA LTD","Materialien","Aktien","2.039.673,40","0,00","2.039.673,40","278.312,00","7,33","Indien","National Stock Exchange Of India","INR"
"AURE3","AUREN ENERGIA SA","Versorger","Aktien","2.032.537,82","0,00","2.032.537,82","877.881,00","2,32","Brasilien","XBSP","BRL"
"SOUTHBANK","SOUTH INDIAN BANK LTD","Finanzwesen","Aktien","2.034.518,74","0,00","2.034.518,74","4.254.286,00","0,48","Indien","National Stock Exchange Of India","INR"
"192080","DOUBLEU GAMES","Zyklische Konsumgüter ","Aktien","2.035.029,42","0,00","2.035.029,42","47.818,00","42,56","Korea","Korea Exchange (Stock Market)","KRW"
"600039","SICHUAN ROAD & BRIDGE LTD A","Industrie","Aktien","2.036.745,86","0,00","2.036.745,86","1.550.100,00","1,31","China","Shanghai Stock Exchange","CNY"
"2080","NATIONAL GAS AND INDUSTRIALIZATION","Versorger","Aktien","2.027.668,93","0,00","2.027.668,93","122.953,00","16,49","Saudi-Arabien","Saudi Stock Exchange","SAR"
"SELEC.E","SELCUK ECZA DEPOSU TICARET VE SANA","Gesundheitsversorgung","Aktien","2.031.417,89","0,00","2.031.417,89","418.092,00","4,86","Türkei","Istanbul Stock Exchange","TRY"
"2190","SUSTAINED INFRASTRUCTURE HOLDING C","Industrie","Aktien","2.031.960,60","0,00","2.031.960,60","200.870,00","10,12","Saudi-Arabien","Saudi Stock Exchange","SAR"
"004990","LOTTE","Industrie","Aktien","2.023.880,79","0,00","2.023.880,79","112.301,00","18,02","Korea","Korea Exchange (Stock Market)","KRW"
"002466","TIANQI LITHIUM INDUSTRIES A","Materialien","Aktien","2.026.405,07","0,00","2.026.405,07","317.900,00","6,37","China","Shenzhen Stock Exchange","CNY"
"450080","ECOPRO MATERIALS LTD","Industrie","Aktien","2.026.702,86","0,00","2.026.702,86","80.120,00","25,30","Korea","Korea Exchange (Stock Market)","KRW"
"068760","CELLTRION PHARM INC","Gesundheitsversorgung","Aktien","2.026.801,58","0,00","2.026.801,58","71.437,00","28,37","Korea","Korea Exchange (Kosdaq)","KRW"
"2472","LELON ELECTRONICS CORP","IT","Aktien","2.027.287,70","0,00","2.027.287,70","310.000,00","6,54","Taiwan","Taiwan Stock Exchange","TWD"
"1368","XTEP INTERNATIONAL LTD","Zyklische Konsumgüter ","Aktien","2.021.987,34","0,00","2.021.987,34","4.539.000,00","0,45","China","Hong Kong Exchanges And Clearing Ltd","HKD"
"600105","JIANG SU ETERN LTD A","IT","Aktien","2.022.379,71","0,00","2.022.379,71","300.400,00","6,73","China","Shanghai Stock Exchange","CNY"
"002049","UNIGROUP GUOXIN MICROELECTRONICS L","IT","Aktien","2.022.722,41","0,00","2.022.722,41","226.985,00","8,91","China","Shenzhen Stock Exchange","CNY"
"600221","HAINAN AIRLINES HOLDING LTD A","Industrie","Aktien","2.013.842,95","0,00","2.013.842,95","10.977.900,00","0,18","China","Shanghai Stock Exchange","CNY"
"AJMANBANK","AJMAN BANK","Finanzwesen","Aktien","2.014.623,82","0,00","2.014.623,82","5.033.613,00","0,40","Ver. Arabische Emirate","Dubai Financial Market","AED"
"SCHNEIDER","SCHNEIDER ELECTRIC INFRASTRUCTURE","Industrie","Aktien","2.014.631,83","0,00","2.014.631,83","160.811,00","12,53","Indien","National Stock Exchange Of India","INR"
"001389","DELTON TECHNOLOGY (GUANGZHOU) INC","IT","Aktien","2.017.602,53","0,00","2.017.602,53","80.500,00","25,06","China","Shenzhen Stock Exchange","CNY"
"NLCINDIA","NLC INDIA LTD","Versorger","Aktien","2.018.072,97","0,00","2.018.072,97","738.120,00","2,73","Indien","National Stock Exchange Of India","INR"
"RATEGAIN","RATEGAIN TRAVEL TECHNOLOGY","IT","Aktien","2.010.442,04","0,00","2.010.442,04","222.863,00","9,02","Indien","National Stock Exchange Of India","INR"
"8415","BRIGHTON-BEST INTERNATION (TAIWAN)","Industrie","Aktien","2.010.557,52","0,00","2.010.557,52","1.842.000,00","1,09","Taiwan","Gretai Securities Market","TWD"
"POLYMED","POLY MEDICURE","Gesundheitsversorgung","Aktien","2.011.252,06","0,00","2.011.252,06","112.661,00","17,85","Indien","National Stock Exchange Of India","INR"
"2696","SHANGHAI HENLIUS BIOTECH H","Gesundheitsversorgung","Aktien","2.012.753,56","0,00","2.012.753,56","270.400,00","7,44","China","Hong Kong Exchanges And Clearing Ltd","HKD"
"AADHARHFC","AADHAR HOUSING FINANCE LTD","Finanzwesen","Aktien","2.005.777,47","0,00","2.005.777,47","409.991,00","4,89","Indien","National Stock Exchange Of India","INR"
"ITC.R","I-TAIL CORPORATION PUBLIC COMPANY","Nichtzyklische Konsumgüter","Aktien","2.006.247,53","0,00","2.006.247,53","3.782.400,00","0,53","Thailand","Stock Exchange Of Thailand","THB"
"WABAG","VA TECH WABAG","Versorger","Aktien","2.006.881,73","0,00","2.006.881,73","92.797,00","21,63","Indien","National Stock Exchange Of India","INR"
"BCH.R","BANGKOK CHAIN HOSPITAL NON-VOTING","Gesundheitsversorgung","Aktien","2.007.003,30","0,00","2.007.003,30","5.823.800,00","0,34","Thailand","Stock Exchange Of Thailand","THB"
"CCL","CCL PRODUCTS INDIA LTD","Nichtzyklische Konsumgüter","Aktien","2.007.150,45","0,00","2.007.150,45","181.268,00","11,07","Indien","National Stock Exchange Of India","INR"
"002484","NANTONG JIANGHAI CAPACITOR LTD A","IT","Aktien","2.008.270,24","0,00","2.008.270,24","224.200,00","8,96","China","Shenzhen Stock Exchange","CNY"
"506","CHINA FOODS LTD","Nichtzyklische Konsumgüter","Aktien","1.999.008,37","0,00","1.999.008,37","4.216.000,00","0,47","China","Hong Kong Exchanges And Clearing Ltd","HKD"
"601877","ZHEJIANG CHINT ELECTRICS LTD A","Industrie","Aktien","1.999.241,34","0,00","1.999.241,34","543.369,00","3,68","China","Shanghai Stock Exchange","CNY"
"000166","SHENWAN HONGYUAN GROUP LTD A","Finanzwesen","Aktien","1.999.515,82","0,00","1.999.515,82","3.067.907,00","0,65","China","Shenzhen Stock Exchange","CNY"
"000021","SHENZHEN KAIFA TECHNOLOGY LTD A","IT","Aktien","1.991.313,94","0,00","1.991.313,94","376.000,00","5,30","China","Shenzhen Stock Exchange","CNY"
"PAX","PATRIA INVESTMENTS LTD CLASS A","Finanzwesen","Aktien","1.992.432,60","0,00","1.992.432,60","198.252,00","10,05","Brasilien","NASDAQ","USD"
"688766","PUYA SEMICONDUCTOR (SHANGHAI) LTD","IT","Aktien","1.992.832,21","0,00","1.992.832,21","34.200,00","58,27","China","Shanghai Stock Exchange","CNY"
"LLOYDSENGG","LLOYDS ENGINEERING WORKS LTD","Industrie","Aktien","1.993.219,22","0,00","1.993.219,22","2.384.345,00","0,84","Indien","National Stock Exchange Of India","INR"
"300548","EVERPROX TECHNOLOGIES LTD A","IT","Aktien","1.994.681,88","0,00","1.994.681,88","57.800,00","34,51","China","Shenzhen Stock Exchange","CNY"
"2548","HUAKU DEVELOPMENT LTD","Immobilien","Aktien","1.986.372,11","0,00","1.986.372,11","676.608,00","2,94","Taiwan","Taiwan Stock Exchange","TWD"
"PARADEEP","PARADEEP PHOSPHATES LTD","Materialien","Aktien","1.990.477,35","0,00","1.990.477,35","1.241.541,00","1,60","Indien","National Stock Exchange Of India","INR"
"688313","HENAN SHIJIA PHOTONS TECHNOLOGY LT","IT","Aktien","1.983.248,32","0,00","1.983.248,32","82.800,00","23,95","China","Shanghai Stock Exchange","CNY"
"601456","GUOLIAN MINSHENG SECURITIES LTD A","Finanzwesen","Aktien","1.983.835,19","0,00","1.983.835,19","1.548.500,00","1,28","China","Shanghai Stock Exchange","CNY"
"MAHLIFE","MAHINDRA LIFESPACE DEVELOPERS LTD","Immobilien","Aktien","1.985.056,12","0,00","1.985.056,12","523.622,00","3,79","Indien","National Stock Exchange Of India","INR"
"2171","CARSGEN THERAPEUTICS LTD","Gesundheitsversorgung","Aktien","1.978.497,64","0,00","1.978.497,64","1.262.000,00","1,57","China","Hong Kong Exchanges And Clearing Ltd","HKD"
"1651","PRECISION TSUGAMI CHINA CORP LTD","Industrie","Aktien","1.973.118,86","0,00","1.973.118,86","338.000,00","5,84","China","Hong Kong Exchanges And Clearing Ltd","HKD"
"DOHOL.E","DOGAN SIRKETLER GRUBU HOLDING A","Zyklische Konsumgüter ","Aktien","1.973.172,00","0,00","1.973.172,00","4.604.202,00","0,43","Türkei","Istanbul Stock Exchange","TRY"
"002709","GUANGZHOU TINCI MATERIALS TECHNOLO","Materialien","Aktien","1.973.491,43","0,00","1.973.491,43","402.441,00","4,90","China","Shenzhen Stock Exchange","CNY"
"017960","HANKUK CARBON","Materialien","Aktien","1.975.292,87","0,00","1.975.292,87","127.531,00","15,49","Korea","Korea Exchange (Stock Market)","KRW"
"000960","YUNNAN TIN LTD A","Materialien","Aktien","1.963.080,53","0,00","1.963.080,53","398.500,00","4,93","China","Shenzhen Stock Exchange","CNY"
"CARLSBG","CARLSBERG BREWERY MALAYSIA","Nichtzyklische Konsumgüter","Aktien","1.963.992,68","0,00","1.963.992,68","631.900,00","3,11","Malaysia","Bursa Malaysia","MYR"
"2233","WEST CHINA CEMENT LTD","Materialien","Aktien","1.964.668,32","0,00","1.964.668,32","8.684.000,00","0,23","China","Hong Kong Exchanges And Clearing Ltd","HKD"
"CENTURYPLY","CENTURY PLYBOARDS INDIA LTD","Materialien","Aktien","1.966.882,33","0,00","1.966.882,33","262.463,00","7,49","Indien","National Stock Exchange Of India","INR"
"183300","KOMICO LTD","IT","Aktien","1.960.911,08","0,00","1.960.911,08","92.784,00","21,13","Korea","Korea Exchange (Kosdaq)","KRW"
"1277","KINETIC DEVELOPMENT GROUP LTD","Energie","Aktien","1.962.177,77","0,00","1.962.177,77","8.018.000,00","0,24","China","Hong Kong Exchanges And Clearing Ltd","HKD"
"2038","FIH MOBILE LTD","IT","Aktien","1.949.971,26","0,00","1.949.971,26","963.400,00","2,02","Hongkong","Hong Kong Exchanges And Clearing Ltd","HKD"
"007810","KOREA CIRCUIT LTD","IT","Aktien","1.952.640,54","0,00","1.952.640,54","51.982,00","37,56","Korea","Korea Exchange (Stock Market)","KRW"
"000831","CHINA RARE EARTH RESOURCES AND TEC","Materialien","Aktien","1.945.366,35","0,00","1.945.366,35","244.401,00","7,96","China","Shenzhen Stock Exchange","CNY"
"9941","YULON FINANCE CORP","Finanzwesen","Aktien","1.945.993,21","0,00","1.945.993,21","768.812,00","2,53","Taiwan","Taiwan Stock Exchange","TWD"
"826","TIANGONG INTERNATIONAL LTD","Materialien","Aktien","1.946.267,04","0,00","1.946.267,04","4.902.000,00","0,40","China","Hong Kong Exchanges And Clearing Ltd","HKD"
"4919","NUVOTON TECHNOLOGY","IT","Aktien","1.947.776,99","0,00","1.947.776,99","540.000,00","3,61","Taiwan","Taiwan Stock Exchange","TWD"
"2005","SSY GROUP LTD","Gesundheitsversorgung","Aktien","1.948.167,56","0,00","1.948.167,56","5.547.964,00","0,35","China","Hong Kong Exchanges And Clearing Ltd","HKD"
"007070","GS RETAIL LTD","Nichtzyklische Konsumgüter","Aktien","1.940.358,27","0,00","1.940.358,27","111.704,00","17,37","Korea","Korea Exchange (Stock Market)","KRW"
"000783","CHANGJIANG SECURITIES LTD A","Finanzwesen","Aktien","1.936.457,45","0,00","1.936.457,45","1.566.218,00","1,24","China","Shenzhen Stock Exchange","CNY"
"3030","SAUDI CEMENT","Materialien","Aktien","1.936.818,51","0,00","1.936.818,51","263.039,00","7,36","Saudi-Arabien","Saudi Stock Exchange","SAR"
"000625","CHONGQING CHANGAN AUTOMOBILE LTD A","Zyklische Konsumgüter ","Aktien","1.938.416,72","0,00","1.938.416,72","1.817.774,00","1,07","China","Shenzhen Stock Exchange","CNY"
"073240","KUMHO TIREINC INC","Zyklische Konsumgüter ","Aktien","1.938.620,52","0,00","1.938.620,52","381.552,00","5,08","Korea","Korea Exchange (Stock Market)","KRW"
"6451","SHUNSIN TECHNOLOGY HOLDINGS LTD","IT","Aktien","1.931.874,85","0,00","1.931.874,85","147.000,00","13,14","Taiwan","Taiwan Stock Exchange","TWD"
"ECLERX","ECLERX SERVICES","Industrie","Aktien","1.933.413,01","0,00","1.933.413,01","96.457,00","20,04","Indien","National Stock Exchange Of India","INR"
"CHOICEIN","CHOICE INTERNATIONAL LTD","Finanzwesen","Aktien","1.926.550,20","0,00","1.926.550,20","250.445,00","7,69","Indien","National Stock Exchange Of India","INR"
"2101","NAN KANG RUBBER TIRE CORP LTD","Zyklische Konsumgüter ","Aktien","1.928.261,89","0,00","1.928.261,89","2.025.628,00","0,95","Taiwan","Taiwan Stock Exchange","TWD"
"APTUS","APTUS VALUE HOUSING FINANCE INDIA","Finanzwesen","Aktien","1.928.765,73","0,00","1.928.765,73","773.712,00","2,49","Indien","National Stock Exchange Of India","INR"
"4164","AL NAHDI MEDICAL","Nichtzyklische Konsumgüter","Aktien","1.929.436,36","0,00","1.929.436,36","79.911,00","24,14","Saudi-Arabien","Saudi Stock Exchange","SAR"
"601825","SHANGHAI RURAL COMMERCIAL BANK LTD","Finanzwesen","Aktien","1.925.538,10","0,00","1.925.538,10","1.485.700,00","1,30","China","Shanghai Stock Exchange","CNY"
"300454","SANGFOR TECHNOLOGIES INC A","IT","Aktien","1.916.994,03","0,00","1.916.994,03","93.500,00","20,50","China","Shenzhen Stock Exchange","CNY"
"DIA","DIAGNOSTYKA SA","Gesundheitsversorgung","Aktien","1.918.426,17","0,00","1.918.426,17","44.265,00","43,34","Polen","Warsaw Stock Exchange/Equities/Main Market","PLN"
"601360","360 SECURITY TECHNOLOGY INC A","IT","Aktien","1.919.896,20","0,00","1.919.896,20","1.488.197,00","1,29","China","Shanghai Stock Exchange","CNY"
"688409","SHENYANG FORTUNE PRECISION EQUIPME","IT","Aktien","1.920.777,33","0,00","1.920.777,33","69.200,00","27,76","China","Shanghai Stock Exchange","CNY"
"APLLTD","ALEMBIC PHARMACEUTICALS LTD","Gesundheitsversorgung","Aktien","1.913.995,36","0,00","1.913.995,36","222.305,00","8,61","Indien","National Stock Exchange Of India","INR"
"NY1","NINETY ONE LTD","Finanzwesen","Aktien","1.915.915,47","0,00","1.915.915,47","719.962,00","2,66","Südafrika","Johannesburg Stock Exchange","ZAR"
"001720","SHINYOUNG SECURITIES LTD","Finanzwesen","Aktien","1.905.432,20","0,00","1.905.432,20","18.751,00","101,62","Korea","Korea Exchange (Stock Market)","KRW"
"325","BLOKS GROUP LTD","Zyklische Konsumgüter ","Aktien","1.898.963,12","0,00","1.898.963,12","223.200,00","8,51","China","Hong Kong Exchanges And Clearing Ltd","HKD"
"000617","CNPC CAPITAL LTD A","Finanzwesen","Aktien","1.901.924,83","0,00","1.901.924,83","1.872.600,00","1,02","China","Shenzhen Stock Exchange","CNY"
"688082","ACM RESEARCH (SHANGHAI) INC A","IT","Aktien","1.902.461,88","0,00","1.902.461,88","45.162,00","42,13","China","Shanghai Stock Exchange","CNY"
"601058","SAILUN GROUP A","Zyklische Konsumgüter ","Aktien","1.893.965,10","0,00","1.893.965,10","920.220,00","2,06","China","Shanghai Stock Exchange","CNY"
"300759","PHARMARON BEIJING LTD A","Gesundheitsversorgung","Aktien","1.894.202,09","0,00","1.894.202,09","290.300,00","6,52","China","Shenzhen Stock Exchange","CNY"
"ITMG","INDO TAMBANGRAYA MEGAH","Energie","Aktien","1.889.058,62","0,00","1.889.058,62","1.264.600,00","1,49","Indonesien","Indonesia Stock Exchange","IDR"
"300418","KUNLUN TECH A","Kommunikation","Aktien","1.889.748,99","0,00","1.889.748,99","291.282,00","6,49","China","Shenzhen Stock Exchange","CNY"
"BAYERCROP","BAYER CROPSCIENCE LTD","Materialien","Aktien","1.892.045,29","0,00","1.892.045,29","46.622,00","40,58","Indien","National Stock Exchange Of India","INR"
"SBFC","SBFC FINANCE LTD","Finanzwesen","Aktien","1.893.312,15","0,00","1.893.312,15","1.946.417,00","0,97","Indien","National Stock Exchange Of India","INR"
"INTELLECT","INTELLECT DESIGN ARENA LTD","IT","Aktien","1.886.775,79","0,00","1.886.775,79","277.925,00","6,79","Indien","National Stock Exchange Of India","INR"
"4031","SAUDI GROUND SERVICES","Industrie","Aktien","1.887.341,64","0,00","1.887.341,64","323.883,00","5,83","Saudi-Arabien","Saudi Stock Exchange","SAR"
"AZAD","AZAD ENGINEERING LTD","Industrie","Aktien","1.888.579,42","0,00","1.888.579,42","69.545,00","27,16","Indien","National Stock Exchange Of India","INR"
"1316","NEXTEER AUTOMOTIVE GROUP LTD","Zyklische Konsumgüter ","Aktien","1.881.035,99","0,00","1.881.035,99","3.130.000,00","0,60","China","Hong Kong Exchanges And Clearing Ltd","HKD"
"EIHOTEL","EIH","Zyklische Konsumgüter ","Aktien","1.882.248,21","0,00","1.882.248,21","602.128,00","3,13","Indien","National Stock Exchange Of India","INR"
"002790","AMOREG","Nichtzyklische Konsumgüter","Aktien","1.883.483,88","0,00","1.883.483,88","97.465,00","19,32","Korea","Korea Exchange (Stock Market)","KRW"
"APEX","APEX INVESTMENT","Materialien","Aktien","1.883.770,97","0,00","1.883.770,97","1.820.739,00","1,03","Ver. Arabische Emirate","Abu Dhabi Securities Exchange","AED"
"002850","SHENZHEN KEDALI INDUSTRY A","Zyklische Konsumgüter ","Aktien","1.875.688,59","0,00","1.875.688,59","74.700,00","25,11","China","Shenzhen Stock Exchange","CNY"
"601788","EVERBRIGHT SECURITIES LTD A","Finanzwesen","Aktien","1.877.402,39","0,00","1.877.402,39","910.194,00","2,06","China","Shanghai Stock Exchange","CNY"
"4210","SAUDI RESEARCH AND MEDIA GROUP","Kommunikation","Aktien","1.877.668,57","0,00","1.877.668,57","120.572,00","15,57","Saudi-Arabien","Saudi Stock Exchange","SAR"
"688777","SUPCON TECHNOLOGY A","IT","Aktien","1.878.694,41","0,00","1.878.694,41","148.791,00","12,63","China","Shanghai Stock Exchange","CNY"
"TI","TILAKNAGAR INDUSTRIES","Nichtzyklische Konsumgüter","Aktien","1.874.035,53","0,00","1.874.035,53","330.588,00","5,67","Indien","National Stock Exchange Of India","INR"
"666","REPT BATTERO ENERGY H","Industrie","Aktien","1.874.131,53","0,00","1.874.131,53","1.615.800,00","1,16","China","Hong Kong Exchanges And Clearing Ltd","HKD"
"IEX","INDIAN ENERGY EXCHANGE LTDINARY","Finanzwesen","Aktien","1.866.011,70","0,00","1.866.011,70","1.578.664,00","1,18","Indien","National Stock Exchange Of India","INR"
"INCO","VALE INDONESIA","Materialien","Aktien","1.866.301,69","0,00","1.866.301,69","7.074.400,00","0,26","Indonesien","Indonesia Stock Exchange","IDR"
"1117","CHINA MODERN DAIRY HOLDINGS LTD","Nichtzyklische Konsumgüter","Aktien","1.866.613,98","0,00","1.866.613,98","9.153.000,00","0,20","China","Hong Kong Exchanges And Clearing Ltd","HKD"
"CHALET","CHALET HOTELS LTD","Zyklische Konsumgüter ","Aktien","1.866.927,50","0,00","1.866.927,50","212.642,00","8,78","Indien","National Stock Exchange Of India","INR"
"601958","JINDUICHENG MOLYBDENUM LTD A","Materialien","Aktien","1.867.076,81","0,00","1.867.076,81","625.000,00","2,99","China","Shanghai Stock Exchange","CNY"
"3877","CSSC (HONG KONG) SHIPPING LTD","Finanzwesen","Aktien","1.867.956,13","0,00","1.867.956,13","5.994.000,00","0,31","China","Hong Kong Exchanges And Clearing Ltd","HKD"
"GRINDWELL","GRINDWELL NORTON LTD","Industrie","Aktien","1.869.255,74","0,00","1.869.255,74","96.301,00","19,41","Indien","National Stock Exchange Of India","INR"
"VOLARA","CONTROLADORA VUELA COMPANIA DE AVI","Industrie","Aktien","1.869.951,00","0,00","1.869.951,00","2.897.699,00","0,65","Mexiko","Bolsa Mexicana De Valores","MXN"
"ONESOURCE","ONESOURCE SPECIALTY PHARMA LTD","Gesundheitsversorgung","Aktien","1.864.395,88","0,00","1.864.395,88","113.206,00","16,47","Indien","National Stock Exchange Of India","INR"
"8422","CLEANAWAY","Industrie","Aktien","1.856.708,23","0,00","1.856.708,23","2.290.000,00","0,81","Taiwan","Taiwan Stock Exchange","TWD"
"JMFINANCIL","JM FINANCIAL LTD","Finanzwesen","Aktien","1.858.248,28","0,00","1.858.248,28","1.455.193,00","1,28","Indien","National Stock Exchange Of India","INR"
"300316","ZHEJIANG JINGSHENG MECHANICAL & EL","IT","Aktien","1.859.076,10","0,00","1.859.076,10","308.848,00","6,02","China","Shenzhen Stock Exchange","CNY"
"688017","LEADER HARMONIOUS DRIVE SYSTEMS A","Industrie","Aktien","1.851.926,43","0,00","1.851.926,43","42.725,00","43,35","China","Shanghai Stock Exchange","CNY"
"6197","JESS-LINK PRODUCTS INC","IT","Aktien","1.852.834,63","0,00","1.852.834,63","194.000,00","9,55","Taiwan","Taiwan Stock Exchange","TWD"
"GRWRHITECH","GARWARE HI-TECH FILMS LTD","Materialien","Aktien","1.852.928,68","0,00","1.852.928,68","27.338,00","67,78","Indien","National Stock Exchange Of India","INR"
"002202","GOLDWIND SCIENCE&TECHNOLOGY LTD A","Industrie","Aktien","1.852.961,77","0,00","1.852.961,77","681.894,00","2,72","China","Shenzhen Stock Exchange","CNY"
"SIRI.R","SANSIRI NON-VOTING DR PCL","Immobilien","Aktien","1.853.709,98","0,00","1.853.709,98","42.368.700,00","0,04","Thailand","Stock Exchange Of Thailand","THB"
"688141","JOULWATT TECHNOLOGY LTD A","IT","Aktien","1.848.993,29","0,00","1.848.993,29","110.200,00","16,78","China","Shanghai Stock Exchange","CNY"
"005850","SL CORP","Zyklische Konsumgüter ","Aktien","1.849.784,32","0,00","1.849.784,32","50.609,00","36,55","Korea","Korea Exchange (Stock Market)","KRW"
"5234","DAXIN MATERIALS CORP","Materialien","Aktien","1.844.271,94","0,00","1.844.271,94","200.000,00","9,22","Taiwan","Taiwan Stock Exchange","TWD"
"GUBRF.E","GUBRE FABRIKALARI A","Materialien","Aktien","1.846.203,37","0,00","1.846.203,37","209.350,00","8,82","Türkei","Istanbul Stock Exchange","TRY"
"DEEPAKFERT","DEEPAK FERTILISERS AND PETROCHEMIC","Materialien","Aktien","1.846.328,44","0,00","1.846.328,44","133.725,00","13,81","Indien","National Stock Exchange Of India","INR"
"PHP","PHP CASH","Cash und/oder Derivate","Geldmarkt","1.841.818,52","0,00","1.841.818,52","115.546.485,00","1,59","Philippinen","-","PHP"
"CREDIA","CREDIABANK SA","Finanzwesen","Aktien","1.840.921,88","0,00","1.840.921,88","1.688.886,00","1,09","Griechenland","Athens Exchange S.A. Cash Market","EUR"
"2007","COUNTRY GARDEN HOLDINGS LTD","Immobilien","Aktien","1.833.417,12","0,00","1.833.417,12","84.119.000,00","0,02","China","Hong Kong Exchanges And Clearing Ltd","HKD"
"1227","STANDARD FOODS CORP","Nichtzyklische Konsumgüter","Aktien","1.833.571,83","0,00","1.833.571,83","2.073.009,00","0,88","Taiwan","Taiwan Stock Exchange","TWD"
"MAVI.E","MAVI GIYIM SANAYI VE TICARET","Zyklische Konsumgüter ","Aktien","1.834.165,44","0,00","1.834.165,44","2.366.849,00","0,77","Türkei","Istanbul Stock Exchange","TRY"
"ACEN","ACEN CORPORATION","Versorger","Aktien","1.837.289,87","0,00","1.837.289,87","43.826.000,00","0,04","Philippinen","Philippine Stock Exchange Inc.","PHP"
"319400","HUYNDAI MOVEX LTD","Industrie","Aktien","1.831.493,65","0,00","1.831.493,65","117.152,00","15,63","Korea","Korea Exchange (Kosdaq)","KRW"
"251270","NETMARBLE","Kommunikation","Aktien","1.832.159,30","0,00","1.832.159,30","74.126,00","24,72","Korea","Korea Exchange (Stock Market)","KRW"
"SJVN","SJVN LTD","Versorger","Aktien","1.832.467,35","0,00","1.832.467,35","2.715.094,00","0,67","Indien","National Stock Exchange Of India","INR"
"000240","HANKOOK & COMPANY","Zyklische Konsumgüter ","Aktien","1.832.983,03","0,00","1.832.983,03","102.740,00","17,84","Korea","Korea Exchange (Stock Market)","KRW"
"2850","SHINKONG INSURANCE LTD","Finanzwesen","Aktien","1.824.496,20","0,00","1.824.496,20","367.000,00","4,97","Taiwan","Taiwan Stock Exchange","TWD"
"000426","INNER MONGOLIA XINGYE SILVER&TIN M","Materialien","Aktien","1.827.830,20","0,00","1.827.830,20","354.413,00","5,16","China","Shenzhen Stock Exchange","CNY"
"J&KBANK","JAMMU AND KASHMIR BANK LTD","Finanzwesen","Aktien","1.820.145,15","0,00","1.820.145,15","1.185.634,00","1,54","Indien","National Stock Exchange Of India","INR"
"AZZA3","AZZAS","Zyklische Konsumgüter ","Aktien","1.821.517,57","0,00","1.821.517,57","634.278,00","2,87","Brasilien","XBSP","BRL"
"AMRT","PT SUMBER ALFARIA TRIJAYA","Nichtzyklische Konsumgüter","Aktien","1.823.809,47","0,00","1.823.809,47","24.418.400,00","0,07","Indonesien","Indonesia Stock Exchange","IDR"
"HONASA","HONASA CONSUMER LTD","Nichtzyklische Konsumgüter","Aktien","1.816.133,10","0,00","1.816.133,10","378.690,00","4,80","Indien","National Stock Exchange Of India","INR"
"SYNGENE","SYNGENE INTERNATIONAL LTD","Gesundheitsversorgung","Aktien","1.816.978,52","0,00","1.816.978,52","458.486,00","3,96","Indien","National Stock Exchange Of India","INR"
"NCC","NCC LTD","Industrie","Aktien","1.817.241,41","0,00","1.817.241,41","1.285.705,00","1,41","Indien","National Stock Exchange Of India","INR"
"SGML","SIGMA LITHIUM","Materialien","Aktien","1.819.201,20","0,00","1.819.201,20","204.865,00","8,88","Brasilien","NASDAQ","USD"
"4264","FLYNAS","Industrie","Aktien","1.810.772,56","0,00","1.810.772,56","156.228,00","11,59","Saudi-Arabien","Saudi Stock Exchange","SAR"
"601198","DONGXING SECURITIES A","Finanzwesen","Aktien","1.812.052,73","0,00","1.812.052,73","930.786,00","1,95","China","Shanghai Stock Exchange","CNY"
"600585","ANHUI CONCH CEMENT A","Materialien","Aktien","1.812.241,45","0,00","1.812.241,45","717.301,00","2,53","China","Shanghai Stock Exchange","CNY"
"LULU","LULU RETAIL HOLDINGS PLC","Nichtzyklische Konsumgüter","Aktien","1.813.997,17","0,00","1.813.997,17","7.156.326,00","0,25","Ver. Arabische Emirate","Abu Dhabi Securities Exchange","AED"
"688387","CICT MOBILE COMMUNICATION TECHNOLO","IT","Aktien","1.806.825,05","0,00","1.806.825,05","992.200,00","1,82","China","Shanghai Stock Exchange","CNY"
"SKFINDIA","SKF INDIA LTD","Zyklische Konsumgüter ","Aktien","1.810.151,96","0,00","1.810.151,96","112.694,00","16,06","Indien","National Stock Exchange Of India","INR"
"HBSA3","HIDROVIAS DO BRASIL","Industrie","Aktien","1.802.861,92","0,00","1.802.861,92","2.808.897,00","0,64","Brasilien","XBSP","BRL"
"ANURAS","ANUPAM RASAYAN INDIA LTD","Materialien","Aktien","1.797.336,79","0,00","1.797.336,79","145.968,00","12,31","Indien","National Stock Exchange Of India","INR"
"EXCL","XLSMART TELECOM SEJAHTERA","Kommunikation","Aktien","1.797.492,11","0,00","1.797.492,11","12.359.500,00","0,15","Indonesien","Indonesia Stock Exchange","IDR"
"002558","GIANT NETWORK GROUP A","Kommunikation","Aktien","1.800.528,86","0,00","1.800.528,86","486.600,00","3,70","China","Shenzhen Stock Exchange","CNY"
"600415","ZHEJIANG CHINA COMMODITIES CITY GR","Zyklische Konsumgüter ","Aktien","1.787.452,35","0,00","1.787.452,35","1.031.400,00","1,73","China","Shanghai Stock Exchange","CNY"
"NUVOCO","NUVOCO VISTAS LTD","Materialien","Aktien","1.790.343,55","0,00","1.790.343,55","538.436,00","3,33","Indien","National Stock Exchange Of India","INR"
"4291","NATIONAL FOR LEARNING AND EDUCATIO","Zyklische Konsumgüter ","Aktien","1.790.481,54","0,00","1.790.481,54","48.633,00","36,82","Saudi-Arabien","Saudi Stock Exchange","SAR"
"CANFINHOME","CAN FIN HOMES LTD","Finanzwesen","Aktien","1.783.765,57","0,00","1.783.765,57","220.984,00","8,07","Indien","National Stock Exchange Of India","INR"
"4020","SAUDI REAL ESTATE","Immobilien","Aktien","1.785.980,85","0,00","1.785.980,85","433.961,00","4,12","Saudi-Arabien","Saudi Stock Exchange","SAR"
"1114","BRILLIANCE CHINA AUTOMOTIVE HOLDIN","Zyklische Konsumgüter ","Aktien","1.786.085,28","0,00","1.786.085,28","8.100.000,00","0,22","China","Hong Kong Exchanges And Clearing Ltd","HKD"
"4150","ARRIYADH DEVELOPMENT","Immobilien","Aktien","1.777.935,38","0,00","1.777.935,38","404.042,00","4,40","Saudi-Arabien","Saudi Stock Exchange","SAR"
"601618","METALLURGICAL CORP OF CHINA LTD A","Industrie","Aktien","1.778.151,01","0,00","1.778.151,01","4.750.001,00","0,37","China","Shanghai Stock Exchange","CNY"
"PCBL","PCBL CHEMICAL LTD","Materialien","Aktien","1.781.855,29","0,00","1.781.855,29","518.964,00","3,43","Indien","National Stock Exchange Of India","INR"
"SPACE42","SPACE42 PLC","Kommunikation","Aktien","1.774.694,49","0,00","1.774.694,49","3.017.679,00","0,59","Ver. Arabische Emirate","Abu Dhabi Securities Exchange","AED"
"002304","JIANGSU YANGHE BREWERY JOINT-STOCK","Nichtzyklische Konsumgüter","Aktien","1.769.788,77","0,00","1.769.788,77","312.686,00","5,66","China","Shenzhen Stock Exchange","CNY"
"OLECTRA","OLECTRA GREENTECH LTD","Industrie","Aktien","1.769.986,59","0,00","1.769.986,59","143.153,00","12,36","Indien","National Stock Exchange Of India","INR"
"002064","HUAFON CHEMICAL LTD A","Materialien","Aktien","1.770.829,53","0,00","1.770.829,53","1.204.200,00","1,47","China","Shenzhen Stock Exchange","CNY"
"9966","ALPHAMAB ONCOLOGY","Gesundheitsversorgung","Aktien","1.772.410,19","0,00","1.772.410,19","1.813.000,00","0,98","China","Hong Kong Exchanges And Clearing Ltd","HKD"
"CLP","CLP CASH","Cash und/oder Derivate","Geldmarkt","1.765.527,96","0,00","1.765.527,96","1.690.934.407,00","0,10","Chile","-","CLP"
"VESUVIUS","VESUVIUS INDIA LTD","Industrie","Aktien","1.765.057,46","0,00","1.765.057,46","423.338,00","4,17","Indien","National Stock Exchange Of India","INR"
"GND","GRINDROD","Industrie","Aktien","1.766.380,70","0,00","1.766.380,70","991.190,00","1,78","Südafrika","Johannesburg Stock Exchange","ZAR"
"2820","CHINA BILLS FINANCE CORP","Finanzwesen","Aktien","1.767.362,49","0,00","1.767.362,49","3.229.108,00","0,55","Taiwan","Taiwan Stock Exchange","TWD"
"688110","DOSILICON LTD A","IT","Aktien","1.767.841,61","0,00","1.767.841,61","102.600,00","17,23","China","Shanghai Stock Exchange","CNY"
"601179","CHINA XD ELECTRIC LTD A","Industrie","Aktien","1.760.144,67","0,00","1.760.144,67","979.400,00","1,80","China","Shanghai Stock Exchange","CNY"
"300136","SHENZHEN SUNWAY COMMUNICATION LTD","IT","Aktien","1.762.544,67","0,00","1.762.544,67","205.100,00","8,59","China","Shenzhen Stock Exchange","CNY"
"9917","TAIWAN SECOM LTD","Industrie","Aktien","1.763.185,70","0,00","1.763.185,70","530.328,00","3,32","Taiwan","Taiwan Stock Exchange","TWD"
"THANGAMAYL","THANGAMAYIL JEWELLERY LTD","Zyklische Konsumgüter ","Aktien","1.755.504,13","0,00","1.755.504,13","35.007,00","50,15","Indien","National Stock Exchange Of India","INR"
"1322","AL MASANE AL KOBRA MINING","Materialien","Aktien","1.758.587,40","0,00","1.758.587,40","84.101,00","20,91","Saudi-Arabien","Saudi Stock Exchange","SAR"
"TOWR","SARANA MENARA NUSANTARA","Kommunikation","Aktien","1.759.254,68","0,00","1.759.254,68","70.609.000,00","0,02","Indonesien","Indonesia Stock Exchange","IDR"
"TECHNOE","TECHNO ELECTRIC AND ENGINEERING LT","Industrie","Aktien","1.751.937,18","0,00","1.751.937,18","170.688,00","10,26","Indien","National Stock Exchange Of India","INR"
"603799","ZHEJIANG HUAYOU COBALT LTD A","Industrie","Aktien","1.752.252,57","0,00","1.752.252,57","333.964,00","5,25","China","Shanghai Stock Exchange","CNY"
"ALPA4","SAO PAULO ALPARGATAS PREF","Zyklische Konsumgüter ","Aktien","1.748.266,12","0,00","1.748.266,12","703.817,00","2,48","Brasilien","XBSP","BRL"
"002008","HANS LASER TECHNOLOGY LTD A","Industrie","Aktien","1.749.141,98","0,00","1.749.141,98","123.700,00","14,14","China","Shenzhen Stock Exchange","CNY"
"FLRY3","FLEURY","Gesundheitsversorgung","Aktien","1.743.044,12","0,00","1.743.044,12","419.066,00","4,16","Brasilien","XBSP","BRL"
"000157","ZOOMLION HEAVY INDUSTRY SCIENCE AN","Industrie","Aktien","1.739.283,58","0,00","1.739.283,58","1.893.165,00","0,92","China","Shenzhen Stock Exchange","CNY"
"548","SHENZHEN EXPRESSWAY CORP LTD H","Industrie","Aktien","1.731.802,97","0,00","1.731.802,97","2.034.000,00","0,85","China","Hong Kong Exchanges And Clearing Ltd","HKD"
"PGOLD","PURE GOLD PRICE CLUB INC","Nichtzyklische Konsumgüter","Aktien","1.733.338,65","0,00","1.733.338,65","2.705.000,00","0,64","Philippinen","Philippine Stock Exchange Inc.","PHP"
"3092","RIYADH CEMENT CO","Materialien","Aktien","1.735.931,48","0,00","1.735.931,48","288.541,00","6,02","Saudi-Arabien","Saudi Stock Exchange","SAR"
"688172","BEIJING YANDONG MICRO ELECTRONIC L","IT","Aktien","1.736.167,34","0,00","1.736.167,34","260.600,00","6,66","China","Shanghai Stock Exchange","CNY"
"688331","REMEGEN A","Gesundheitsversorgung","Aktien","1.736.205,81","0,00","1.736.205,81","102.000,00","17,02","China","Shanghai Stock Exchange","CNY"
"002532","TIANSHAN ALUMINUM GROUP LTD A","Materialien","Aktien","1.727.520,80","0,00","1.727.520,80","909.900,00","1,90","China","Shenzhen Stock Exchange","CNY"
"2393","EVERLIGHT ELECTRONICS","IT","Aktien","1.724.582,45","0,00","1.724.582,45","870.000,00","1,98","Taiwan","Taiwan Stock Exchange","TWD"
"001965","CHINA MERCHANTS EXPRESSWAY NETWORK","Industrie","Aktien","1.724.695,49","0,00","1.724.695,49","1.137.078,00","1,52","China","Shenzhen Stock Exchange","CNY"
"2501","CATHAY REAL ESTATE DEVELOPMENT LTD","Immobilien","Aktien","1.726.632,48","0,00","1.726.632,48","2.572.400,00","0,67","Taiwan","Taiwan Stock Exchange","TWD"
"006280","GC BIOPHARMA CORP","Gesundheitsversorgung","Aktien","1.718.590,38","0,00","1.718.590,38","19.352,00","88,81","Korea","Korea Exchange (Stock Market)","KRW"
"000100","TCL TECHNOLOGY GROUP A","IT","Aktien","1.719.616,15","0,00","1.719.616,15","2.387.169,00","0,72","China","Shenzhen Stock Exchange","CNY"
"DXCO3","DEXCO SA","Materialien","Aktien","1.720.472,87","0,00","1.720.472,87","1.595.785,00","1,08","Brasilien","XBSP","BRL"
"601117","CHINA NATIONAL CHEMICAL ENGINEERIN","Industrie","Aktien","1.713.709,96","0,00","1.713.709,96","1.604.808,00","1,07","China","Shanghai Stock Exchange","CNY"
"688548","GUANGZHOU GUANGGANG GASES & ENERGY","Materialien","Aktien","1.716.438,48","0,00","1.716.438,48","379.200,00","4,53","China","Shanghai Stock Exchange","CNY"
"SASA.E","SASA POLYESTER SANAYI A","Materialien","Aktien","1.710.498,64","0,00","1.710.498,64","34.404.171,00","0,05","Türkei","Istanbul Stock Exchange","TRY"
"NRE","NATIONAL REAL ESTATE","Immobilien","Aktien","1.711.542,61","0,00","1.711.542,61","3.909.924,00","0,44","Kuwait","Kuwait Stock Exchange","KWD"
"603659","SHANGHAI PUTAILAI NEW ENERGY TECHN","Materialien","Aktien","1.711.747,25","0,00","1.711.747,25","518.395,00","3,30","China","Shanghai Stock Exchange","CNY"
"MEGA.R","MEGA LIFESCIENCE NON-VOTING DR","Gesundheitsversorgung","Aktien","1.711.757,57","0,00","1.711.757,57","1.597.800,00","1,07","Thailand","Stock Exchange Of Thailand","THB"
"601077","CHONGQING RURAL COMMERCIAL BANK LT","Finanzwesen","Aktien","1.711.889,63","0,00","1.711.889,63","1.752.400,00","0,98","China","Shanghai Stock Exchange","CNY"
"MYNLD","MAYNILAD WATER SERVICES INC","Versorger","Aktien","1.712.042,40","0,00","1.712.042,40","6.172.700,00","0,28","Philippinen","Philippine Stock Exchange Inc.","PHP"
"601390","CHINA RAILWAY GROUP LTD A","Industrie","Aktien","1.703.957,04","0,00","1.703.957,04","2.669.400,00","0,64","China","Shanghai Stock Exchange","CNY"
"001740","SK NETWORKS LTD","Industrie","Aktien","1.704.729,86","0,00","1.704.729,86","373.271,00","4,57","Korea","Korea Exchange (Stock Market)","KRW"
"218410","RFHIC CORP","IT","Aktien","1.706.488,76","0,00","1.706.488,76","44.153,00","38,65","Korea","Korea Exchange (Kosdaq)","KRW"
"1434","FORMOSA TAFFETA LTD","Zyklische Konsumgüter ","Aktien","1.708.158,08","0,00","1.708.158,08","3.051.000,00","0,56","Taiwan","Taiwan Stock Exchange","TWD"
"TURSG.E","TURKIYE SIGORTA ANONIM SIRKETI","Finanzwesen","Aktien","1.702.306,45","0,00","1.702.306,45","13.809.890,00","0,12","Türkei","Istanbul Stock Exchange","TRY"
"INOXWIND","INOX WIND","Industrie","Aktien","1.702.563,31","0,00","1.702.563,31","2.204.314,00","0,77","Indien","National Stock Exchange Of India","INR"
"688048","SUZHOU EVERBRIGHT PHOTONICS LTD A","IT","Aktien","1.702.838,48","0,00","1.702.838,48","34.800,00","48,93","China","Shanghai Stock Exchange","CNY"
"SONATSOFTW","SONATA SOFTWARE LTD","IT","Aktien","1.703.351,68","0,00","1.703.351,68","580.207,00","2,94","Indien","National Stock Exchange Of India","INR"
"600115","CHINA EASTERN AIRLINES CORP LTD A","Industrie","Aktien","1.694.935,12","0,00","1.694.935,12","3.392.400,00","0,50","China","Shanghai Stock Exchange","CNY"
"7040","ETIHAD ATHEEB TELECOMMUNICATION","Kommunikation","Aktien","1.698.522,24","0,00","1.698.522,24","75.868,00","22,39","Saudi-Arabien","Saudi Stock Exchange","SAR"
"IQ","IQIYI ADS REPRESENTING CLASS A IN","Kommunikation","Aktien","1.698.997,30","0,00","1.698.997,30","1.544.543,00","1,10","China","NASDAQ","USD"
"GILLETTE","GILLETTE INDIA LTD","Nichtzyklische Konsumgüter","Aktien","1.694.119,62","0,00","1.694.119,62","22.243,00","76,16","Indien","National Stock Exchange Of India","INR"
"2498","ROBOSENSE TECHNOLOGY LTD","IT","Aktien","1.685.760,01","0,00","1.685.760,01","812.900,00","2,07","China","Hong Kong Exchanges And Clearing Ltd","HKD"
"SAPR4","CIA SANEAMENTO PREF","Versorger","Aktien","1.686.766,37","0,00","1.686.766,37","1.288.702,00","1,31","Brasilien","XBSP","BRL"
"BLA.R","BANGKOK LIFE ASSURANCE NON-VOTING","Finanzwesen","Aktien","1.689.523,52","0,00","1.689.523,52","2.301.200,00","0,73","Thailand","Stock Exchange Of Thailand","THB"
"4915","PRIMAX ELECTRONICS","IT","Aktien","1.689.569,51","0,00","1.689.569,51","843.000,00","2,00","Taiwan","Taiwan Stock Exchange","TWD"
"SUMICHEM","SUMITOMO CHEMICAL INDIA LTD","Materialien","Aktien","1.680.931,54","0,00","1.680.931,54","354.077,00","4,75","Indien","National Stock Exchange Of India","INR"
"MEDPLUS","MEDPLUS HEALTH SERVICES","Nichtzyklische Konsumgüter","Aktien","1.682.249,90","0,00","1.682.249,90","246.775,00","6,82","Indien","National Stock Exchange Of India","INR"
"6664","GROUP UP INDUSTRIAL","Industrie","Aktien","1.676.531,01","0,00","1.676.531,01","161.000,00","10,41","Taiwan","Gretai Securities Market","TWD"
"PRUDENT","PRUDENT CORPORATE ADVISORY SERVICE","Finanzwesen","Aktien","1.678.174,00","0,00","1.678.174,00","48.491,00","34,61","Indien","National Stock Exchange Of India","INR"
"800","WERIDE INC","Zyklische Konsumgüter ","Aktien","1.680.210,69","0,00","1.680.210,69","887.700,00","1,89","China","Hong Kong Exchanges And Clearing Ltd","HKD"
"002128","INNER MONGOLIA DIAN TOU ENERGY COR","Energie","Aktien","1.672.155,74","0,00","1.672.155,74","403.738,00","4,14","China","Shenzhen Stock Exchange","CNY"
"BLUESTONE","BLUESTONE JEWELLERY AND LIFESTYLE","Zyklische Konsumgüter ","Aktien","1.675.725,19","0,00","1.675.725,19","193.413,00","8,66","Indien","National Stock Exchange Of India","INR"
"SHRIPISTON","SPR AUTO TECHNOLOGIES LTD","Zyklische Konsumgüter ","Aktien","1.675.811,33","0,00","1.675.811,33","36.661,00","45,71","Indien","National Stock Exchange Of India","INR"
"3718","COREINTELLIGENCE HOLDINGS","IT","Aktien","1.668.413,48","0,00","1.668.413,48","829.847,00","2,01","Taiwan","Gretai Securities Market","TWD"
"002236","ZHEJIANG DAHUA TECHNOLOGY LTD A","IT","Aktien","1.669.369,20","0,00","1.669.369,20","713.392,00","2,34","China","Shenzhen Stock Exchange","CNY"
"600048","POLY DEVELOPMENTS AND HOLDINGS GRO","Immobilien","Aktien","1.670.007,94","0,00","1.670.007,94","2.221.707,00","0,75","China","Shanghai Stock Exchange","CNY"
"ALEC","ALEC HOLDINGS","Industrie","Aktien","1.671.146,56","0,00","1.671.146,56","4.649.902,00","0,36","Ver. Arabische Emirate","Dubai Financial Market","AED"
"MAHSCOOTER","MAHARASHTRA SCOOTERS LTD","Finanzwesen","Aktien","1.671.539,22","0,00","1.671.539,22","12.194,00","137,08","Indien","National Stock Exchange Of India","INR"
"544467","NATIONAL SECURITIES DEPOSITORY LTD","Finanzwesen","Aktien","1.663.716,91","0,00","1.663.716,91","201.595,00","8,25","Indien","Bse Ltd","INR"
"600570","HUNDSUN TECHNOLOGIES A","IT","Aktien","1.658.084,82","0,00","1.658.084,82","556.708,00","2,98","China","Shanghai Stock Exchange","CNY"
"688271","SHANGHAI UNITED IMAGING HEALTHCARE","Gesundheitsversorgung","Aktien","1.659.953,78","0,00","1.659.953,78","110.967,00","14,96","China","Shanghai Stock Exchange","CNY"
"2363","SILICON INTEGRATED SYSTEM","IT","Aktien","1.653.327,22","0,00","1.653.327,22","996.450,00","1,66","Taiwan","Taiwan Stock Exchange","TWD"
"VARROC","VARROC ENGINEERING LTD","Zyklische Konsumgüter ","Aktien","1.653.695,72","0,00","1.653.695,72","187.498,00","8,82","Indien","National Stock Exchange Of India","INR"
"601111","AIR CHINA A","Industrie","Aktien","1.654.485,75","0,00","1.654.485,75","1.922.587,00","0,86","China","Shanghai Stock Exchange","CNY"
"BYLOT","BALLYS INTRALOT SA","Zyklische Konsumgüter ","Aktien","1.655.347,24","0,00","1.655.347,24","1.339.393,00","1,24","Griechenland","Athens Exchange S.A. Cash Market","EUR"
"BGRIM.R","B.GRIMM POWER PCL NON-VOTING DR","Versorger","Aktien","1.655.774,65","0,00","1.655.774,65","2.939.000,00","0,56","Thailand","Stock Exchange Of Thailand","THB"
"603893","ROCKCHIP ELECTRONICS LTD A","IT","Aktien","1.656.699,92","0,00","1.656.699,92","61.300,00","27,03","China","Shanghai Stock Exchange","CNY"
"MERS","AL MEERA CONSUMER GOODS COMPANY","Nichtzyklische Konsumgüter","Aktien","1.648.436,56","0,00","1.648.436,56","451.275,00","3,65","Qatar","Qatar Exchange","QAR"
"CVKMD.E","CVK MADEN ISLETMELERI SANAYI VE TI","Materialien","Aktien","1.650.065,60","0,00","1.650.065,60","5.676.080,00","0,29","Türkei","Istanbul Stock Exchange","TRY"
"BSOFT","BIRLASOFT","IT","Aktien","1.651.105,88","0,00","1.651.105,88","558.150,00","2,96","Indien","National Stock Exchange Of India","INR"
"600673","GUANGDONG HEC TECHNOLOGY HOLDING L","Materialien","Aktien","1.652.562,86","0,00","1.652.562,86","349.100,00","4,73","China","Shanghai Stock Exchange","CNY"
"USHAMART","USHA MARTIN LTD","Materialien","Aktien","1.652.855,52","0,00","1.652.855,52","319.925,00","5,17","Indien","National Stock Exchange Of India","INR"
"002812","YUNNAN ENERGY NEW MATERIAL (GROUP)","Materialien","Aktien","1.644.709,54","0,00","1.644.709,54","230.225,00","7,14","China","Shenzhen Stock Exchange","CNY"
"6049","POLY PROPERTY SERVICES LTD H","Immobilien","Aktien","1.645.126,61","0,00","1.645.126,61","480.890,00","3,42","China","Hong Kong Exchanges And Clearing Ltd","HKD"
"HARTA","HARTALEGA HOLDINGS","Gesundheitsversorgung","Aktien","1.645.224,69","0,00","1.645.224,69","5.813.600,00","0,28","Malaysia","Bursa Malaysia","MYR"
"GODIGIT","GO DIGIT GENERAL INSURANCE","Finanzwesen","Aktien","1.647.096,48","0,00","1.647.096,48","618.467,00","2,66","Indien","National Stock Exchange Of India","INR"
"300832","SHENZHEN NEW INDUSTRIES BIOMEDICAL","Gesundheitsversorgung","Aktien","1.640.831,14","0,00","1.640.831,14","224.160,00","7,32","China","Shenzhen Stock Exchange","CNY"
"4018","ALMOOSA HEALTH CO","Gesundheitsversorgung","Aktien","1.642.293,62","0,00","1.642.293,62","52.282,00","31,41","Saudi-Arabien","Saudi Stock Exchange","SAR"
"003380","HARIM HOLDINGS LTD","Nichtzyklische Konsumgüter","Aktien","1.637.601,02","0,00","1.637.601,02","202.923,00","8,07","Korea","Korea Exchange (Kosdaq)","KRW"
"995","ANHUI EXPRESSWAY LTD H","Industrie","Aktien","1.630.358,22","0,00","1.630.358,22","806.000,00","2,02","China","Hong Kong Exchanges And Clearing Ltd","HKD"
"GREATEC","GREATECH TECHNOLOGY","IT","Aktien","1.625.368,38","0,00","1.625.368,38","2.612.700,00","0,62","Malaysia","Bursa Malaysia","MYR"
"ENJSA.E","ENERJISA ENERJI","Versorger","Aktien","1.626.921,06","0,00","1.626.921,06","710.224,00","2,29","Türkei","Istanbul Stock Exchange","TRY"
"RATNAMANI","RATNAMANI METALS AND TUBES LTD","Materialien","Aktien","1.629.461,80","0,00","1.629.461,80","57.843,00","28,17","Indien","National Stock Exchange Of India","INR"
"900905","LAO FENG XIANG LTD B","Zyklische Konsumgüter ","Aktien","1.629.849,48","0,00","1.629.849,48","605.892,00","2,69","China","Shanghai Stock Exchange","USD"
"3899","CIMC ENRIC HOLDINGS","Industrie","Aktien","1.621.586,48","0,00","1.621.586,48","1.674.000,00","0,97","China","Hong Kong Exchanges And Clearing Ltd","HKD"
"GRSE","GARDEN REACH SHIPBUILDERS & ENGINE","Industrie","Aktien","1.622.708,46","0,00","1.622.708,46","66.535,00","24,39","Indien","National Stock Exchange Of India","INR"
"CBG.R","CARABAO GROUP PCL SHS NON-VOTING D","Nichtzyklische Konsumgüter","Aktien","1.623.061,88","0,00","1.623.061,88","980.300,00","1,66","Thailand","Stock Exchange Of Thailand","THB"
"ECOWLD","ECO WORLD DEVELOPMENT GROUP","Immobilien","Aktien","1.624.980,73","0,00","1.624.980,73","3.433.400,00","0,47","Malaysia","Bursa Malaysia","MYR"
"002050","ZHEJIANG SANHUA INTELLIGENT CONTRO","Industrie","Aktien","1.617.566,59","0,00","1.617.566,59","313.100,00","5,17","China","Shenzhen Stock Exchange","CNY"
"MEZZAN","MEZZAN HOLDING CO","Nichtzyklische Konsumgüter","Aktien","1.618.365,50","0,00","1.618.365,50","430.262,00","3,76","Kuwait","Kuwait Stock Exchange","KWD"
"1361","361 DEGREES INTERNATIONAL LTD","Zyklische Konsumgüter ","Aktien","1.618.928,96","0,00","1.618.928,96","2.890.000,00","0,56","China","Hong Kong Exchanges And Clearing Ltd","HKD"
"TVSHLTD","TVS HOLDINGS","Zyklische Konsumgüter ","Aktien","1.619.204,04","0,00","1.619.204,04","12.057,00","134,30","Indien","National Stock Exchange Of India","INR"
"ENGINERSIN","ENGINEERS INDIA LTD","Industrie","Aktien","1.611.679,86","0,00","1.611.679,86","586.239,00","2,75","Indien","National Stock Exchange Of India","INR"
"3983","CHINA BLUECHEMICAL LTD H","Materialien","Aktien","1.614.868,63","0,00","1.614.868,63","6.598.799,00","0,24","China","Hong Kong Exchanges And Clearing Ltd","HKD"
"BURG","BURGAN BANK","Finanzwesen","Aktien","1.610.129,40","0,00","1.610.129,40","2.743.447,00","0,59","Kuwait","Kuwait Stock Exchange","KWD"
"000210","DL LTD","Materialien","Aktien","1.605.871,46","0,00","1.605.871,46","40.861,00","39,30","Korea","Korea Exchange (Stock Market)","KRW"
"UDCD","UNITED DEVELOPMENT","Immobilien","Aktien","1.606.223,02","0,00","1.606.223,02","7.654.788,00","0,21","Qatar","Qatar Exchange","QAR"
"RLC","ROBINSONS LAND CORP","Immobilien","Aktien","1.598.072,62","0,00","1.598.072,62","5.897.358,00","0,27","Philippinen","Philippine Stock Exchange Inc.","PHP"
"TIGR","UP FINTECH HOLDING ADR CLASS A","Finanzwesen","Aktien","1.600.437,30","0,00","1.600.437,30","337.645,00","4,74","China","NASDAQ","USD"
"1951","JINXIN FERTILITY GROUP","Gesundheitsversorgung","Aktien","1.601.093,60","0,00","1.601.093,60","5.996.000,00","0,27","China","Hong Kong Exchanges And Clearing Ltd","HKD"
"WBO","WBH OVCON LTD","Industrie","Aktien","1.593.120,11","0,00","1.593.120,11","185.805,00","8,57","Südafrika","Johannesburg Stock Exchange","ZAR"
"EAST","EASTERN CO.","Nichtzyklische Konsumgüter","Aktien","1.595.527,46","0,00","1.595.527,46","2.595.099,00","0,61","Ägypten","Egyptian Exchange","EGP"
"UPP","UNION PROPERTIES","Industrie","Aktien","1.597.013,41","0,00","1.597.013,41","9.891.384,00","0,16","Ver. Arabische Emirate","Dubai Financial Market","AED"
"IKS","INVENTURUS KNOWLEDGE SOLUTIONS LTD","Gesundheitsversorgung","Aktien","1.588.326,35","0,00","1.588.326,35","88.137,00","18,02","Indien","National Stock Exchange Of India","INR"
"AVANTIFEED","AVANTI FEEDS LTD","Nichtzyklische Konsumgüter","Aktien","1.590.238,94","0,00","1.590.238,94","197.916,00","8,03","Indien","National Stock Exchange Of India","INR"
"601021","SPRING AIRLINES A","Industrie","Aktien","1.591.960,18","0,00","1.591.960,18","255.300,00","6,24","China","Shanghai Stock Exchange","CNY"
"600893","AECC AVIATION POWER LTD A","Industrie","Aktien","1.584.165,42","0,00","1.584.165,42","269.795,00","5,87","China","Shanghai Stock Exchange","CNY"
"603296","HUAQIN TECHNOLOGY A","IT","Aktien","1.585.257,27","0,00","1.585.257,27","133.700,00","11,86","China","Shanghai Stock Exchange","CNY"
"LEMONTREE","LEMON TREE HOTELS","Zyklische Konsumgüter ","Aktien","1.587.418,42","0,00","1.587.418,42","1.463.511,00","1,08","Indien","National Stock Exchange Of India","INR"
"INDIAMART","INDIAMART INTERMESH","Industrie","Aktien","1.581.616,57","0,00","1.581.616,57","91.259,00","17,33","Indien","National Stock Exchange Of India","INR"
"600741","HUAYU AUTOMOTIVE SYSTEMS LTD A","Zyklische Konsumgüter ","Aktien","1.582.165,78","0,00","1.582.165,78","698.842,00","2,26","China","Shanghai Stock Exchange","CNY"
"SHAILY","SHAILY ENGINEERING PLASTICS LTD","Industrie","Aktien","1.575.275,50","0,00","1.575.275,50","48.638,00","32,39","Indien","National Stock Exchange Of India","INR"
"605499","EASTROC BEVERAGE (GROUP) LTD A","Nichtzyklische Konsumgüter","Aktien","1.575.663,75","0,00","1.575.663,75","95.316,00","16,53","China","Shanghai Stock Exchange","CNY"
"MOVI3","MOVIDA PARTICIPACOES SA","Industrie","Aktien","1.569.860,90","0,00","1.569.860,90","1.010.718,00","1,55","Brasilien","XBSP","BRL"
"KEC","KEC INTERNATIONAL LTD","Industrie","Aktien","1.570.276,99","0,00","1.570.276,99","374.794,00","4,19","Indien","National Stock Exchange Of India","INR"
"ANSGR.E","ANADOLU ANONIM TURK SIGORTA SIRKET","Finanzwesen","Aktien","1.573.076,75","0,00","1.573.076,75","2.909.161,00","0,54","Türkei","Istanbul Stock Exchange","TRY"
"600066","YUTONG BUS LTD A","Industrie","Aktien","1.573.124,23","0,00","1.573.124,23","400.600,00","3,93","China","Shanghai Stock Exchange","CNY"
"RAKPROP","RAS AL KHAIMAH PROPERTIES","Immobilien","Aktien","1.566.060,66","0,00","1.566.060,66","5.375.613,00","0,29","Ver. Arabische Emirate","Abu Dhabi Securities Exchange","AED"
"JKLAKSHMI","JK LAKSHMI CEMENT","Materialien","Aktien","1.567.454,03","0,00","1.567.454,03","294.627,00","5,32","Indien","National Stock Exchange Of India","INR"
"3227","PIXART IMAGING","IT","Aktien","1.568.415,27","0,00","1.568.415,27","274.000,00","5,72","Taiwan","Gretai Securities Market","TWD"
"VOGL","VEDANTA OIL AND GAS LTD","Energie","Aktien","1.557.529,71","0,00","1.557.529,71","4.290.138,00","0,36","Indien","National Stock Exchange Of India","INR"
"002517","KINGNET NETWORK LTD A","Kommunikation","Aktien","1.557.794,18","0,00","1.557.794,18","631.500,00","2,47","China","Shenzhen Stock Exchange","CNY"
"323280","TAESUNG COLTD LTD","IT","Aktien","1.558.833,42","0,00","1.558.833,42","47.492,00","32,82","Korea","Korea Exchange (Kosdaq)","KRW"
"000120","CJ LOGISTICS","Industrie","Aktien","1.559.685,30","0,00","1.559.685,30","30.266,00","51,53","Korea","Korea Exchange (Stock Market)","KRW"
"001979","CHINA MERCHANTS SHEKOU INDUSTRIAL","Immobilien","Aktien","1.552.510,39","0,00","1.552.510,39","1.560.657,00","0,99","China","Shenzhen Stock Exchange","CNY"
"FINEORG","FINE ORGANIC INDUSTRIES LTD","Materialien","Aktien","1.552.615,69","0,00","1.552.615,69","28.634,00","54,22","Indien","National Stock Exchange Of India","INR"
"300395","HUBEI FEILIHUA QUARTZ GLASS LTD A","Materialien","Aktien","1.554.089,48","0,00","1.554.089,48","108.600,00","14,31","China","Shenzhen Stock Exchange","CNY"
"MAGEN.E","MARGUN ENERJI URETIM SANAYI & TICA","Versorger","Aktien","1.554.136,09","0,00","1.554.136,09","2.499.907,00","0,62","Türkei","Istanbul Stock Exchange","TRY"
"018670","SK GAS LTD","Energie","Aktien","1.555.638,91","0,00","1.555.638,91","8.937,00","174,07","Korea","Korea Exchange (Stock Market)","KRW"
"INTP","INDOCEMENT TUNGGAL PRAKARSA","Materialien","Aktien","1.546.888,95","0,00","1.546.888,95","5.177.700,00","0,30","Indonesien","Indonesia Stock Exchange","IDR"
"457190","ISU SPECIALTY CHEMICAL LTD","Materialien","Aktien","1.548.207,65","0,00","1.548.207,65","33.371,00","46,39","Korea","Korea Exchange (Stock Market)","KRW"
"GPPL","GUJARAT PIPAVAV PORT LTD","Industrie","Aktien","1.543.772,45","0,00","1.543.772,45","910.915,00","1,69","Indien","National Stock Exchange Of India","INR"
"7734","ABLEPRINT TECHNOLOGY LTD","IT","Aktien","1.537.520,58","0,00","1.537.520,58","19.000,00","80,92","Taiwan","Gretai Securities Market","TWD"
"CAP","CAP","Materialien","Aktien","1.537.699,04","0,00","1.537.699,04","273.234,00","5,63","Chile","Santiago Stock Exchange","CLP"
"600438","TONGWEI LTD A","IT","Aktien","1.539.192,76","0,00","1.539.192,76","930.594,00","1,65","China","Shanghai Stock Exchange","CNY"
"CIMSA.E","CIMSA CIMENTO SANAYII VE TICARET A","Materialien","Aktien","1.541.519,20","0,00","1.541.519,20","1.782.258,00","0,86","Türkei","Istanbul Stock Exchange","TRY"
"BRAV3","BRAVA ENERGIA","Energie","Aktien","1.541.632,94","0,00","1.541.632,94","453.783,00","3,40","Brasilien","XBSP","BRL"
"2014","CHUNG HUNG STEEL CORP","Materialien","Aktien","1.541.707,83","0,00","1.541.707,83","2.970.000,00","0,52","Taiwan","Taiwan Stock Exchange","TWD"
"2515","BES ENGINEERING","Industrie","Aktien","1.533.860,21","0,00","1.533.860,21","4.058.365,00","0,38","Taiwan","Taiwan Stock Exchange","TWD"
"1440","TAINAN SPINNING LTD","Zyklische Konsumgüter ","Aktien","1.536.505,30","0,00","1.536.505,30","3.642.203,00","0,42","Taiwan","Taiwan Stock Exchange","TWD"
"KIB","KUWAIT INTERNATIONAL BANK","Finanzwesen","Aktien","1.528.233,33","0,00","1.528.233,33","1.855.540,00","0,82","Kuwait","Kuwait Stock Exchange","KWD"
"600298","ANGEL YEAST LTD A","Nichtzyklische Konsumgüter","Aktien","1.528.927,07","0,00","1.528.927,07","256.800,00","5,95","China","Shanghai Stock Exchange","CNY"
"002074","GOTION HIGH-TECH LTD A","Industrie","Aktien","1.528.986,05","0,00","1.528.986,05","396.590,00","3,86","China","Shenzhen Stock Exchange","CNY"
"TUYA","TUYA ADR REPRESENTING CLASS A","IT","Aktien","1.529.698,72","0,00","1.529.698,72","869.147,00","1,76","China","New York Stock Exchange Inc.","USD"
"MEDC","MEDCO ENERGI INTERNASIONAL","Energie","Aktien","1.530.012,73","0,00","1.530.012,73","17.798.312,00","0,09","Indonesien","Indonesia Stock Exchange","IDR"
"363","SHANGHAI INDUSTRIAL HOLDINGS LTD","Industrie","Aktien","1.530.325,72","0,00","1.530.325,72","896.000,00","1,71","China","Hong Kong Exchanges And Clearing Ltd","HKD"
"ABUK","ABU QIR FERTILIZERS AND CHEMICAL I","Materialien","Aktien","1.530.861,94","0,00","1.530.861,94","861.451,00","1,78","Ägypten","Egyptian Exchange","EGP"
"ERIS","ERIS LIFESCIENCES LTD","Gesundheitsversorgung","Aktien","1.530.883,94","0,00","1.530.883,94","112.054,00","13,66","Indien","National Stock Exchange Of India","INR"
"639","SHOUGANG FUSHAN RESOURCES GROUP LT","Materialien","Aktien","1.531.554,68","0,00","1.531.554,68","4.157.800,00","0,37","China","Hong Kong Exchanges And Clearing Ltd","HKD"
"JKS","JINKOSOLAR HOLDING ADR REP","IT","Aktien","1.531.836,64","0,00","1.531.836,64","142.364,00","10,76","China","New York Stock Exchange Inc.","USD"
"ECOR3","ECORODOVIAS INFRAESTRUTURA E LOGIS","Industrie","Aktien","1.525.070,73","0,00","1.525.070,73","959.130,00","1,59","Brasilien","XBSP","BRL"
"BLACKBUCK","BLACKBUCK LTD","IT","Aktien","1.525.998,05","0,00","1.525.998,05","239.412,00","6,37","Indien","National Stock Exchange Of India","INR"
"EFIH","E-FINANCE FOR DIGITAL AND FINANCIA","Finanzwesen","Aktien","1.526.207,13","0,00","1.526.207,13","3.313.250,00","0,46","Ägypten","Egyptian Exchange","EGP"
"601699","SHANXI LUAN ENVIRONMENTAL ENERGY D","Energie","Aktien","1.527.588,05","0,00","1.527.588,05","669.443,00","2,28","China","Shanghai Stock Exchange","CNY"
"KANSAINER","KANSAI NEROLAC PAINTS LTD","Materialien","Aktien","1.528.074,24","0,00","1.528.074,24","795.872,00","1,92","Indien","National Stock Exchange Of India","INR"
"6055","CHINA TOBACCO INTERNATIONAL (HK) L","Zyklische Konsumgüter ","Aktien","1.519.206,18","0,00","1.519.206,18","526.000,00","2,89","China","Hong Kong Exchanges And Clearing Ltd","HKD"
"002555","37 INTERACTIVE ENTERTAINMENT NETWO","Kommunikation","Aktien","1.519.382,77","0,00","1.519.382,77","585.150,00","2,60","China","Shenzhen Stock Exchange","CNY"
"002185","TIANSHUI HUATIAN TECHNOLOGY LTD A","IT","Aktien","1.519.613,33","0,00","1.519.613,33","621.660,00","2,44","China","Shenzhen Stock Exchange","CNY"
"COLT","COLT CZ GROUP","Industrie","Aktien","1.514.749,56","0,00","1.514.749,56","35.282,00","42,93","Tschechien","Prague Stock Exchange","CZK"
"1478","Q TECHNOLOGY (GROUP) LTD","IT","Aktien","1.515.952,79","0,00","1.515.952,79","2.259.000,00","0,67","China","Hong Kong Exchanges And Clearing Ltd","HKD"
"AGI","ALLIANCE GLOBAL GROUP","Industrie","Aktien","1.516.034,11","0,00","1.516.034,11","10.567.600,00","0,14","Philippinen","Philippine Stock Exchange Inc.","PHP"
"GENM","GENTING MALAYSIA","Zyklische Konsumgüter ","Aktien","1.516.833,37","0,00","1.516.833,37","4.145.000,00","0,37","Malaysia","Bursa Malaysia","MYR"
"4220","EMAAR THE ECONOMIC CITY","Immobilien","Aktien","1.517.732,19","0,00","1.517.732,19","590.203,00","2,57","Saudi-Arabien","Saudi Stock Exchange","SAR"
"000963","HUADONG MEDICINE A","Gesundheitsversorgung","Aktien","1.511.785,90","0,00","1.511.785,90","387.630,00","3,90","China","Shenzhen Stock Exchange","CNY"
"322000","HD HYUNDAI ENERGY SOLUTIONS LTD","IT","Aktien","1.512.489,63","0,00","1.512.489,63","17.371,00","87,07","Korea","Korea Exchange (Stock Market)","KRW"
"DTC","DUBAI TAXI COMPANY PJSC","Industrie","Aktien","1.491.852,79","0,00","1.491.852,79","2.501.987,00","0,60","Ver. Arabische Emirate","Dubai Financial Market","AED"
"VIVA3","VIVARA PARTICIPACOES SA","Zyklische Konsumgüter ","Aktien","1.492.921,38","0,00","1.492.921,38","343.862,00","4,34","Brasilien","XBSP","BRL"
"2607","EVERGREEN INTERNATIONAL STORAGE &","Industrie","Aktien","1.493.253,77","0,00","1.493.253,77","891.548,00","1,67","Taiwan","Taiwan Stock Exchange","TWD"
"6592","HOTAI FINANCE LTD","Finanzwesen","Aktien","1.486.930,07","0,00","1.486.930,07","792.760,00","1,88","Taiwan","Taiwan Stock Exchange","TWD"
"ARZAN","ARZAN INVESTMENT AND FINANCIAL","Finanzwesen","Aktien","1.487.987,55","0,00","1.487.987,55","1.434.048,00","1,04","Kuwait","Kuwait Stock Exchange","KWD"
"AMATA.R","AMATA CORPORATION NON-VOTING DR PC","Immobilien","Aktien","1.488.980,37","0,00","1.488.980,37","1.505.675,00","0,99","Thailand","Stock Exchange Of Thailand","THB"
"1918","SUNAC CHINA HOLDINGS","Immobilien","Aktien","1.489.144,30","0,00","1.489.144,30","21.051.000,00","0,07","China","Hong Kong Exchanges And Clearing Ltd","HKD"
"185750","CHONG KUN DANG PHARMACEUTICAL","Gesundheitsversorgung","Aktien","1.489.528,61","0,00","1.489.528,61","31.468,00","47,33","Korea","Korea Exchange (Stock Market)","KRW"
"00088K","HANWHA P PREF","Industrie","Aktien","1.489.644,99","0,00","1.489.644,99","49.004,00","30,40","Korea","Korea Exchange (Stock Market)","KRW"
"PARAS","PARAS DEFENCE AND SPACE TECHNOLOGI","Industrie","Aktien","1.490.224,56","0,00","1.490.224,56","104.288,00","14,29","Indien","National Stock Exchange Of India","INR"
"TEJASNET","TEJAS NETWORKS LTD","IT","Aktien","1.490.255,25","0,00","1.490.255,25","272.716,00","5,46","Indien","National Stock Exchange Of India","INR"
"KIRLOSBROS","KIRLOSKAR BROTHERS","Industrie","Aktien","1.490.766,73","0,00","1.490.766,73","80.766,00","18,46","Indien","National Stock Exchange Of India","INR"
"AYGAZ.E","AYGAZ A","Versorger","Aktien","1.491.164,93","0,00","1.491.164,93","226.819,00","6,57","Türkei","Istanbul Stock Exchange","TRY"
"SCI","SHIPPING CORPORATION OF INDIA LTD","Industrie","Aktien","1.477.442,81","0,00","1.477.442,81","524.971,00","2,81","Indien","National Stock Exchange Of India","INR"
"4260","UNITED INTERNATIONAL TRANSPORTATIO","Industrie","Aktien","1.479.528,67","0,00","1.479.528,67","185.757,00","7,96","Saudi-Arabien","Saudi Stock Exchange","SAR"
"600460","HANGZHOU SILAN MICROELECTRONICS LT","IT","Aktien","1.479.703,29","0,00","1.479.703,29","310.141,00","4,77","China","Shanghai Stock Exchange","CNY"
"600601","FOUNDER TECHNOLOGY GROUP LTD A","IT","Aktien","1.480.828,63","0,00","1.480.828,63","679.600,00","2,18","China","Shanghai Stock Exchange","CNY"
"KSB","KSB LTD","Industrie","Aktien","1.474.818,25","0,00","1.474.818,25","181.911,00","8,11","Indien","National Stock Exchange Of India","INR"
"6078","HYGEIA HEALTHCARE HOLDINGS","Gesundheitsversorgung","Aktien","1.474.888,12","0,00","1.474.888,12","1.185.600,00","1,24","China","Hong Kong Exchanges And Clearing Ltd","HKD"
"6185","CANSINO BIOLOGICS H","Gesundheitsversorgung","Aktien","1.475.266,93","0,00","1.475.266,93","446.200,00","3,31","China","Hong Kong Exchanges And Clearing Ltd","HKD"
"BFIN","BFI FINANCE INDONESIA","Finanzwesen","Aktien","1.475.545,55","0,00","1.475.545,55","26.574.800,00","0,06","Indonesien","Indonesia Stock Exchange","IDR"
"MPARK.E","MLP SAGLIK HIZMETLERI","Gesundheitsversorgung","Aktien","1.468.140,36","0,00","1.468.140,36","164.279,00","8,94","Türkei","Istanbul Stock Exchange","TRY"
"MBSB","MBSB","Finanzwesen","Aktien","1.469.224,69","0,00","1.469.224,69","10.754.200,00","0,14","Malaysia","Bursa Malaysia","MYR"
"RPOWER","RELIANCE POWER LTD","Versorger","Aktien","1.469.802,44","0,00","1.469.802,44","6.698.773,00","0,22","Indien","National Stock Exchange Of India","INR"
"600143","KINGFA SCI&TECH LTD A","Materialien","Aktien","1.470.013,42","0,00","1.470.013,42","752.400,00","1,95","China","Shanghai Stock Exchange","CNY"
"600845","SHANGHAI BAOSIGHT SOFTWARE LTD A","IT","Aktien","1.470.144,07","0,00","1.470.144,07","586.745,00","2,51","China","Shanghai Stock Exchange","CNY"
"JKTYRE","JK TYRE AND INDUSTRIES","Zyklische Konsumgüter ","Aktien","1.470.654,84","0,00","1.470.654,84","404.794,00","3,63","Indien","National Stock Exchange Of India","INR"
"300919","CNGR ADVANCED MATERIAL A","Industrie","Aktien","1.464.368,90","0,00","1.464.368,90","261.899,00","5,59","China","Shenzhen Stock Exchange","CNY"
"VISL","VEDANTA IRON AND STEEL","Materialien","Aktien","1.466.310,04","0,00","1.466.310,04","4.420.934,00","0,33","Indien","National Stock Exchange Of India","INR"
"006120","SK DISCOVERY","Energie","Aktien","1.458.880,04","0,00","1.458.880,04","35.487,00","41,11","Korea","Korea Exchange (Stock Market)","KRW"
"6010","NATIONAL AGRICULTURE DEVELOPMENT","Nichtzyklische Konsumgüter","Aktien","1.460.424,74","0,00","1.460.424,74","388.258,00","3,76","Saudi-Arabien","Saudi Stock Exchange","SAR"
"SUDARSCHEM","SUDARSHAN CHEMICAL INDUSTRIES LTD","Materialien","Aktien","1.460.702,93","0,00","1.460.702,93","116.257,00","12,56","Indien","National Stock Exchange Of India","INR"
"4322","RETAL URBAN DEVELOPMENT","Immobilien","Aktien","1.463.259,87","0,00","1.463.259,87","590.412,00","2,48","Saudi-Arabien","Saudi Stock Exchange","SAR"
"YNS","YINSON HOLDINGS","Energie","Aktien","1.457.925,59","0,00","1.457.925,59","2.915.140,00","0,50","Malaysia","Bursa Malaysia","MYR"
"300866","ANKER INNOVATIONS TECHNOLOGY LTD A","IT","Aktien","1.449.903,06","0,00","1.449.903,06","77.500,00","18,71","China","Shenzhen Stock Exchange","CNY"
"2903","FAR EASTERN DEPARTMENT STORES LTD","Zyklische Konsumgüter ","Aktien","1.452.530,13","0,00","1.452.530,13","2.100.240,00","0,69","Taiwan","Taiwan Stock Exchange","TWD"
"FINV","FINVOLUTION GROUP ADR CLASS A","Finanzwesen","Aktien","1.452.696,96","0,00","1.452.696,96","429.792,00","3,38","China","New York Stock Exchange Inc.","USD"
"300661","SG MICRO CORP A","IT","Aktien","1.453.014,36","0,00","1.453.014,36","83.655,00","17,37","China","Shenzhen Stock Exchange","CNY"
"300058","BLUEFOCUS INTELLIGENT COMMUNICATIO","Kommunikation","Aktien","1.453.202,09","0,00","1.453.202,09","756.500,00","1,92","China","Shenzhen Stock Exchange","CNY"
"AKSA.E","AKSA AKRILIK KIMYA SANAYI A","Zyklische Konsumgüter ","Aktien","1.454.079,69","0,00","1.454.079,69","6.364.835,00","0,23","Türkei","Istanbul Stock Exchange","TRY"
"TABREED","TABREED","Versorger","Aktien","1.448.517,64","0,00","1.448.517,64","2.216.745,00","0,65","Ver. Arabische Emirate","Dubai Financial Market","AED"
"IXIGO","LE TRAVENUES TECHNOLOGY","Zyklische Konsumgüter ","Aktien","1.449.046,22","0,00","1.449.046,22","868.536,00","1,67","Indien","National Stock Exchange Of India","INR"
"2070","SAUDI PHARMACEUTICAL INDUST AND ME","Gesundheitsversorgung","Aktien","1.440.433,36","0,00","1.440.433,36","164.268,00","8,77","Saudi-Arabien","Saudi Stock Exchange","SAR"
"097230","HJ SHIPBUILDING & CONSTRUCTION LTD","Industrie","Aktien","1.440.569,75","0,00","1.440.569,75","128.080,00","11,25","Korea","Korea Exchange (Stock Market)","KRW"
"GNFC","GUJARAT NARMADA VALLEY FERTILIZERS","Materialien","Aktien","1.440.759,50","0,00","1.440.759,50","236.339,00","6,10","Indien","National Stock Exchange Of India","INR"
"2208","CSBC","Industrie","Aktien","1.444.526,21","0,00","1.444.526,21","2.423.953,00","0,60","Taiwan","Taiwan Stock Exchange","TWD"
"BBTN","PT BANK TABUNGAN NEGARA","Finanzwesen","Aktien","1.444.714,75","0,00","1.444.714,75","21.905.333,00","0,07","Indonesien","Indonesia Stock Exchange","IDR"
"INDGN","INDEGENE LTD","Gesundheitsversorgung","Aktien","1.437.951,73","0,00","1.437.951,73","233.128,00","6,17","Indien","National Stock Exchange Of India","INR"
"BTG.R","BETAGRO NON-VOTING DR PCL","Nichtzyklische Konsumgüter","Aktien","1.439.261,01","0,00","1.439.261,01","2.320.200,00","0,62","Thailand","Stock Exchange Of Thailand","THB"
"OPA","OPTASIA LTD","Finanzwesen","Aktien","1.439.848,02","0,00","1.439.848,02","1.605.396,00","0,90","Südafrika","Johannesburg Stock Exchange","ZAR"
"4001","ABDULLAH AL OTHAIM MARKETS","Nichtzyklische Konsumgüter","Aktien","1.432.970,16","0,00","1.432.970,16","1.155.140,00","1,24","Saudi-Arabien","Saudi Stock Exchange","SAR"
"2460","CHINA RESOURCES BEVERAGE HOLDINGS","Nichtzyklische Konsumgüter","Aktien","1.434.529,33","0,00","1.434.529,33","1.573.000,00","0,91","China","Hong Kong Exchanges And Clearing Ltd","HKD"
"069620","DAEWOONG PHARMACEUTICAL","Gesundheitsversorgung","Aktien","1.435.344,26","0,00","1.435.344,26","17.818,00","80,56","Korea","Korea Exchange (Stock Market)","KRW"
"4766","NAN PAO RESINS CHEMICAL CO LTD","Materialien","Aktien","1.426.676,08","0,00","1.426.676,08","133.000,00","10,73","Taiwan","Taiwan Stock Exchange","TWD"
"AARTIPHARM","AARTI PHARMALABS LTD","Gesundheitsversorgung","Aktien","1.427.150,85","0,00","1.427.150,85","165.569,00","8,62","Indien","National Stock Exchange Of India","INR"
"CTRA","CIPUTRA DEVELOPMENT","Immobilien","Aktien","1.427.712,23","0,00","1.427.712,23","42.567.420,00","0,03","Indonesien","Indonesia Stock Exchange","IDR"
"ZENSARTECH","ZENSAR TECHNOLOGIES LTD","IT","Aktien","1.428.496,73","0,00","1.428.496,73","310.165,00","4,61","Indien","National Stock Exchange Of India","INR"
"PGHL","PROCTER & GAMBLE HEALTH LTD","Gesundheitsversorgung","Aktien","1.428.561,88","0,00","1.428.561,88","25.219,00","56,65","Indien","National Stock Exchange Of India","INR"
"1215","CHAROEN POKPHAND ENTERPRISE(TAIWAN","Nichtzyklische Konsumgüter","Aktien","1.428.680,31","0,00","1.428.680,31","425.700,00","3,36","Taiwan","Taiwan Stock Exchange","TWD"
"VEDPOWER","VEDANTA POWER","Versorger","Aktien","1.428.984,11","0,00","1.428.984,11","4.420.934,00","0,32","Indien","National Stock Exchange Of India","INR"
"VINATIORGA","VINATI ORGANICS","Materialien","Aktien","1.430.145,28","0,00","1.430.145,28","109.790,00","13,03","Indien","National Stock Exchange Of India","INR"
"GMAT3","GRUPO MATEUS","Nichtzyklische Konsumgüter","Aktien","1.422.909,25","0,00","1.422.909,25","1.488.441,00","0,96","Brasilien","XBSP","BRL"
"119","POLY PPTY GROUP LTD","Immobilien","Aktien","1.425.303,19","0,00","1.425.303,19","9.397.000,00","0,15","China","Hong Kong Exchanges And Clearing Ltd","HKD"
"600021","SHANGHAI ELECTRIC POWER LTD A","Versorger","Aktien","1.418.468,31","0,00","1.418.468,31","715.100,00","1,98","China","Shanghai Stock Exchange","CNY"
"KIRLPNU","KIRLOSKAR PNEUMATIC CO LTD","Industrie","Aktien","1.419.341,37","0,00","1.419.341,37","196.250,00","7,23","Indien","National Stock Exchange Of India","INR"
"KOSSAN","KOSSAN RUBBER INDUSTRIES","Gesundheitsversorgung","Aktien","1.413.388,63","0,00","1.413.388,63","4.827.900,00","0,29","Malaysia","Bursa Malaysia","MYR"
"300751","SUZHOU MAXWELL TECHNOLOGIES LTD A","IT","Aktien","1.414.131,24","0,00","1.414.131,24","48.500,00","29,16","China","Shenzhen Stock Exchange","CNY"
"3362","ABILITY OPTO-ELECTRONICS TECHNOLOG","IT","Aktien","1.416.378,89","0,00","1.416.378,89","258.044,00","5,49","Taiwan","Gretai Securities Market","TWD"
"2023","YIEH PHUI ENTERPRISE","Materialien","Aktien","1.409.152,80","0,00","1.409.152,80","3.279.366,00","0,43","Taiwan","Taiwan Stock Exchange","TWD"
"002252","SHANGHAI RAAS BLOOD PRODUCTS LTD A","Gesundheitsversorgung","Aktien","1.404.374,35","0,00","1.404.374,35","1.921.700,00","0,73","China","Shenzhen Stock Exchange","CNY"
"077970","STX ENGINE LTD","Industrie","Aktien","1.405.689,43","0,00","1.405.689,43","80.588,00","17,44","Korea","Korea Exchange (Stock Market)","KRW"
"ELECON","ELECON ENGINEERING CO LTD","Industrie","Aktien","1.406.923,90","0,00","1.406.923,90","325.559,00","4,32","Indien","National Stock Exchange Of India","INR"
"CIEINDIA","CIE AUTOMOTIVE INDIA LTD","Zyklische Konsumgüter ","Aktien","1.407.628,61","0,00","1.407.628,61","350.128,00","4,02","Indien","National Stock Exchange Of India","INR"
"ABCB4","BANCO ABC BRASIL PREF SA","Finanzwesen","Aktien","1.401.671,57","0,00","1.401.671,57","289.487,00","4,84","Brasilien","XBSP","BRL"
"601231","UNIVERSAL SCIENTIFIC INDUSTRIAL (S","IT","Aktien","1.402.762,12","0,00","1.402.762,12","356.000,00","3,94","China","Shanghai Stock Exchange","CNY"
"1811","CGN NEW ENERGY HOLDINGS LTD","Versorger","Aktien","1.394.668,38","0,00","1.394.668,38","5.248.000,00","0,27","China","Hong Kong Exchanges And Clearing Ltd","HKD"
"6548","CHANG WAH TECHNOLOGY LTD","IT","Aktien","1.394.730,65","0,00","1.394.730,65","612.500,00","2,28","Taiwan","Gretai Securities Market","TWD"
"SOBHA","SOBHA LTD","Immobilien","Aktien","1.395.170,07","0,00","1.395.170,07","112.535,00","12,40","Indien","National Stock Exchange Of India","INR"
"MAPA","MAP AKTIF ADIPERKASA","Zyklische Konsumgüter ","Aktien","1.396.972,32","0,00","1.396.972,32","37.266.600,00","0,04","Indonesien","Indonesia Stock Exchange","IDR"
"2273","GUSHENGTANG HOLDINGS","Gesundheitsversorgung","Aktien","1.393.759,09","0,00","1.393.759,09","404.100,00","3,45","China","Hong Kong Exchanges And Clearing Ltd","HKD"
"688036","SHENZHEN TRANSSION HOLDINGS A","IT","Aktien","1.393.794,29","0,00","1.393.794,29","178.654,00","7,80","China","Shanghai Stock Exchange","CNY"
"CNH","CNH CASH","Cash und/oder Derivate","Geldmarkt","1.389.075,29","0,00","1.389.075,29","9.313.750,00","14,91","China","-","CNH"
"KPROJ","KUWAIT PROJECTS","Finanzwesen","Aktien","1.386.715,72","0,00","1.386.715,72","5.619.752,00","0,25","Kuwait","Kuwait Stock Exchange","KWD"
"HRHO","EFG-HERMES HLDGS","Finanzwesen","Aktien","1.387.881,36","0,00","1.387.881,36","2.846.824,00","0,49","Ägypten","Egyptian Exchange","EGP"
"601212","BAIYIN NONFERROUS GROUP LTD A","Materialien","Aktien","1.387.970,47","0,00","1.387.970,47","1.535.700,00","0,90","China","Shanghai Stock Exchange","CNY"
"9636","JF SMARTINVEST HOLDINGS LTD","Finanzwesen","Aktien","1.388.755,30","0,00","1.388.755,30","394.200,00","3,52","China","Hong Kong Exchanges And Clearing Ltd","HKD"
"9898","WEIBO CLASS A CORP","Kommunikation","Aktien","1.388.816,90","0,00","1.388.816,90","212.401,00","6,54","China","Hong Kong Exchanges And Clearing Ltd","HKD"
"PWL","PHYSICSWALLAH LTD","Zyklische Konsumgüter ","Aktien","1.389.353,01","0,00","1.389.353,01","1.042.966,00","1,33","Indien","National Stock Exchange Of India","INR"
"ASTRAZEN","ASTRAZENECA PHARMA INDIA LTD","Gesundheitsversorgung","Aktien","1.381.243,31","0,00","1.381.243,31","19.870,00","69,51","Indien","National Stock Exchange Of India","INR"
"LUMAXTECH","LUMAX AUTO TECHNOLOGIES","Zyklische Konsumgüter ","Aktien","1.382.431,23","0,00","1.382.431,23","65.722,00","21,03","Indien","National Stock Exchange Of India","INR"
"003530","HANWHA SECURITIES & INVESTMENT LTD","Finanzwesen","Aktien","1.383.219,48","0,00","1.383.219,48","415.462,00","3,33","Korea","Korea Exchange (Stock Market)","KRW"
"601607","SHANGHAI PHARMACEUTICALS HOLDING L","Gesundheitsversorgung","Aktien","1.376.431,91","0,00","1.376.431,91","571.100,00","2,41","China","Shanghai Stock Exchange","CNY"
"3010","WAH LEE INDUSTRIAL","IT","Aktien","1.377.349,96","0,00","1.377.349,96","354.140,00","3,89","Taiwan","Taiwan Stock Exchange","TWD"
"WHIRL","WHIRLPOOL OF INDIA LTD","Zyklische Konsumgüter ","Aktien","1.377.592,29","0,00","1.377.592,29","181.692,00","7,58","Indien","National Stock Exchange Of India","INR"
"439260","DAEHAN SHIPBUILDING LTD","Industrie","Aktien","1.377.974,34","0,00","1.377.974,34","40.465,00","34,05","Korea","Korea Exchange (Stock Market)","KRW"
"9690","TUHU CAR INC","Industrie","Aktien","1.371.361,71","0,00","1.371.361,71","914.900,00","1,50","China","Hong Kong Exchanges And Clearing Ltd","HKD"
"601377","INDUSTRIAL SECURITIES LTD A","Finanzwesen","Aktien","1.368.175,84","0,00","1.368.175,84","1.568.140,00","0,87","China","Shanghai Stock Exchange","CNY"
"6605","DEPO AUTO PARTS INDUSTRIAL","Zyklische Konsumgüter ","Aktien","1.369.277,82","0,00","1.369.277,82","321.000,00","4,27","Taiwan","Taiwan Stock Exchange","TWD"
"007310","OTOKI CORP","Nichtzyklische Konsumgüter","Aktien","1.370.419,43","0,00","1.370.419,43","5.917,00","231,61","Korea","Korea Exchange (Stock Market)","KRW"
"RALYH.E","RAL YATIRIM HOLDING ANONIM SIRKETI","Industrie","Aktien","1.370.429,64","0,00","1.370.429,64","303.206,00","4,52","Türkei","Istanbul Stock Exchange","TRY"
"600436","ZHANGZHOU PIENTZEHUANG PHARMACEUTI","Gesundheitsversorgung","Aktien","1.370.546,86","0,00","1.370.546,86","77.983,00","17,57","China","Shanghai Stock Exchange","CNY"
"300390","CANMAX TECHNOLOGIES LTD A","Materialien","Aktien","1.362.114,54","0,00","1.362.114,54","173.400,00","7,86","China","Shenzhen Stock Exchange","CNY"
"2507","CIRRUS AIRCRAFT LTD","Industrie","Aktien","1.364.199,27","0,00","1.364.199,27","246.500,00","5,53","China","Hong Kong Exchanges And Clearing Ltd","HKD"
"2128","CHINA LESSO GROUP HOLDINGS LTD","Industrie","Aktien","1.364.921,96","0,00","1.364.921,96","3.460.000,00","0,39","China","Hong Kong Exchanges And Clearing Ltd","HKD"
"688187","ZHUZHOU CRRC TIMES ELECTRIC LTD A","Industrie","Aktien","1.365.818,39","0,00","1.365.818,39","203.824,00","6,70","China","Shanghai Stock Exchange","CNY"
"GRAVITA","GRAVITA INDIA LTD","Materialien","Aktien","1.357.128,88","0,00","1.357.128,88","80.789,00","16,80","Indien","National Stock Exchange Of India","INR"
"9606","DUALITY BIOTHERAPEUTICS INC","Gesundheitsversorgung","Aktien","1.357.405,70","0,00","1.357.405,70","58.100,00","23,36","China","Hong Kong Exchanges And Clearing Ltd","HKD"
"002340","GEM A","Industrie","Aktien","1.358.159,17","0,00","1.358.159,17","1.475.925,00","0,92","China","Shenzhen Stock Exchange","CNY"
"AFE","AECI","Materialien","Aktien","1.360.732,39","0,00","1.360.732,39","215.056,00","6,33","Südafrika","Johannesburg Stock Exchange","ZAR"
"034230","PARADISE","Zyklische Konsumgüter ","Aktien","1.353.291,48","0,00","1.353.291,48","192.166,00","7,04","Korea","Korea Exchange (Stock Market)","KRW"
"229640","LS ECO ENERGY LTD","Industrie","Aktien","1.354.374,12","0,00","1.354.374,12","35.307,00","38,36","Korea","Korea Exchange (Stock Market)","KRW"
"3596","ARCADYAN TECHNOLOGY CORP","IT","Aktien","1.356.103,25","0,00","1.356.103,25","280.753,00","4,83","Taiwan","Taiwan Stock Exchange","TWD"
"301358","HUNAN YUNENG NEW ENERGY BATTERY MA","Industrie","Aktien","1.350.017,93","0,00","1.350.017,93","170.308,00","7,93","China","Shenzhen Stock Exchange","CNY"
"007340","DN AUTOMOTIVE CORP","Zyklische Konsumgüter ","Aktien","1.345.156,81","0,00","1.345.156,81","38.639,00","34,81","Korea","Korea Exchange (Stock Market)","KRW"
"FWRY","FAWRY FOR BANKING TECHNOLOGY AND E","Finanzwesen","Aktien","1.345.764,74","0,00","1.345.764,74","3.698.545,00","0,36","Ägypten","Egyptian Exchange","EGP"
"BATAINDIA","BATA INDIA LTD","Zyklische Konsumgüter ","Aktien","1.339.196,39","0,00","1.339.196,39","201.805,00","6,64","Indien","National Stock Exchange Of India","INR"
"JSMR","JASA MARGA","Industrie","Aktien","1.339.869,34","0,00","1.339.869,34","8.340.099,00","0,16","Indonesien","Indonesia Stock Exchange","IDR"
"RLX","RLX TECHNOLOGY AMERICAN DEPOSITARY","Nichtzyklische Konsumgüter","Aktien","1.341.011,76","0,00","1.341.011,76","779.658,00","1,72","China","New York Stock Exchange Inc.","USD"
"STC","KUWAIT TELECOMMUNICATIONS","Kommunikation","Aktien","1.335.728,73","0,00","1.335.728,73","670.910,00","1,99","Kuwait","Kuwait Stock Exchange","KWD"
"1320","SAUDI STEEL PIPE","Materialien","Aktien","1.336.201,88","0,00","1.336.201,88","89.713,00","14,89","Saudi-Arabien","Saudi Stock Exchange","SAR"
"000080","HITEJINRO","Nichtzyklische Konsumgüter","Aktien","1.330.332,17","0,00","1.330.332,17","122.211,00","10,89","Korea","Korea Exchange (Stock Market)","KRW"
"EUPWR.E","EUROPOWER ENERJI & OTOMASYON TEKNO","Industrie","Aktien","1.331.583,77","0,00","1.331.583,77","1.143.113,00","1,16","Türkei","Istanbul Stock Exchange","TRY"
"ISMEN.E","IS YATIRIM MENKUL DEGERLER A","Finanzwesen","Aktien","1.333.265,55","0,00","1.333.265,55","1.869.135,00","0,71","Türkei","Istanbul Stock Exchange","TRY"
"6188","QUANTA STORAGE INC","IT","Aktien","1.333.813,22","0,00","1.333.813,22","687.000,00","1,94","Taiwan","Gretai Securities Market","TWD"
"002195","SHANGHAI STONEHILL TECHNOLOGY LTD","IT","Aktien","1.327.506,04","0,00","1.327.506,04","1.468.800,00","0,90","China","Shenzhen Stock Exchange","CNY"
"DMC","DMCI HOLDINGS INC","Industrie","Aktien","1.328.025,25","0,00","1.328.025,25","10.086.400,00","0,13","Philippinen","Philippine Stock Exchange Inc.","PHP"
"601216","INNER MONGOLIA JUNZHENG ENERGY & C","Materialien","Aktien","1.320.154,21","0,00","1.320.154,21","1.911.800,00","0,69","China","Shanghai Stock Exchange","CNY"
"BAM.R","BANGKOK COMMERCIAL ASSET MANAGEMEN","Finanzwesen","Aktien","1.321.929,88","0,00","1.321.929,88","6.584.000,00","0,20","Thailand","Stock Exchange Of Thailand","THB"
"300115","SHENZHEN EVERWIN PRECISION TECHNOL","IT","Aktien","1.318.916,87","0,00","1.318.916,87","358.320,00","3,68","China","Shenzhen Stock Exchange","CNY"
"5522","FARGLORY LAND DEVELOPMENT LTD","Immobilien","Aktien","1.311.763,51","0,00","1.311.763,51","689.000,00","1,90","Taiwan","Taiwan Stock Exchange","TWD"
"002601","LB GROUP LTD A","Materialien","Aktien","1.312.214,76","0,00","1.312.214,76","585.000,00","2,24","China","Shenzhen Stock Exchange","CNY"
"1083","TOWNGAS SMART ENERGY LTD","Versorger","Aktien","1.313.064,04","0,00","1.313.064,04","3.614.681,00","0,36","China","Hong Kong Exchanges And Clearing Ltd","HKD"
"601878","ZHESHANG SECURITIES LTD A","Finanzwesen","Aktien","1.315.458,17","0,00","1.315.458,17","982.199,00","1,34","China","Shanghai Stock Exchange","CNY"
"9907","TON YI INDUSTRIAL CORP","Materialien","Aktien","1.308.256,88","0,00","1.308.256,88","2.790.000,00","0,47","Taiwan","Taiwan Stock Exchange","TWD"
"600515","HAINAN AIRPORT INFRASTRUCTURE LTD","Immobilien","Aktien","1.309.126,02","0,00","1.309.126,02","3.239.000,00","0,40","China","Shanghai Stock Exchange","CNY"
"6887","SUNSHINE LAKE PHARMA LTD CLASS H","Gesundheitsversorgung","Aktien","1.310.056,32","0,00","1.310.056,32","278.091,00","4,71","China","Hong Kong Exchanges And Clearing Ltd","HKD"
"290650","L&C BIO LTD","Gesundheitsversorgung","Aktien","1.302.296,17","0,00","1.302.296,17","38.695,00","33,66","Korea","Korea Exchange (Kosdaq)","KRW"
"UNISEM","UNISEM M","IT","Aktien","1.304.227,86","0,00","1.304.227,86","1.288.200,00","1,01","Malaysia","Bursa Malaysia","MYR"
"089860","LOTTE RENTAL LTD","Industrie","Aktien","1.304.547,61","0,00","1.304.547,61","37.087,00","35,18","Korea","Korea Exchange (Stock Market)","KRW"
"6069","SY HOLDINGS GROUP LTD","Finanzwesen","Aktien","1.305.594,18","0,00","1.305.594,18","1.723.000,00","0,76","China","Hong Kong Exchanges And Clearing Ltd","HKD"
"300223","INGENIC SEMICONDUCTOR A","IT","Aktien","1.297.220,58","0,00","1.297.220,58","64.400,00","20,14","China","Shenzhen Stock Exchange","CNY"
"517","COSCO SHIPPING INTERNATIONAL (HONG","Industrie","Aktien","1.297.439,98","0,00","1.297.439,98","1.598.000,00","0,81","China","Hong Kong Exchanges And Clearing Ltd","HKD"
"SAR","GR SARANTIS","Nichtzyklische Konsumgüter","Aktien","1.298.344,82","0,00","1.298.344,82","91.159,00","14,24","Griechenland","Athens Exchange S.A. Cash Market","EUR"
"9914","MERIDA INDUSTRY","Zyklische Konsumgüter ","Aktien","1.299.734,96","0,00","1.299.734,96","613.000,00","2,12","Taiwan","Taiwan Stock Exchange","TWD"
"GMDCLTD","GUJARAT MINERAL DEVELOPMENT CORPOR","Energie","Aktien","1.295.201,22","0,00","1.295.201,22","226.274,00","5,72","Indien","National Stock Exchange Of India","INR"
"BASF","BASF INDIA LTD","Materialien","Aktien","1.296.970,18","0,00","1.296.970,18","34.548,00","37,54","Indien","National Stock Exchange Of India","INR"
"AAVAS","AAVAS FINANCIERS LTD","Finanzwesen","Aktien","1.290.150,54","0,00","1.290.150,54","95.815,00","13,47","Indien","National Stock Exchange Of India","INR"
"2186","LUYE PHARMA GROUP","Gesundheitsversorgung","Aktien","1.292.066,30","0,00","1.292.066,30","5.963.000,00","0,22","China","Hong Kong Exchanges And Clearing Ltd","HKD"
"TVO.R","THAI VEGETABLE OIL NON-VOTING DR P","Nichtzyklische Konsumgüter","Aktien","1.284.184,07","0,00","1.284.184,07","1.558.299,00","0,82","Thailand","Stock Exchange Of Thailand","THB"
"LTE","LIGHTHOUSE PROPERTIES PLC","Immobilien","Aktien","1.286.859,89","0,00","1.286.859,89","2.552.926,00","0,50","Südafrika","Johannesburg Stock Exchange","ZAR"
"ALG","ALI ALGHANIM SONS AUTOMOTIVE","Zyklische Konsumgüter ","Aktien","1.280.798,92","0,00","1.280.798,92","437.429,00","2,93","Kuwait","Kuwait Stock Exchange","KWD"
"-","HEG LTD","Industrie","Aktien","1.281.561,51","0,00","1.281.561,51","262.573,00","4,88","Indien","National Stock Exchange Of India","INR"
"TSKB.E","TURKIYE SINAI KALKINMA BANKASI A","Finanzwesen","Aktien","1.275.205,02","0,00","1.275.205,02","5.532.111,00","0,23","Türkei","Istanbul Stock Exchange","TRY"
"000983","SHANXI COKING COAL ENERGY GROUP LT","Energie","Aktien","1.275.536,62","0,00","1.275.536,62","1.311.729,00","0,97","China","Shenzhen Stock Exchange","CNY"
"IIFLCAPS","IIFL CAPITAL SERVICES LTD","Finanzwesen","Aktien","1.275.663,29","0,00","1.275.663,29","363.211,00","3,51","Indien","National Stock Exchange Of India","INR"
"RAILTEL","RAILTEL CORP OF INDIA","Kommunikation","Aktien","1.277.602,92","0,00","1.277.602,92","472.787,00","2,70","Indien","National Stock Exchange Of India","INR"
"3060","YANBU CEMENT","Materialien","Aktien","1.277.686,07","0,00","1.277.686,07","322.339,00","3,96","Saudi-Arabien","Saudi Stock Exchange","SAR"
"HCC","HINDUSTAN CONSTRUCTION COMPANY LTD","Industrie","Aktien","1.277.847,80","0,00","1.277.847,80","5.686.156,00","0,22","Indien","National Stock Exchange Of India","INR"
"ITMAX","ITMAX SYSTEM","IT","Aktien","1.271.158,82","0,00","1.271.158,82","1.184.200,00","1,07","Malaysia","Bursa Malaysia","MYR"
"INGERRAND","INGERSOLL RAND INDIA LTD","Industrie","Aktien","1.272.041,19","0,00","1.272.041,19","28.883,00","44,04","Indien","National Stock Exchange Of India","INR"
"214370","CAREGEN LTD","Gesundheitsversorgung","Aktien","1.272.118,99","0,00","1.272.118,99","43.079,00","29,53","Korea","Korea Exchange (Kosdaq)","KRW"
"AMANAT","AMANAT HOLDING","Finanzwesen","Aktien","1.272.456,03","0,00","1.272.456,03","3.179.279,00","0,40","Ver. Arabische Emirate","Dubai Financial Market","AED"
"2362","CLEVO","IT","Aktien","1.265.487,34","0,00","1.265.487,34","853.000,00","1,48","Taiwan","Taiwan Stock Exchange","TWD"
"ACI","ARCHEAN CHEMICAL INDUSTRIES LTD","Materialien","Aktien","1.267.261,57","0,00","1.267.261,57","262.928,00","4,82","Indien","National Stock Exchange Of India","INR"
"MFCB","MEGA FIRST CORPORATION","Versorger","Aktien","1.268.213,22","0,00","1.268.213,22","1.774.200,00","0,71","Malaysia","Bursa Malaysia","MYR"
"RELIGARE","RELIGARE ENTERPRISES LTD","Finanzwesen","Aktien","1.268.757,46","0,00","1.268.757,46","487.100,00","2,60","Indien","National Stock Exchange Of India","INR"
"570","CHINA TRADITIONAL CHI MEDICINE CO","Gesundheitsversorgung","Aktien","1.260.174,75","0,00","1.260.174,75","7.878.000,00","0,16","China","Hong Kong Exchanges And Clearing Ltd","HKD"
"MOMO","HELLO GROUP ADR","Kommunikation","Aktien","1.260.740,60","0,00","1.260.740,60","257.294,00","4,90","China","NASDAQ","USD"
"000708","CITIC PACIFIC SPECIAL STEEL GROUP","Materialien","Aktien","1.260.765,10","0,00","1.260.765,10","645.300,00","1,95","China","Shenzhen Stock Exchange","CNY"
"600895","SHANGHAI ZHANGJIANG HI-TECH PARK D","Immobilien","Aktien","1.263.883,13","0,00","1.263.883,13","302.763,00","4,17","China","Shanghai Stock Exchange","CNY"
"TTW.R","TTW PUBLIC COMPANY LIMITED NON-VOT","Versorger","Aktien","1.256.007,79","0,00","1.256.007,79","4.149.800,00","0,30","Thailand","Stock Exchange Of Thailand","THB"
"688019","ANJI MICROELECTRONICS TECHNOLOGY (","IT","Aktien","1.257.539,15","0,00","1.257.539,15","36.660,00","34,30","China","Shanghai Stock Exchange","CNY"
"JWL","JUPITER WAGONS LTD","Industrie","Aktien","1.251.860,84","0,00","1.251.860,84","519.398,00","2,41","Indien","National Stock Exchange Of India","INR"
"IRCON","IRCON INTERNATIONAL LTD","Industrie","Aktien","1.252.997,32","0,00","1.252.997,32","1.114.495,00","1,12","Indien","National Stock Exchange Of India","INR"
"TIMETECHNO","TIME TECHNOPLAST LTD","Materialien","Aktien","1.253.185,83","0,00","1.253.185,83","688.825,00","1,82","Indien","National Stock Exchange Of India","INR"
"001203","DAZHONG MINING LTD A","Materialien","Aktien","1.253.907,68","0,00","1.253.907,68","361.300,00","3,47","China","Shenzhen Stock Exchange","CNY"
"2256","ABBISKO CAYMAN","Gesundheitsversorgung","Aktien","1.247.583,06","0,00","1.247.583,06","1.185.000,00","1,05","China","Hong Kong Exchanges And Clearing Ltd","HKD"
"308","CHINA TRAVEL INTERNATIONAL INVESTM","Zyklische Konsumgüter ","Aktien","1.243.216,30","0,00","1.243.216,30","8.556.000,00","0,15","China","Hong Kong Exchanges And Clearing Ltd","HKD"
"1907","CHINA RISUN GROUP LTD","Materialien","Aktien","1.245.528,41","0,00","1.245.528,41","5.444.000,00","0,23","China","Hong Kong Exchanges And Clearing Ltd","HKD"
"1610","COFCO JOYCOME FOODS LTD","Nichtzyklische Konsumgüter","Aktien","1.245.541,16","0,00","1.245.541,16","8.572.000,00","0,15","China","Hong Kong Exchanges And Clearing Ltd","HKD"
"SLCE3","SLC AGRICOLA SA","Nichtzyklische Konsumgüter","Aktien","1.237.821,01","0,00","1.237.821,01","355.429,00","3,48","Brasilien","XBSP","BRL"
"8070","CHANG WAH ELECTROMATERIALS INC","IT","Aktien","1.239.830,63","0,00","1.239.830,63","789.000,00","1,57","Taiwan","Taiwan Stock Exchange","TWD"
"1608","HUA ENG WIRE AND CABLE LTD","Industrie","Aktien","1.240.981,73","0,00","1.240.981,73","1.096.000,00","1,13","Taiwan","Taiwan Stock Exchange","TWD"
"DFM","DUBAI FINANCIAL MARKET","Finanzwesen","Aktien","1.233.674,70","0,00","1.233.674,70","3.190.917,00","0,39","Ver. Arabische Emirate","Dubai Financial Market","AED"
"600196","SHANGHAI FOSUN PHARMACEUTICAL (GRO","Gesundheitsversorgung","Aktien","1.233.881,66","0,00","1.233.881,66","379.852,00","3,25","China","Shanghai Stock Exchange","CNY"
"SAFARI","SAFARI INDUSTRIES INDIA LTD","Zyklische Konsumgüter ","Aktien","1.235.460,70","0,00","1.235.460,70","78.422,00","15,75","Indien","National Stock Exchange Of India","INR"
"WAHA","WAHA CAPITAL","Finanzwesen","Aktien","1.236.714,67","0,00","1.236.714,67","2.142.579,00","0,58","Ver. Arabische Emirate","Abu Dhabi Securities Exchange","AED"
"601162","TIANFENG SECURITIES LTD A","Finanzwesen","Aktien","1.230.204,32","0,00","1.230.204,32","2.317.000,00","0,53","China","Shanghai Stock Exchange","CNY"
"2328","PAN-INTERNATIONAL INDUSTRIAL CORP","IT","Aktien","1.231.347,92","0,00","1.231.347,92","847.000,00","1,45","Taiwan","Taiwan Stock Exchange","TWD"
"CONCORDBIO","CONCORD BIOTECH LTD","Gesundheitsversorgung","Aktien","1.223.722,17","0,00","1.223.722,17","80.351,00","15,23","Indien","National Stock Exchange Of India","INR"
"2897","O-BANK","Finanzwesen","Aktien","1.224.064,93","0,00","1.224.064,93","3.469.000,00","0,35","Taiwan","Taiwan Stock Exchange","TWD"
"HAPV3","HAPVIDA PARTICIPACOES E INVESTIMEN","Gesundheitsversorgung","Aktien","1.226.410,88","0,00","1.226.410,88","989.775,00","1,24","Brasilien","XBSP","BRL"
"JSWHL","JSW HOLDINGS LTD","Finanzwesen","Aktien","1.221.630,64","0,00","1.221.630,64","10.515,00","116,18","Indien","National Stock Exchange Of India","INR"
"TANLA","TANLA PLATFORMS LTD","IT","Aktien","1.222.434,06","0,00","1.222.434,06","236.852,00","5,16","Indien","National Stock Exchange Of India","INR"
"600642","SHENERGY LTD A","Versorger","Aktien","1.214.131,99","0,00","1.214.131,99","945.500,00","1,28","China","Shanghai Stock Exchange","CNY"
"1030","SEAZEN GROUP LTD","Immobilien","Aktien","1.214.170,91","0,00","1.214.170,91","6.756.000,00","0,18","China","Hong Kong Exchanges And Clearing Ltd","HKD"
"603806","HANGZHOU FIRST APPLIED MATERIAL LT","IT","Aktien","1.210.219,78","0,00","1.210.219,78","578.782,00","2,09","China","Shanghai Stock Exchange","CNY"
"1773","SHINY CHEMICAL INDUSTRIAL LTD","Materialien","Aktien","1.204.842,63","0,00","1.204.842,63","235.665,00","5,11","Taiwan","Taiwan Stock Exchange","TWD"
"000999","CHINA RESOURCES SANJIU MEDICAL AND","Gesundheitsversorgung","Aktien","1.205.294,22","0,00","1.205.294,22","338.989,00","3,56","China","Shenzhen Stock Exchange","CNY"
"MGLU3","MAGAZINE LUIZA SA","Zyklische Konsumgüter ","Aktien","1.205.488,32","0,00","1.205.488,32","1.073.707,00","1,12","Brasilien","XBSP","BRL"
"2727","WOWPRIME","Zyklische Konsumgüter ","Aktien","1.205.568,82","0,00","1.205.568,82","169.324,00","7,12","Taiwan","Taiwan Stock Exchange","TWD"
"6993","BLUE MOON GROUP HOLDINGS LTD","Nichtzyklische Konsumgüter","Aktien","1.206.469,83","0,00","1.206.469,83","2.544.500,00","0,47","China","Hong Kong Exchanges And Clearing Ltd","HKD"
"IONEXCHANG","ION EXCHANGE INDIA LTD","Industrie","Aktien","1.206.527,40","0,00","1.206.527,40","272.773,00","4,42","Indien","National Stock Exchange Of India","INR"
"694","BEIJING CAPITAL INTERNATIONAL AIRP","Industrie","Aktien","1.208.423,78","0,00","1.208.423,78","6.258.000,00","0,19","China","Hong Kong Exchanges And Clearing Ltd","HKD"
"460","SIHUAN PHARMACEUTICAL HOLDINGS GRO","Gesundheitsversorgung","Aktien","1.203.150,79","0,00","1.203.150,79","13.020.000,00","0,09","China","Hong Kong Exchanges And Clearing Ltd","HKD"
"601577","BANK OF CHANGSHA LTD A","Finanzwesen","Aktien","1.196.073,82","0,00","1.196.073,82","817.500,00","1,46","China","Shanghai Stock Exchange","CNY"
"2157","LEPU BIOPHARMA LTD H","Gesundheitsversorgung","Aktien","1.194.662,01","0,00","1.194.662,01","2.388.000,00","0,50","China","Hong Kong Exchanges And Clearing Ltd","HKD"
"002078","SHANDONG SUNPAPER LTD A","Materialien","Aktien","1.195.121,54","0,00","1.195.121,54","561.548,00","2,13","China","Shenzhen Stock Exchange","CNY"
"FINPIPE","FINOLEX INDUSTRIES LTD","Materialien","Aktien","1.188.047,39","0,00","1.188.047,39","738.058,00","1,61","Indien","National Stock Exchange Of India","INR"
"9958","CENTURY IRON AND STEEL INDUSTRIAL","Materialien","Aktien","1.189.380,42","0,00","1.189.380,42","412.627,00","2,88","Taiwan","Taiwan Stock Exchange","TWD"
"002738","SINOMINE RESOURCE GROUP LTD A","Materialien","Aktien","1.190.314,39","0,00","1.190.314,39","180.200,00","6,61","China","Shenzhen Stock Exchange","CNY"
"751","SKYWORTH GROUP LTD","Zyklische Konsumgüter ","Aktien","1.182.779,20","0,00","1.182.779,20","2.404.060,00","0,49","China","Hong Kong Exchanges And Clearing Ltd","HKD"
"RECV3","PETRORECONCAVO","Energie","Aktien","1.183.806,22","0,00","1.183.806,22","544.113,00","2,18","Brasilien","XBSP","BRL"
"ALIVUS","ALIVUS LIFE SCIENCES LTD","Gesundheitsversorgung","Aktien","1.184.853,91","0,00","1.184.853,91","81.908,00","14,47","Indien","National Stock Exchange Of India","INR"
"4007","AL HAMMADI HOLDING","Gesundheitsversorgung","Aktien","1.177.605,23","0,00","1.177.605,23","193.681,00","6,08","Saudi-Arabien","Saudi Stock Exchange","SAR"
"VGI.R","VGI NON-VOTING DR PCL","Kommunikation","Aktien","1.178.267,62","0,00","1.178.267,62","39.715.950,00","0,03","Thailand","Stock Exchange Of Thailand","THB"
"SOKM.E","SOK MARKETLER TICARET","Nichtzyklische Konsumgüter","Aktien","1.179.347,23","0,00","1.179.347,23","1.004.452,00","1,17","Türkei","Istanbul Stock Exchange","TRY"
"FFB","FARM FRESH","Nichtzyklische Konsumgüter","Aktien","1.179.704,81","0,00","1.179.704,81","2.479.800,00","0,48","Malaysia","Bursa Malaysia","MYR"
"LAMDA","LAMDA DEVELOPMENT SA","Immobilien","Aktien","1.179.818,95","0,00","1.179.818,95","162.400,00","7,26","Griechenland","Athens Exchange S.A. Cash Market","EUR"
"MAHSING","MAH SING GROUP","Immobilien","Aktien","1.179.914,13","0,00","1.179.914,13","4.695.600,00","0,25","Malaysia","Bursa Malaysia","MYR"
"301236","ISOFTSTONE INFORMATION TECHNOLOGY","IT","Aktien","1.173.240,71","0,00","1.173.240,71","215.700,00","5,44","China","Shenzhen Stock Exchange","CNY"
"BECTORFOOD","MRS BECTORS FOOD SPECIALITIES","Nichtzyklische Konsumgüter","Aktien","1.174.864,56","0,00","1.174.864,56","510.455,00","2,30","Indien","National Stock Exchange Of India","INR"
"SPSETIA","S P SETIA","Immobilien","Aktien","1.175.213,47","0,00","1.175.213,47","6.021.500,00","0,20","Malaysia","Bursa Malaysia","MYR"
"600009","SHANGHAI INTERNATIONAL AIRPORT LTD","Industrie","Aktien","1.175.521,15","0,00","1.175.521,15","350.773,00","3,35","China","Shanghai Stock Exchange","CNY"
"3050","SOUTHERN PROVINCE CEMENT","Materialien","Aktien","1.167.989,48","0,00","1.167.989,48","236.271,00","4,94","Saudi-Arabien","Saudi Stock Exchange","SAR"
"JUBLINGREA","JUBILANT INGREVIA LTD","Materialien","Aktien","1.168.011,68","0,00","1.168.011,68","176.954,00","6,60","Indien","National Stock Exchange Of India","INR"
"5469","HANNSTAR BOARD CORP","IT","Aktien","1.168.123,64","0,00","1.168.123,64","510.174,00","2,29","Taiwan","Taiwan Stock Exchange","TWD"
"3014","INTEGRATED TECHNOLOGY EXPRESS INC","IT","Aktien","1.168.242,77","0,00","1.168.242,77","279.000,00","4,19","Taiwan","Taiwan Stock Exchange","TWD"
"462870","SHIFT UP","Kommunikation","Aktien","1.168.264,03","0,00","1.168.264,03","51.735,00","22,58","Korea","Korea Exchange (Stock Market)","KRW"
"4105","TTY BIOPHARM LTD","Gesundheitsversorgung","Aktien","1.169.029,08","0,00","1.169.029,08","474.193,00","2,47","Taiwan","Gretai Securities Market","TWD"
"LEVE3","MAHLE-METAL LEVE SA","Zyklische Konsumgüter ","Aktien","1.163.033,63","0,00","1.163.033,63","182.028,00","6,39","Brasilien","XBSP","BRL"
"POWERMECH","POWER MECH PROJECTS LTD","Industrie","Aktien","1.160.631,61","0,00","1.160.631,61","47.605,00","24,38","Indien","National Stock Exchange Of India","INR"
"JBMA","JBM AUTO LTD","Zyklische Konsumgüter ","Aktien","1.160.767,59","0,00","1.160.767,59","187.603,00","6,19","Indien","National Stock Exchange Of India","INR"
"697","SHOUCHENG HOLDINGS","Immobilien","Aktien","1.161.226,16","0,00","1.161.226,16","6.824.400,00","0,17","China","Hong Kong Exchanges And Clearing Ltd","HKD"
"2669","CHINA OVERSEAS PROPERTY HOLDINGS","Immobilien","Aktien","1.162.539,11","0,00","1.162.539,11","2.785.000,00","0,42","China","Hong Kong Exchanges And Clearing Ltd","HKD"
"2851","CENTRAL REINSURANCE CORP","Finanzwesen","Aktien","1.154.269,58","0,00","1.154.269,58","783.000,00","1,47","Taiwan","Taiwan Stock Exchange","TWD"
"SUNTV","SUN TV NETWORK LTD","Kommunikation","Aktien","1.156.471,36","0,00","1.156.471,36","236.868,00","4,88","Indien","National Stock Exchange Of India","INR"
"002129","TCL ZHONGHUAN RENEWABLE ENERGY TEC","IT","Aktien","1.149.810,29","0,00","1.149.810,29","894.371,00","1,29","China","Shenzhen Stock Exchange","CNY"
"PRICOLLTD","PRICOL LTD","Zyklische Konsumgüter ","Aktien","1.150.914,19","0,00","1.150.914,19","146.732,00","7,84","Indien","National Stock Exchange Of India","INR"
"SPLPETRO","SUPREME PETROCHEM LTD","Materialien","Aktien","1.152.801,87","0,00","1.152.801,87","137.047,00","8,41","Indien","National Stock Exchange Of India","INR"
"600418","ANHUI JIANGHUAI AUTOMOBILE CORP LT","Zyklische Konsumgüter ","Aktien","1.145.168,68","0,00","1.145.168,68","396.200,00","2,89","China","Shanghai Stock Exchange","CNY"
"VMART","V MART RETAIL","Zyklische Konsumgüter ","Aktien","1.146.129,40","0,00","1.146.129,40","139.177,00","8,24","Indien","National Stock Exchange Of India","INR"
"1798","CHINA DATANG CORPORATION RENEWABLE","Versorger","Aktien","1.148.233,73","0,00","1.148.233,73","8.704.000,00","0,13","China","Hong Kong Exchanges And Clearing Ltd","HKD"
"2285","CHERVON HOLDINGS LTD","Zyklische Konsumgüter ","Aktien","1.135.273,18","0,00","1.135.273,18","348.200,00","3,26","China","Hong Kong Exchanges And Clearing Ltd","HKD"
"2476","G SHANK ENTERPRISE LTD","Industrie","Aktien","1.135.685,72","0,00","1.135.685,72","303.000,00","3,75","Taiwan","Taiwan Stock Exchange","TWD"
"ETIHADENERGY","ETIHAD ENERGY HOLDING","Energie","Aktien","1.138.290,32","0,00","1.138.290,32","1.388.960,00","0,82","Ver. Arabische Emirate","Dubai Financial Market","AED"
"300207","SUNWODA ELECTRONIC LTD A","Industrie","Aktien","1.131.431,77","0,00","1.131.431,77","375.000,00","3,02","China","Shenzhen Stock Exchange","CNY"
"WELENT","WELSPUN ENTERPRISES","Industrie","Aktien","1.132.894,36","0,00","1.132.894,36","139.575,00","8,12","Indien","National Stock Exchange Of India","INR"
"000559","WANXIANG QIANCHAO LTD A","Zyklische Konsumgüter ","Aktien","1.133.194,63","0,00","1.133.194,63","710.100,00","1,60","China","Shenzhen Stock Exchange","CNY"
"3010","ARABIAN CEMENT","Materialien","Aktien","1.134.270,34","0,00","1.134.270,34","206.039,00","5,51","Saudi-Arabien","Saudi Stock Exchange","SAR"
"KIRLFER","KIRLOSKAR FERROUS INDUSTRIES LTD","Materialien","Aktien","1.134.721,84","0,00","1.134.721,84","229.498,00","4,94","Indien","National Stock Exchange Of India","INR"
"2432","SHENZHEN DOBOT TECHNOLOGY CORP LTD","Industrie","Aktien","1.122.024,05","0,00","1.122.024,05","421.600,00","2,66","China","Hong Kong Exchanges And Clearing Ltd","HKD"
"DOMS","DOMS INDUSTRIES LTD","Industrie","Aktien","1.122.195,10","0,00","1.122.195,10","50.745,00","22,11","Indien","National Stock Exchange Of India","INR"
"6177","DA-LI CONSTRUCTION LTD","Immobilien","Aktien","1.123.840,55","0,00","1.123.840,55","751.959,00","1,49","Taiwan","Taiwan Stock Exchange","TWD"
"GPIL","GODAWARI POWER AND ISPAT LTD","Materialien","Aktien","1.124.003,10","0,00","1.124.003,10","452.343,00","2,48","Indien","National Stock Exchange Of India","INR"
"600803","ENN NATURAL GAS LTD A","Versorger","Aktien","1.124.466,22","0,00","1.124.466,22","403.400,00","2,79","China","Shanghai Stock Exchange","CNY"
"2359","SOLOMON TECHNOLOGY","IT","Aktien","1.117.603,70","0,00","1.117.603,70","272.000,00","4,11","Taiwan","Taiwan Stock Exchange","TWD"
"YATHARTH","YATHARTH HOSPITAL & TRAUMA CARE SE","Gesundheitsversorgung","Aktien","1.118.828,28","0,00","1.118.828,28","100.091,00","11,18","Indien","National Stock Exchange Of India","INR"
"601916","CHINA ZHESHANG BANK LTD A","Finanzwesen","Aktien","1.119.510,14","0,00","1.119.510,14","2.570.656,00","0,44","China","Shanghai Stock Exchange","CNY"
"2283","FIRST MILLING CO","Nichtzyklische Konsumgüter","Aktien","1.114.216,27","0,00","1.114.216,27","81.431,00","13,68","Saudi-Arabien","Saudi Stock Exchange","SAR"
"2040","SAUDI CERAMIC","Industrie","Aktien","1.114.476,40","0,00","1.114.476,40","177.772,00","6,27","Saudi-Arabien","Saudi Stock Exchange","SAR"
"600027","HUADIAN POWER INTERNATIONAL CORP L","Versorger","Aktien","1.114.691,72","0,00","1.114.691,72","1.563.600,00","0,71","China","Shanghai Stock Exchange","CNY"
"CEMPRO","CEMINDIA PROJECTS LTD","Industrie","Aktien","1.115.163,30","0,00","1.115.163,30","85.241,00","13,08","Indien","National Stock Exchange Of India","INR"
"3306","JNBY DESIGN LTD","Zyklische Konsumgüter ","Aktien","1.107.679,45","0,00","1.107.679,45","399.378,00","2,77","China","Hong Kong Exchanges And Clearing Ltd","HKD"
"MANYAVAR","VEDANT FASHIONS","Zyklische Konsumgüter ","Aktien","1.111.871,82","0,00","1.111.871,82","187.932,00","5,92","Indien","National Stock Exchange Of India","INR"
"JSWDULUX","JSW DULUX LTD","Materialien","Aktien","1.105.182,10","0,00","1.105.182,10","34.492,00","32,04","Indien","National Stock Exchange Of India","INR"
"688047","LOONGSON TECHNOLOGY CORP LTD A","IT","Aktien","1.105.530,20","0,00","1.105.530,20","74.200,00","14,90","China","Shanghai Stock Exchange","CNY"
"2520","KINDOM CONSTRUCTION LTD","Immobilien","Aktien","1.105.651,38","0,00","1.105.651,38","943.800,00","1,17","Taiwan","Taiwan Stock Exchange","TWD"
"STGT.R","SRI TRANG GLOVES (THAILAND) PCL NO","Gesundheitsversorgung","Aktien","1.106.553,79","0,00","1.106.553,79","3.451.000,00","0,32","Thailand","Stock Exchange Of Thailand","THB"
"000876","NEW HOPE LIUHE LTD A","Nichtzyklische Konsumgüter","Aktien","1.098.501,83","0,00","1.098.501,83","1.021.561,00","1,08","China","Shenzhen Stock Exchange","CNY"
"SARDAEN","SARDA ENERGY AND MINERALS LTD","Materialien","Aktien","1.098.943,42","0,00","1.098.943,42","207.969,00","5,28","Indien","National Stock Exchange Of India","INR"
"1831","MAHARAH HUMAN RESOURCES CO","Industrie","Aktien","1.099.706,21","0,00","1.099.706,21","951.854,00","1,16","Saudi-Arabien","Saudi Stock Exchange","SAR"
"600580","WOLONG ELECTRIC DRIVE GROUP LTD A","Industrie","Aktien","1.101.377,18","0,00","1.101.377,18","272.600,00","4,04","China","Shanghai Stock Exchange","CNY"
"MDIA3","M DIAS BRANCO INDUSTRIA SA","Nichtzyklische Konsumgüter","Aktien","1.095.157,46","0,00","1.095.157,46","333.006,00","3,29","Brasilien","XBSP","BRL"
"ZETRIX","ZETRIX AI","Industrie","Aktien","1.096.961,89","0,00","1.096.961,89","18.352.844,00","0,06","Malaysia","Bursa Malaysia","MYR"
"532808","PEARL GLOBAL INDUSTRIES LTD","Zyklische Konsumgüter ","Aktien","1.098.138,56","0,00","1.098.138,56","92.164,00","11,92","Indien","Bse Ltd","INR"
"ALARK.E","ALARKO HOLDING A INC","Industrie","Aktien","1.084.592,10","0,00","1.084.592,10","482.121,00","2,25","Türkei","Istanbul Stock Exchange","TRY"
"NEWGEN","NEWGEN SOFTWARE TECHNOLOGIES LTD","IT","Aktien","1.084.760,06","0,00","1.084.760,06","212.603,00","5,10","Indien","National Stock Exchange Of India","INR"
"002595","SHANDONG HIMILE MECHANICAL SCIENCE","Industrie","Aktien","1.087.843,99","0,00","1.087.843,99","188.135,00","5,78","China","Shenzhen Stock Exchange","CNY"
"EUREKAFORB","EUREKA FORBES LTD","Zyklische Konsumgüter ","Aktien","1.088.724,56","0,00","1.088.724,56","267.066,00","4,08","Indien","National Stock Exchange Of India","INR"
"688578","SHANGHAI ALLIST PHARMACEUTICALS LT","Gesundheitsversorgung","Aktien","1.080.454,58","0,00","1.080.454,58","73.600,00","14,68","China","Shanghai Stock Exchange","CNY"
"HAPSENG","HAP SENG CONSOLIDATED","Industrie","Aktien","1.081.410,34","0,00","1.081.410,34","1.623.700,00","0,67","Malaysia","Bursa Malaysia","MYR"
"AGTHIA","AGTHIA GROUP","Nichtzyklische Konsumgüter","Aktien","1.082.214,41","0,00","1.082.214,41","1.193.637,00","0,91","Ver. Arabische Emirate","Abu Dhabi Securities Exchange","AED"
"600352","ZHEJIANG LONGSHENG GROUP LTD A","Materialien","Aktien","1.082.402,09","0,00","1.082.402,09","628.900,00","1,72","China","Shanghai Stock Exchange","CNY"
"1808","RUN LONG CONSTRUCTION LTD","Industrie","Aktien","1.078.225,26","0,00","1.078.225,26","1.006.633,00","1,07","Taiwan","Taiwan Stock Exchange","TWD"
"4050","SAUDI AUTOMOTIVE SERVICES","Zyklische Konsumgüter ","Aktien","1.079.573,01","0,00","1.079.573,01","94.312,00","11,45","Saudi-Arabien","Saudi Stock Exchange","SAR"
"005300","LOTTE CHILSUNG BEVERAGE LTD","Nichtzyklische Konsumgüter","Aktien","1.070.440,99","0,00","1.070.440,99","15.601,00","68,61","Korea","Korea Exchange (Stock Market)","KRW"
"PWON","PAKUWON JATI","Immobilien","Aktien","1.071.782,81","0,00","1.071.782,81","70.420.100,00","0,02","Indonesien","Indonesia Stock Exchange","IDR"
"8086","ADVANCED WIRELESS SEMICONDUCTOR","IT","Aktien","1.072.879,60","0,00","1.072.879,60","316.723,00","3,39","Taiwan","Gretai Securities Market","TWD"
"881","ZHONGSHENG GROUP HOLDINGS","Zyklische Konsumgüter ","Aktien","1.073.384,93","0,00","1.073.384,93","2.703.500,00","0,40","China","Hong Kong Exchanges And Clearing Ltd","HKD"
"4162","ALMUNAJEM FOODS","Nichtzyklische Konsumgüter","Aktien","1.068.035,42","0,00","1.068.035,42","70.573,00","15,13","Saudi-Arabien","Saudi Stock Exchange","SAR"
"603260","HOSHINE SILICON INDUSTRY LTD A","Materialien","Aktien","1.068.241,76","0,00","1.068.241,76","223.900,00","4,77","China","Shanghai Stock Exchange","CNY"
"APR","AUTO PARTNER SA","Zyklische Konsumgüter ","Aktien","1.069.019,06","0,00","1.069.019,06","130.810,00","8,17","Polen","Warsaw Stock Exchange/Equities/Main Market","PLN"
"8200","SAUDI REINSURANCE","Finanzwesen","Aktien","1.069.075,08","0,00","1.069.075,08","139.347,00","7,67","Saudi-Arabien","Saudi Stock Exchange","SAR"
"300803","BEIJING COMPASS TECHNOLOGY DEVELOP","Finanzwesen","Aktien","1.061.856,57","0,00","1.061.856,57","90.055,00","11,79","China","Shenzhen Stock Exchange","CNY"
"297","SINOFERT HOLDINGS LTD","Materialien","Aktien","1.058.674,55","0,00","1.058.674,55","6.566.000,00","0,16","China","Hong Kong Exchanges And Clearing Ltd","HKD"
"754","HOPSON DEVELOPMENT HOLDINGS","Immobilien","Aktien","1.058.859,69","0,00","1.058.859,69","3.765.652,00","0,28","China","Hong Kong Exchanges And Clearing Ltd","HKD"
"UTIAMC","UTI ASSET MANAGEM LTD","Finanzwesen","Aktien","1.052.891,78","0,00","1.052.891,78","112.454,00","9,36","Indien","National Stock Exchange Of India","INR"
"8081","GLOBAL MIXED-MODE TECHNOLOGY INC","IT","Aktien","1.054.936,09","0,00","1.054.936,09","134.000,00","7,87","Taiwan","Taiwan Stock Exchange","TWD"
"NOAH","NOAH HOLDINGS AMERICAN DEPOSITARY","Finanzwesen","Aktien","1.047.597,30","0,00","1.047.597,30","129.333,00","8,10","China","New York Stock Exchange Inc.","USD"
"ALKYLAMINE","ALKYL AMINES CHEMICALS LTD","Materialien","Aktien","1.044.251,44","0,00","1.044.251,44","54.335,00","19,22","Indien","National Stock Exchange Of India","INR"
"5009","GLORIA MATERIAL TECHNOLOGY CORP","Materialien","Aktien","1.044.417,78","0,00","1.044.417,78","1.023.000,00","1,02","Taiwan","Gretai Securities Market","TWD"
"TABGD.E","TAB GIDA SANAYI VE TICARET AS","Zyklische Konsumgüter ","Aktien","1.046.547,08","0,00","1.046.547,08","220.045,00","4,76","Türkei","Istanbul Stock Exchange","TRY"
"TRIDENT","TRIDENT LTD","Zyklische Konsumgüter ","Aktien","1.039.555,92","0,00","1.039.555,92","4.321.161,00","0,24","Indien","National Stock Exchange Of India","INR"
"2172","MICROPORT NEUROTECH CORP","Gesundheitsversorgung","Aktien","1.040.030,46","0,00","1.040.030,46","1.013.000,00","1,03","China","Hong Kong Exchanges And Clearing Ltd","HKD"
"WELSPUNLIV","WELSPUN LIVING LTD","Zyklische Konsumgüter ","Aktien","1.041.074,22","0,00","1.041.074,22","470.568,00","2,21","Indien","National Stock Exchange Of India","INR"
"2539","SAKURA DEVELOPMENT LTD","Immobilien","Aktien","1.036.518,69","0,00","1.036.518,69","960.663,00","1,08","Taiwan","Taiwan Stock Exchange","TWD"
"ZYDUSWELL","ZYDUS WELLNESS LTD","Nichtzyklische Konsumgüter","Aktien","1.036.596,26","0,00","1.036.596,26","182.090,00","5,69","Indien","National Stock Exchange Of India","INR"
"601777","CHONGQING QIANLI TECHNOLOGY A","Zyklische Konsumgüter ","Aktien","1.036.877,55","0,00","1.036.877,55","875.600,00","1,18","China","Shanghai Stock Exchange","CNY"
"FRAS3","FRAS-LE SA","Zyklische Konsumgüter ","Aktien","1.032.932,78","0,00","1.032.932,78","226.676,00","4,56","Brasilien","XBSP","BRL"
"2597","RUENTEX ENGINEERING & CONSTRUCTION","Industrie","Aktien","1.033.213,83","0,00","1.033.213,83","191.520,00","5,39","Taiwan","Taiwan Stock Exchange","TWD"
"8454","MOMO COM","Zyklische Konsumgüter ","Aktien","1.033.253,35","0,00","1.033.253,35","132.300,00","7,81","Taiwan","Taiwan Stock Exchange","TWD"
"475830","ORUM THERAPEUTIC","Gesundheitsversorgung","Aktien","1.025.253,72","0,00","1.025.253,72","26.527,00","38,65","Korea","Korea Exchange (Kosdaq)","KRW"
"300720","HANILCMT LTD","Materialien","Aktien","1.025.517,87","0,00","1.025.517,87","86.714,00","11,83","Korea","Korea Exchange (Stock Market)","KRW"
"BLDN","BALADNA COMPANY","Nichtzyklische Konsumgüter","Aktien","1.026.559,74","0,00","1.026.559,74","2.975.879,00","0,34","Qatar","Qatar Exchange","QAR"
"SANOFI","SANOFI INDIA LTD","Gesundheitsversorgung","Aktien","1.027.427,60","0,00","1.027.427,60","31.951,00","32,16","Indien","National Stock Exchange Of India","INR"
"6808","SUN ART RETAIL GROUP LTD","Nichtzyklische Konsumgüter","Aktien","1.028.252,28","0,00","1.028.252,28","7.794.500,00","0,13","China","Hong Kong Exchanges And Clearing Ltd","HKD"
"GARFIBRES","GARWARE TECHNICAL FIBRES LTD","Zyklische Konsumgüter ","Aktien","1.021.707,14","0,00","1.021.707,14","122.571,00","8,34","Indien","National Stock Exchange Of India","INR"
"GLOBAL.R","SIAM GLOBAL HOUSE NON-VOTING DR PC","Zyklische Konsumgüter ","Aktien","1.021.927,53","0,00","1.021.927,53","5.328.394,00","0,19","Thailand","Stock Exchange Of Thailand","THB"
"BANCOINDIA","BANCO PRODUCTS INDIA LTD","Zyklische Konsumgüter ","Aktien","1.022.398,11","0,00","1.022.398,11","165.393,00","6,18","Indien","National Stock Exchange Of India","INR"
"OYAKC.E","OYAK CIMENTO FABRIKALARI A.S.","Materialien","Aktien","1.015.125,95","0,00","1.015.125,95","2.419.736,00","0,42","Türkei","Istanbul Stock Exchange","TRY"
"NAZARA","NAZARA TECHNOLOGIES","Kommunikation","Aktien","1.016.576,03","0,00","1.016.576,03","269.005,00","3,78","Indien","National Stock Exchange Of India","INR"
"TARIL","TRANSFORMERS AND RECTIFIERS INDIA","Industrie","Aktien","1.017.538,46","0,00","1.017.538,46","353.696,00","2,88","Indien","National Stock Exchange Of India","INR"
"600085","BEIJING TONGRENTANG LTD A","Gesundheitsversorgung","Aktien","1.018.493,96","0,00","1.018.493,96","294.100,00","3,46","China","Shanghai Stock Exchange","CNY"
"600536","CHINA NATIONAL SOFTWARE & SERVICE","IT","Aktien","1.011.584,52","0,00","1.011.584,52","218.303,00","4,63","China","Shanghai Stock Exchange","CNY"
"2428","THINKING ELECTRONIC INDUSTRIAL LTD","IT","Aktien","1.013.769,31","0,00","1.013.769,31","127.000,00","7,98","Taiwan","Taiwan Stock Exchange","TWD"
"600157","WINTIME ENERGY GROUP LTD A","Versorger","Aktien","1.013.945,41","0,00","1.013.945,41","4.472.700,00","0,23","China","Shanghai Stock Exchange","CNY"
"VULC3","VULCABRAS AZALEIA","Zyklische Konsumgüter ","Aktien","1.006.084,18","0,00","1.006.084,18","387.196,00","2,60","Brasilien","XBSP","BRL"
"COP","COP CASH","Cash und/oder Derivate","Geldmarkt","1.003.511,27","0,00","1.003.511,27","3.162.756.428,00","0,03","Kolumbien","-","COP"
"165","CHINA EVERBRIGHT LTD","Finanzwesen","Aktien","1.003.747,30","0,00","1.003.747,30","1.318.000,00","0,76","China","Hong Kong Exchanges And Clearing Ltd","HKD"
"BA.R","BANGKOK AIRWAYS NON-VOTING DR","Industrie","Aktien","996.653,58","0,00","996.653,58","1.759.700,00","0,57","Thailand","Stock Exchange Of Thailand","THB"
"688472","CSI SOLAR LTD A","IT","Aktien","996.711,32","0,00","996.711,32","822.011,00","1,21","China","Shanghai Stock Exchange","CNY"
"2439","MERRY ELECTRONICS","Zyklische Konsumgüter ","Aktien","996.771,09","0,00","996.771,09","400.751,00","2,49","Taiwan","Taiwan Stock Exchange","TWD"
"EA.R","ENERGY ABSOLUTE NON-VOTING DR PCL","Versorger","Aktien","996.780,34","0,00","996.780,34","11.549.500,00","0,09","Thailand","Stock Exchange Of Thailand","THB"
"002920","HUIZHOU DESAY SV AUTOMOTIVE LTD A","Zyklische Konsumgüter ","Aktien","997.293,96","0,00","997.293,96","79.200,00","12,59","China","Shenzhen Stock Exchange","CNY"
"BCPG.R","BCPG PCL NON-VOTING DR","Versorger","Aktien","997.575,97","0,00","997.575,97","4.789.800,00","0,21","Thailand","Stock Exchange Of Thailand","THB"
"SIGNATURE","SIGNATUREGLOBAL (INDIA) LTD","Immobilien","Aktien","998.976,02","0,00","998.976,02","126.889,00","7,87","Indien","National Stock Exchange Of India","INR"
"SFL","SHEELA FOAM","Zyklische Konsumgüter ","Aktien","999.754,43","0,00","999.754,43","142.517,00","7,01","Indien","National Stock Exchange Of India","INR"
"2158","YIDU TECH INC","Gesundheitsversorgung","Aktien","994.518,75","0,00","994.518,75","2.255.100,00","0,44","China","Hong Kong Exchanges And Clearing Ltd","HKD"
"EQUITASBNK","EQUITAS SMALL FINANCE BANK LTD","Finanzwesen","Aktien","987.642,12","0,00","987.642,12","1.313.627,00","0,75","Indien","National Stock Exchange Of India","INR"
"600588","YONYOU NETWORK TECHNOLOGY LTD A","IT","Aktien","988.673,60","0,00","988.673,60","708.990,00","1,39","China","Shanghai Stock Exchange","CNY"
"688223","JINKO SOLAR LTD A","IT","Aktien","985.400,47","0,00","985.400,47","1.766.607,00","0,56","China","Shanghai Stock Exchange","CNY"
"4743","ONENESS BIOTECH LTD","Gesundheitsversorgung","Aktien","985.945,02","0,00","985.945,02","704.807,00","1,40","Taiwan","Gretai Securities Market","TWD"
"603606","NINGBO ORIENT WIRES & CABLES LTD A","Industrie","Aktien","986.083,94","0,00","986.083,94","186.140,00","5,30","China","Shanghai Stock Exchange","CNY"
"V2RETAIL","V2 RETAIL LTD","Zyklische Konsumgüter ","Aktien","975.321,74","0,00","975.321,74","444.724,00","2,19","Indien","National Stock Exchange Of India","INR"
"MAXESTATES","MAX ESTATES LTD","Immobilien","Aktien","975.515,60","0,00","975.515,60","162.030,00","6,02","Indien","National Stock Exchange Of India","INR"
"4961","FITIPOWER INTEGRATED TECHNOLOGY IN","IT","Aktien","976.761,33","0,00","976.761,33","172.053,00","5,68","Taiwan","Taiwan Stock Exchange","TWD"
"BBOX","BLACK BOX LTD","IT","Aktien","976.774,05","0,00","976.774,05","122.272,00","7,99","Indien","National Stock Exchange Of India","INR"
"3633","ZHONGYU ENERGY HOLDINGS","Versorger","Aktien","977.451,20","0,00","977.451,20","2.927.000,00","0,33","China","Hong Kong Exchanges And Clearing Ltd","HKD"
"ABLBL","ADITYA BIRLA LIFESTYLE BRANDS LTD","Zyklische Konsumgüter ","Aktien","969.323,71","0,00","969.323,71","1.128.437,00","0,86","Indien","National Stock Exchange Of India","INR"
"361610","SK IE TECHNOLOGY LTD","Industrie","Aktien","972.072,52","0,00","972.072,52","83.680,00","11,62","Korea","Korea Exchange (Stock Market)","KRW"
"TCI","TRANSPORT CORPORATION OF INDIA LTD","Industrie","Aktien","972.905,89","0,00","972.905,89","112.925,00","8,62","Indien","National Stock Exchange Of India","INR"
"2533","BLACK SESAME INTERNATIONAL HOLDING","IT","Aktien","966.322,42","0,00","966.322,42","788.500,00","1,23","China","Hong Kong Exchanges And Clearing Ltd","HKD"
"4009","MIDDLE EAST HEALTHCARE","Gesundheitsversorgung","Aktien","966.827,12","0,00","966.827,12","121.712,00","7,94","Saudi-Arabien","Saudi Stock Exchange","SAR"
"ESABINDIA","ESAB INDIA LTD","Industrie","Aktien","967.304,39","0,00","967.304,39","16.517,00","58,56","Indien","National Stock Exchange Of India","INR"
"SCCC.R","SIAM CITY CEMENT NON-VOTING DR","Materialien","Aktien","968.390,77","0,00","968.390,77","212.600,00","4,55","Thailand","Stock Exchange Of Thailand","THB"
"PRAJIND","PRAJ INDUSTRIES LTD","Industrie","Aktien","960.691,94","0,00","960.691,94","290.654,00","3,31","Indien","National Stock Exchange Of India","INR"
"AGARWALEYE","DR AGARWALS HEALTH CARE","Gesundheitsversorgung","Aktien","960.918,81","0,00","960.918,81","184.321,00","5,21","Indien","National Stock Exchange Of India","INR"
"9890","TANWAN INC","Kommunikation","Aktien","961.049,50","0,00","961.049,50","823.600,00","1,17","China","Hong Kong Exchanges And Clearing Ltd","HKD"
"000728","GUOYUAN SECURITIES LTD A","Finanzwesen","Aktien","962.750,42","0,00","962.750,42","867.640,00","1,11","China","Shenzhen Stock Exchange","CNY"
"HEIM","HEINEKEN MALAYSIA","Nichtzyklische Konsumgüter","Aktien","964.038,06","0,00","964.038,06","272.900,00","3,53","Malaysia","Bursa Malaysia","MYR"
"KWIL","KWALITY WALL S (INDIA) LTD","Nichtzyklische Konsumgüter","Aktien","957.852,90","0,00","957.852,90","2.302.531,00","0,42","Indien","National Stock Exchange Of India","INR"
"009450","KYUNG DONG NAVIEN LTD","Industrie","Aktien","958.838,20","0,00","958.838,20","22.492,00","42,63","Korea","Korea Exchange (Stock Market)","KRW"
"2081","ALKHORAYEF WATER & POWER TECHNOLOG","Versorger","Aktien","959.195,17","0,00","959.195,17","38.599,00","24,85","Saudi-Arabien","Saudi Stock Exchange","SAR"
"002939","CHINA GREATWALL SECURITIES LTD A","Finanzwesen","Aktien","951.994,93","0,00","951.994,93","819.400,00","1,16","China","Shenzhen Stock Exchange","CNY"
"BEEF3","MINERVA","Nichtzyklische Konsumgüter","Aktien","947.385,70","0,00","947.385,70","1.282.340,00","0,74","Brasilien","XBSP","BRL"
"688027","QUANTUMCTEK LTD A","IT","Aktien","948.815,81","0,00","948.815,81","18.200,00","52,13","China","Shanghai Stock Exchange","CNY"
"RITES","RITES LTD","Industrie","Aktien","942.373,98","0,00","942.373,98","434.805,00","2,17","Indien","National Stock Exchange Of India","INR"
"SMU","SMU","Nichtzyklische Konsumgüter","Aktien","938.053,14","0,00","938.053,14","7.646.131,00","0,12","Chile","Santiago Stock Exchange","CLP"
"003090","DAEWOONG LTD","Gesundheitsversorgung","Aktien","938.288,03","0,00","938.288,03","81.585,00","11,50","Korea","Korea Exchange (Stock Market)","KRW"
"900925","SHANGHAI MECHANICAL & ELECTRICAL I","Industrie","Aktien","940.430,66","0,00","940.430,66","700.768,00","1,34","China","Shanghai Stock Exchange","USD"
"38","FIRST TRACTOR LTD H","Industrie","Aktien","934.822,48","0,00","934.822,48","802.000,00","1,17","China","Hong Kong Exchanges And Clearing Ltd","HKD"
"600918","ZHONGTAI SECURITIES LTD A","Finanzwesen","Aktien","935.355,70","0,00","935.355,70","1.161.400,00","0,81","China","Shanghai Stock Exchange","CNY"
"002966","BANK OF SUZHOU LTD A","Finanzwesen","Aktien","928.572,20","0,00","928.572,20","689.488,00","1,35","China","Shenzhen Stock Exchange","CNY"
"601696","BOC INTERNATIONAL (CHINA) LTD A","Finanzwesen","Aktien","931.583,00","0,00","931.583,00","559.200,00","1,67","China","Shanghai Stock Exchange","CNY"
"2836","BANK OF KAOHSIUNG LTD","Finanzwesen","Aktien","923.247,47","0,00","923.247,47","2.354.835,00","0,39","Taiwan","Taiwan Stock Exchange","TWD"
"2877","CHINA SHINEWAY PHARMACEUTICAL LTD","Gesundheitsversorgung","Aktien","924.430,20","0,00","924.430,20","873.826,00","1,06","China","Hong Kong Exchanges And Clearing Ltd","HKD"
"195940","HK INNO.N CORP","Gesundheitsversorgung","Aktien","927.034,92","0,00","927.034,92","32.758,00","28,30","Korea","Korea Exchange (Kosdaq)","KRW"
"BLUEDART","BLUE DART EXPRESS LTD","Industrie","Aktien","919.506,82","0,00","919.506,82","18.335,00","50,15","Indien","National Stock Exchange Of India","INR"
"336","HUABAO INTERNATIONAL HOLDINGS","Materialien","Aktien","919.528,02","0,00","919.528,02","1.901.000,00","0,48","China","Hong Kong Exchanges And Clearing Ltd","HKD"
"GISS","GULF INTERNATIONAL SERVICES","Energie","Aktien","921.607,83","0,00","921.607,83","1.885.154,00","0,49","Qatar","Qatar Exchange","QAR"
"107","SICHUAN EXPRESS H","Industrie","Aktien","915.873,13","0,00","915.873,13","1.508.000,00","0,61","China","Hong Kong Exchanges And Clearing Ltd","HKD"
"BLS","BLS INTERNATIONAL SERVICES","Industrie","Aktien","909.386,15","0,00","909.386,15","383.087,00","2,37","Indien","National Stock Exchange Of India","INR"
"RLO","REUNERT","Industrie","Aktien","909.727,42","0,00","909.727,42","280.656,00","3,24","Südafrika","Johannesburg Stock Exchange","ZAR"
"NSLNISP","NMDC STEEL LTD","Materialien","Aktien","910.508,32","0,00","910.508,32","2.097.788,00","0,43","Indien","National Stock Exchange Of India","INR"
"000786","BEIJING NEW BUILDING MATERIALS PUB","Industrie","Aktien","912.637,36","0,00","912.637,36","389.512,00","2,34","China","Shenzhen Stock Exchange","CNY"
"002294","SHENZHEN SALUBRIS PHARMACEUTICALS","Gesundheitsversorgung","Aktien","904.394,24","0,00","904.394,24","200.860,00","4,50","China","Shenzhen Stock Exchange","CNY"
"667","CHINA EAST EDUCATION HOLDINGS LTD","Zyklische Konsumgüter ","Aktien","907.725,94","0,00","907.725,94","1.845.000,00","0,49","China","Hong Kong Exchanges And Clearing Ltd","HKD"
"604","SHENZHEN INVESTMENT LTD","Immobilien","Aktien","908.004,23","0,00","908.004,23","11.873.139,00","0,08","China","Hong Kong Exchanges And Clearing Ltd","HKD"
"1723","CHINA STEEL CHEMICAL CORP","Materialien","Aktien","891.743,12","0,00","891.743,12","351.000,00","2,54","Taiwan","Taiwan Stock Exchange","TWD"
"WAAREERTL","WAAREE RENEWABLE TECHNOLOGIES LTD","Industrie","Aktien","886.133,68","0,00","886.133,68","104.819,00","8,45","Indien","National Stock Exchange Of India","INR"
"2204","CHINA MOTOR","Zyklische Konsumgüter ","Aktien","886.887,23","0,00","886.887,23","537.570,00","1,65","Taiwan","Taiwan Stock Exchange","TWD"
"MAHSEAMLES","MAHARASHTRA SEAMLESS LTD","Materialien","Aktien","887.939,51","0,00","887.939,51","118.282,00","7,51","Indien","National Stock Exchange Of India","INR"
"AGHOL.E","ANADOLU GRUBU HOLDING A","Industrie","Aktien","881.112,38","0,00","881.112,38","1.229.585,00","0,72","Türkei","Istanbul Stock Exchange","TRY"
"2388","VIA TECHNOLOGIES","IT","Aktien","883.205,52","0,00","883.205,52","404.000,00","2,19","Taiwan","Taiwan Stock Exchange","TWD"
"ARVINDFASN","ARVIND FASHIONS LTD","Zyklische Konsumgüter ","Aktien","883.603,35","0,00","883.603,35","199.437,00","4,43","Indien","National Stock Exchange Of India","INR"
"000066","CHINA GREATWALL TECHNOLOGY GROUP L","IT","Aktien","883.766,20","0,00","883.766,20","427.228,00","2,07","China","Shenzhen Stock Exchange","CNY"
"WESTLIFE","WESTLIFE FOODWORLD LTD","Zyklische Konsumgüter ","Aktien","884.294,56","0,00","884.294,56","154.516,00","5,72","Indien","National Stock Exchange Of India","INR"
"TIPSMUSIC","TIPS MUSIC LTD","Kommunikation","Aktien","884.639,96","0,00","884.639,96","129.257,00","6,84","Indien","National Stock Exchange Of India","INR"
"1302","BAWAN CO","Industrie","Aktien","876.355,68","0,00","876.355,68","91.547,00","9,57","Saudi-Arabien","Saudi Stock Exchange","SAR"
"323","MAANSHAN IRON AND STEEL LTD H","Materialien","Aktien","878.688,19","0,00","878.688,19","3.962.000,00","0,22","China","Hong Kong Exchanges And Clearing Ltd","HKD"
"1313","CHINA RES BUILD MATERIAL TECH HOLD","Materialien","Aktien","880.645,92","0,00","880.645,92","7.350.255,00","0,12","China","Hong Kong Exchanges And Clearing Ltd","HKD"
"APX","APEX MINING CLASS A INC","Materialien","Aktien","872.590,93","0,00","872.590,93","2.988.100,00","0,29","Philippinen","Philippine Stock Exchange Inc.","PHP"
"542323","KPI GREEN ENERGY LTD","Versorger","Aktien","874.773,07","0,00","874.773,07","301.071,00","2,91","Indien","Bse Ltd","INR"
"CAPLIPOINT","CAPLIN POINT LABORATORIES LTD","Gesundheitsversorgung","Aktien","875.164,15","0,00","875.164,15","32.335,00","27,07","Indien","National Stock Exchange Of India","INR"
"1896","MAOYAN ENTERTAINMENT","Kommunikation","Aktien","875.560,72","0,00","875.560,72","1.723.800,00","0,51","China","Hong Kong Exchanges And Clearing Ltd","HKD"
"600096","YUNNAN YUNTIANHUA LTD A","Materialien","Aktien","868.467,14","0,00","868.467,14","205.835,00","4,22","China","Shanghai Stock Exchange","CNY"
"600023","ZHEJIANG ZHENENG ELECTRIC POWER LT","Versorger","Aktien","864.011,04","0,00","864.011,04","1.144.900,00","0,75","China","Shanghai Stock Exchange","CNY"
"181710","NHN CORP","Kommunikation","Aktien","864.904,86","0,00","864.904,86","21.113,00","40,97","Korea","Korea Exchange (Stock Market)","KRW"
"6757","TIGERAIR TAIWAN LTD","Industrie","Aktien","865.923,31","0,00","865.923,31","517.000,00","1,67","Taiwan","Taiwan Stock Exchange","TWD"
"6127","JOINN LABORATORIES (CHINA) CLASS H","Gesundheitsversorgung","Aktien","858.542,76","0,00","858.542,76","292.100,00","2,94","China","Hong Kong Exchanges And Clearing Ltd","HKD"
"1448","FU SHOU YUAN INTERNATIONAL GROUP L","Zyklische Konsumgüter ","Aktien","859.637,92","0,00","859.637,92","3.382.000,00","0,25","China","Hong Kong Exchanges And Clearing Ltd","HKD"
"2858","YIXIN GROUP LTD","Finanzwesen","Aktien","859.729,91","0,00","859.729,91","6.245.500,00","0,14","China","Hong Kong Exchanges And Clearing Ltd","HKD"
"HAPPYFORGE","HAPPY FORGINGS LTD","Industrie","Aktien","861.122,40","0,00","861.122,40","38.547,00","22,34","Indien","National Stock Exchange Of India","INR"
"DOAS.E","DOGUS OTOMOTIV SERVIS VE TICARET A","Zyklische Konsumgüter ","Aktien","853.511,37","0,00","853.511,37","264.783,00","3,22","Türkei","Istanbul Stock Exchange","TRY"
"012630","HDC HOLDINGS LTD","Industrie","Aktien","850.310,39","0,00","850.310,39","43.593,00","19,51","Korea","Korea Exchange (Stock Market)","KRW"
"LTG","LT GROUP","Industrie","Aktien","852.133,58","0,00","852.133,58","3.545.000,00","0,24","Philippinen","Philippine Stock Exchange Inc.","PHP"
"CERA","CERA SANITARYWARE LTD","Industrie","Aktien","852.810,97","0,00","852.810,97","14.631,00","58,29","Indien","National Stock Exchange Of India","INR"
"301269","EMPYREAN TECHNOLOGY LTD A","IT","Aktien","847.404,62","0,00","847.404,62","66.400,00","12,76","China","Shenzhen Stock Exchange","CNY"
"SGP","SYNERGY GRID AND DEVELOPMENT PHILS","Versorger","Aktien","848.027,66","0,00","848.027,66","2.298.100,00","0,37","Philippinen","Philippine Stock Exchange Inc.","PHP"
"INDIACEM","INDIA CEMENTS LTD","Materialien","Aktien","841.077,60","0,00","841.077,60","229.431,00","3,67","Indien","National Stock Exchange Of India","INR"
"1405","DPC DASH LTD","Zyklische Konsumgüter ","Aktien","841.498,16","0,00","841.498,16","223.800,00","3,76","China","Hong Kong Exchanges And Clearing Ltd","HKD"
"EMMVEE","EMMVEE PHOTOVOLTAIC POWER LTD","IT","Aktien","842.352,44","0,00","842.352,44","248.274,00","3,39","Indien","National Stock Exchange Of India","INR"
"600839","SICHUAN CHANGHONG ELECTRIC LTD A","Zyklische Konsumgüter ","Aktien","837.105,44","0,00","837.105,44","845.300,00","0,99","China","Shanghai Stock Exchange","CNY"
"JKPAPER","JK PAPER LTD","Materialien","Aktien","837.520,55","0,00","837.520,55","192.201,00","4,36","Indien","National Stock Exchange Of India","INR"
"6491","PEGAVISION CORPORATION","Gesundheitsversorgung","Aktien","832.965,64","0,00","832.965,64","66.227,00","12,58","Taiwan","Taiwan Stock Exchange","TWD"
"688188","SHANGHAI FRIENDESS ELECTRONICS TEC","IT","Aktien","834.594,64","0,00","834.594,64","59.054,00","14,13","China","Shanghai Stock Exchange","CNY"
"EUR","EUR CASH","Cash und/oder Derivate","Geldmarkt","827.517,11","0,00","827.517,11","720.457,00","114,86","Europäische Union","-","EUR"
"BIRLACORPN","BIRLA LTD","Materialien","Aktien","825.722,16","0,00","825.722,16","97.661,00","8,45","Indien","National Stock Exchange Of India","INR"
"1231","LIAN HWA FOODS","Nichtzyklische Konsumgüter","Aktien","828.725,01","0,00","828.725,01","332.350,00","2,49","Taiwan","Taiwan Stock Exchange","TWD"
"688122","WESTERN SUPERCONDUCTING TECHNOLOGI","Materialien","Aktien","828.955,06","0,00","828.955,06","112.422,00","7,37","China","Shanghai Stock Exchange","CNY"
"THYROCARE","THYROCARE TECHNOLOGIES","Gesundheitsversorgung","Aktien","829.680,71","0,00","829.680,71","142.329,00","5,83","Indien","National Stock Exchange Of India","INR"
"IAM","INVERSIONES AGUAS METROPOLITANAS S","Versorger","Aktien","816.431,43","0,00","816.431,43","818.294,00","1,00","Chile","Santiago Stock Exchange","CLP"
"BIKAJI","BIKAJI FOODS INTERNATIONAL LTD","Nichtzyklische Konsumgüter","Aktien","817.849,99","0,00","817.849,99","141.975,00","5,76","Indien","National Stock Exchange Of India","INR"
"6110","TOPSPORTS INTERNATIONAL HOLDINGS","Zyklische Konsumgüter ","Aktien","818.306,32","0,00","818.306,32","6.653.000,00","0,12","China","Hong Kong Exchanges And Clearing Ltd","HKD"
"6146","SPORTON INTERNATIONAL INC","Industrie","Aktien","820.654,34","0,00","820.654,34","148.662,00","5,52","Taiwan","Gretai Securities Market","TWD"
"2320","AL BABTAIN POWER AND TELECOMMUNICA","Industrie","Aktien","813.420,47","0,00","813.420,47","52.683,00","15,44","Saudi-Arabien","Saudi Stock Exchange","SAR"
"TTKPRESTIG","TTK PRESTIGE LTD","Zyklische Konsumgüter ","Aktien","814.758,30","0,00","814.758,30","143.793,00","5,67","Indien","National Stock Exchange Of India","INR"
"CBAV3","COMPANHIA BRASILEIRA DE ALUMINIO","Materialien","Aktien","809.267,62","0,00","809.267,62","372.628,00","2,17","Brasilien","XBSP","BRL"
"AVL","ADITYA VISION LTD","Zyklische Konsumgüter ","Aktien","809.972,54","0,00","809.972,54","122.711,00","6,60","Indien","National Stock Exchange Of India","INR"
"SIMH3","SIMPAR","Industrie","Aktien","811.242,73","0,00","811.242,73","564.591,00","1,44","Brasilien","XBSP","BRL"
"NUHCM.E","NUH CIMENTO SANAYI A","Materialien","Aktien","802.354,69","0,00","802.354,69","186.062,00","4,31","Türkei","Istanbul Stock Exchange","TRY"
"GENUSPOWER","GENUS POWER INFRASTRUCTURES LTD","IT","Aktien","803.832,93","0,00","803.832,93","254.388,00","3,16","Indien","National Stock Exchange Of India","INR"
"ETHOSLTD","ETHOS LTD","Zyklische Konsumgüter ","Aktien","804.660,53","0,00","804.660,53","29.120,00","27,63","Indien","National Stock Exchange Of India","INR"
"AFFIN","AFFIN BANK","Finanzwesen","Aktien","799.376,76","0,00","799.376,76","1.614.111,00","0,50","Malaysia","Bursa Malaysia","MYR"
"5534","CHONG HONG CONSTRUCTION LTD","Immobilien","Aktien","799.928,64","0,00","799.928,64","342.792,00","2,33","Taiwan","Taiwan Stock Exchange","TWD"
"INTB3","INTELBRAS TELECOMUNICACOES SA","IT","Aktien","793.030,15","0,00","793.030,15","277.644,00","2,86","Brasilien","XBSP","BRL"
"MEG","MEGAWORLD CORP","Immobilien","Aktien","797.109,43","0,00","797.109,43","22.730.300,00","0,04","Philippinen","Philippine Stock Exchange Inc.","PHP"
"SAREGAMA","SAREGAMA INDIA","Kommunikation","Aktien","789.047,10","0,00","789.047,10","154.725,00","5,10","Indien","National Stock Exchange Of India","INR"
"ORVR3","ORIZON VALORIZACAO DE RESIDUOS SA","Industrie","Aktien","790.904,72","0,00","790.904,72","241.060,00","3,28","Brasilien","XBSP","BRL"
"AKSEN.E","AKSA ENERJI URETIM A","Versorger","Aktien","783.864,97","0,00","783.864,97","556.999,00","1,41","Türkei","Istanbul Stock Exchange","TRY"
"HCI","HOSKEN CONSOLIDATED LTD","Industrie","Aktien","786.627,30","0,00","786.627,30","80.980,00","9,71","Südafrika","Johannesburg Stock Exchange","ZAR"
"3617","CYBERPOWER SYSTEMS INC","Industrie","Aktien","786.654,12","0,00","786.654,12","103.000,00","7,64","Taiwan","Taiwan Stock Exchange","TWD"
"6017","JAHEZ INTERNATIONAL","Zyklische Konsumgüter ","Aktien","786.954,08","0,00","786.954,08","248.211,00","3,17","Saudi-Arabien","Saudi Stock Exchange","SAR"
"811","XINHUA WINSHARE PUBLISHING AND MED","Kommunikation","Aktien","787.187,80","0,00","787.187,80","772.000,00","1,02","China","Hong Kong Exchanges And Clearing Ltd","HKD"
"DYNAMATECH","DYNAMATIC TECHNOLOGIES LTD","Zyklische Konsumgüter ","Aktien","787.707,48","0,00","787.707,48","6.394,00","123,19","Indien","National Stock Exchange Of India","INR"
"SHAKTIPUMP","SHAKTI PUMPS INDIA LTD","Industrie","Aktien","779.775,08","0,00","779.775,08","161.193,00","4,84","Indien","National Stock Exchange Of India","INR"
"LU","LUFAX HLDG AMERICAN DEPOSITARY SHA","Finanzwesen","Aktien","781.857,38","0,00","781.857,38","662.591,00","1,18","China","New York Stock Exchange Inc.","USD"
"ASAHIINDIA","ASAHI INDIA GLASS LTD","Zyklische Konsumgüter ","Aktien","774.998,25","0,00","774.998,25","78.207,00","9,91","Indien","National Stock Exchange Of India","INR"
"2211","EVERGREEN STEEL CORP","Materialien","Aktien","775.143,10","0,00","775.143,10","307.000,00","2,52","Taiwan","Taiwan Stock Exchange","TWD"
"330590","LOTTE REIT LTD","Immobilien","Aktien","775.195,20","0,00","775.195,20","268.770,00","2,88","Korea","Korea Exchange (Stock Market)","KRW"
"300782","MAXSCEND MICROELECTRONICS LTD A","IT","Aktien","775.209,19","0,00","775.209,19","72.544,00","10,69","China","Shenzhen Stock Exchange","CNY"
"688099","AMLOGIC (SHANGHAI) LTD A","IT","Aktien","775.544,80","0,00","775.544,80","60.876,00","12,74","China","Shanghai Stock Exchange","CNY"
"ASHAPURMIN","ASHAPURA MINECHEM LTD","Materialien","Aktien","776.285,35","0,00","776.285,35","143.885,00","5,40","Indien","National Stock Exchange Of India","INR"
"CNVRG","CONVERGE INFORMATION & COMMUNICATI","Kommunikation","Aktien","776.905,65","0,00","776.905,65","5.379.600,00","0,14","Philippinen","Philippine Stock Exchange Inc.","PHP"
"300251","BEIJING ENLIGHT MEDIA LTD A","Kommunikation","Aktien","777.850,11","0,00","777.850,11","476.300,00","1,63","China","Shenzhen Stock Exchange","CNY"
"SANDUMA","SANDUR MANGANESE AND IRON ORES LTD","Materialien","Aktien","778.293,65","0,00","778.293,65","409.070,00","1,90","Indien","National Stock Exchange Of India","INR"
"9985","WEILONG DELICIOUS GLOBAL HOLDINGS","Nichtzyklische Konsumgüter","Aktien","779.126,27","0,00","779.126,27","880.800,00","0,88","China","Hong Kong Exchanges And Clearing Ltd","HKD"
"579","BEIJING JINGNENG CLEAN ENERGY LTD","Versorger","Aktien","773.983,04","0,00","773.983,04","3.760.000,00","0,21","China","Hong Kong Exchanges And Clearing Ltd","HKD"
"NINV","NATIONAL INVESTMENTS","Finanzwesen","Aktien","766.105,69","0,00","766.105,69","806.372,00","0,95","Kuwait","Kuwait Stock Exchange","KWD"
"000596","ANHUI GUJING DISTILLERY LTD A","Nichtzyklische Konsumgüter","Aktien","768.336,32","0,00","768.336,32","55.694,00","13,80","China","Shenzhen Stock Exchange","CNY"
"JYOTHYLAB","JYOTHY LABS LTD","Nichtzyklische Konsumgüter","Aktien","769.197,53","0,00","769.197,53","380.700,00","2,02","Indien","National Stock Exchange Of India","INR"
"GASMSIA","GAS MALAYSIA SDN","Versorger","Aktien","761.216,88","0,00","761.216,88","622.800,00","1,22","Malaysia","Bursa Malaysia","MYR"
"HAPPSTMNDS","HAPPIEST MINDS TECHNOLOGIES PVT","IT","Aktien","762.173,75","0,00","762.173,75","222.998,00","3,42","Indien","National Stock Exchange Of India","INR"
"DODLA","DODLA DAIRY","Nichtzyklische Konsumgüter","Aktien","764.639,41","0,00","764.639,41","69.891,00","10,94","Indien","National Stock Exchange Of India","INR"
"4161","BINDAWOOD HOLDING","Nichtzyklische Konsumgüter","Aktien","756.726,63","0,00","756.726,63","617.966,00","1,22","Saudi-Arabien","Saudi Stock Exchange","SAR"
"HNDFDS","HINDUSTAN FOODS LTD","Nichtzyklische Konsumgüter","Aktien","747.155,20","0,00","747.155,20","115.548,00","6,47","Indien","National Stock Exchange Of India","INR"
"THELEELA","LEELA PALACES HOTELS & RESORTS","Zyklische Konsumgüter ","Aktien","747.510,62","0,00","747.510,62","135.310,00","5,52","Indien","National Stock Exchange Of India","INR"
"MANORAMA","MANORAMA INDUSTRIES LTD","Nichtzyklische Konsumgüter","Aktien","743.300,61","0,00","743.300,61","36.775,00","20,21","Indien","National Stock Exchange Of India","INR"
"RHIM","RHI MAGNESITA INDIA LTD","Materialien","Aktien","738.170,98","0,00","738.170,98","193.519,00","3,81","Indien","National Stock Exchange Of India","INR"
"934","SINOPEC KANTONS HOLDINGS LTD","Energie","Aktien","740.708,55","0,00","740.708,55","1.558.000,00","0,48","China","Hong Kong Exchanges And Clearing Ltd","HKD"
"020560","ASIANA AIRLINES","Industrie","Aktien","735.245,77","0,00","735.245,77","129.573,00","5,67","Korea","Korea Exchange (Stock Market)","KRW"
"VAMO3","VAMOS LOCACAO DE CAMINHOES MAQUINA","Industrie","Aktien","736.620,64","0,00","736.620,64","1.133.967,00","0,65","Brasilien","XBSP","BRL"
"4163","AL DAWAA MEDICAL SERVICES","Nichtzyklische Konsumgüter","Aktien","729.319,99","0,00","729.319,99","73.529,00","9,92","Saudi-Arabien","Saudi Stock Exchange","SAR"
"ICIL","INDO COUNT INDUSTRIES LTD","Zyklische Konsumgüter ","Aktien","729.610,88","0,00","729.610,88","160.728,00","4,54","Indien","National Stock Exchange Of India","INR"
"839","CHINA EDUCATION GROUP HOLDINGS","Zyklische Konsumgüter ","Aktien","730.664,76","0,00","730.664,76","3.124.000,00","0,23","China","Hong Kong Exchanges And Clearing Ltd","HKD"
"KRBL","KRBL LTD","Nichtzyklische Konsumgüter","Aktien","720.603,75","0,00","720.603,75","174.843,00","4,12","Indien","National Stock Exchange Of India","INR"
"JLHL","JUPITER LIFE LINE HOSPITALS LTD","Gesundheitsversorgung","Aktien","723.187,90","0,00","723.187,90","249.796,00","2,90","Indien","National Stock Exchange Of India","INR"
"900908","SHANGHAI CHLOR ALKALI CHEMICAL CLA","Materialien","Aktien","714.509,78","0,00","714.509,78","1.184.925,00","0,60","China","Shanghai Stock Exchange","USD"
"4071","ARABIAN CONTRACTING SERVICES","Kommunikation","Aktien","715.582,14","0,00","715.582,14","49.918,00","14,34","Saudi-Arabien","Saudi Stock Exchange","SAR"
"SCC","SEMIRARA MINING AND POWER CORP","Energie","Aktien","717.466,25","0,00","717.466,25","2.244.900,00","0,32","Philippinen","Philippine Stock Exchange Inc.","PHP"
"HEXTAR","HEXTAR GLOBAL","Materialien","Aktien","710.253,27","0,00","710.253,27","3.732.472,00","0,19","Malaysia","Bursa Malaysia","MYR"
"GSFC","GUJARAT STATE FERTILIZERS AND CHEM","Materialien","Aktien","712.389,49","0,00","712.389,49","448.840,00","1,59","Indien","National Stock Exchange Of India","INR"
"601555","SOOCHOW SECURITIES CO LTD A","Finanzwesen","Aktien","714.018,79","0,00","714.018,79","578.200,00","1,23","China","Shanghai Stock Exchange","CNY"
"819","TIANNENG POWER INTERNATIONAL","Zyklische Konsumgüter ","Aktien","705.956,80","0,00","705.956,80","1.422.000,00","0,50","China","Hong Kong Exchanges And Clearing Ltd","HKD"
"001800","ORION HOLDINGS","Nichtzyklische Konsumgüter","Aktien","707.745,30","0,00","707.745,30","40.241,00","17,59","Korea","Korea Exchange (Stock Market)","KRW"
"ULKER.E","ULKER BISKUVI SANAYI A","Nichtzyklische Konsumgüter","Aktien","708.218,24","0,00","708.218,24","384.736,00","1,84","Türkei","Istanbul Stock Exchange","TRY"
"GENIL.E","GEN ILAC VE SAGLIK URUNLERI SANAYI","Gesundheitsversorgung","Aktien","701.141,78","0,00","701.141,78","3.791.989,00","0,18","Türkei","Istanbul Stock Exchange","TRY"
"TTRAK.E","TURK TRAKTOR VE ZIRAAT MAKINELERI","Industrie","Aktien","691.407,35","0,00","691.407,35","80.320,00","8,61","Türkei","Istanbul Stock Exchange","TRY"
"1736","JOHNSON HEALTH TECH LTD","Zyklische Konsumgüter ","Aktien","691.884,26","0,00","691.884,26","171.000,00","4,05","Taiwan","Taiwan Stock Exchange","TWD"
"MALAKOF","MALAKOFF CORPORATION CORP","Versorger","Aktien","691.910,47","0,00","691.910,47","3.683.300,00","0,19","Malaysia","Bursa Malaysia","MYR"
"9911","TAIWAN SAKURA CORP","Zyklische Konsumgüter ","Aktien","692.746,80","0,00","692.746,80","271.000,00","2,56","Taiwan","Taiwan Stock Exchange","TWD"
"001430","SEAH BESTEEL HDS CORP","Materialien","Aktien","693.304,53","0,00","693.304,53","21.076,00","32,90","Korea","Korea Exchange (Stock Market)","KRW"
"600061","SDIC CAPITAL LTD A","Finanzwesen","Aktien","687.039,22","0,00","687.039,22","744.200,00","0,92","China","Shanghai Stock Exchange","CNY"
"2540","JSL CONSTRUCTION & DEVELOPMENT CO","Immobilien","Aktien","687.750,74","0,00","687.750,74","440.748,00","1,56","Taiwan","Taiwan Stock Exchange","TWD"
"SWANCORP","SWAN CORP LTD","Zyklische Konsumgüter ","Aktien","684.449,07","0,00","684.449,07","226.585,00","3,02","Indien","National Stock Exchange Of India","INR"
"BBTC","THE BOMBAY BURMAH TRADING CORPORAT","Nichtzyklische Konsumgüter","Aktien","685.306,69","0,00","685.306,69","46.982,00","14,59","Indien","National Stock Exchange Of India","INR"
"CYD","CHINA YUCHAI INTERNATIONAL LTD","Industrie","Aktien","668.825,00","0,00","668.825,00","19.375,00","34,52","China","New York Stock Exchange Inc.","USD"
"MIDHANI","MISHRA DHATU NIGAM LTD","Materialien","Aktien","670.040,96","0,00","670.040,96","157.612,00","4,25","Indien","National Stock Exchange Of India","INR"
"BTCIM.E","BATICIM BATI ANADOLU SANAYI VE TIC","Materialien","Aktien","672.087,90","0,00","672.087,90","10.518.878,00","0,06","Türkei","Istanbul Stock Exchange","TRY"
"ABDL","ALLIED BLENDERS AND DISTILLERS LTD","Nichtzyklische Konsumgüter","Aktien","666.092,22","0,00","666.092,22","97.846,00","6,81","Indien","National Stock Exchange Of India","INR"
"GALAXYSURF","GALAXY SURFACTANTS LTD","Materialien","Aktien","666.295,81","0,00","666.295,81","28.322,00","23,53","Indien","National Stock Exchange Of India","INR"
"1375","CENTRAL CHINA SECURITIES LTD H","Finanzwesen","Aktien","667.758,57","0,00","667.758,57","3.224.000,00","0,21","China","Hong Kong Exchanges And Clearing Ltd","HKD"
"KWD","KWD CASH","Cash und/oder Derivate","Geldmarkt","659.082,91","0,00","659.082,91","203.261,00","324,25","Kuwait","-","KWD"
"JPG","JOHOR PLANTATIONS GROUP","Nichtzyklische Konsumgüter","Aktien","659.436,94","0,00","659.436,94","1.415.200,00","0,47","Malaysia","Bursa Malaysia","MYR"
"DQ","DAQO NEW ENERGY ADR REPRESENTING","IT","Aktien","659.561,98","0,00","659.561,98","55.286,00","11,93","China","New York Stock Exchange Inc.","USD"
"1789","AK MEDICAL HOLDINGS LTD","Gesundheitsversorgung","Aktien","660.990,52","0,00","660.990,52","1.071.467,00","0,62","China","Hong Kong Exchanges And Clearing Ltd","HKD"
"TTML","TATA TELESERVICES MAHARASHTRA LTD","Kommunikation","Aktien","662.266,73","0,00","662.266,73","1.734.067,00","0,38","Indien","National Stock Exchange Of India","INR"
"3868","XINYI ENERGY HOLDINGS LTD","Versorger","Aktien","655.509,74","0,00","655.509,74","6.636.000,00","0,10","China","Hong Kong Exchanges And Clearing Ltd","HKD"
"CMRY","CISARUA MOUNTAIN DAIRY","Nichtzyklische Konsumgüter","Aktien","658.027,34","0,00","658.027,34","2.611.500,00","0,25","Indonesien","Indonesia Stock Exchange","IDR"
"ODINE.E","ODINE SOLUTIONS TEKNOLOJI TICARET","IT","Aktien","658.137,89","0,00","658.137,89","62.385,00","10,55","Türkei","Istanbul Stock Exchange","TRY"
"2013","WEIMOB INC","IT","Aktien","650.653,55","0,00","650.653,55","6.381.000,00","0,10","China","Hong Kong Exchanges And Clearing Ltd","HKD"
"WIFI","SOLUSI SINERGI DIGITAL","Kommunikation","Aktien","653.902,48","0,00","653.902,48","5.979.500,00","0,11","Indonesien","Indonesia Stock Exchange","IDR"
"525","GUANGSHEN RAILWAY LTD H","Industrie","Aktien","646.615,64","0,00","646.615,64","2.168.000,00","0,30","China","Hong Kong Exchanges And Clearing Ltd","HKD"
"SAM","SAM ENGINEERING & EQUIPMENT M","Industrie","Aktien","646.887,53","0,00","646.887,53","649.900,00","1,00","Malaysia","Bursa Malaysia","MYR"
"BORORENEW","BOROSIL RENEWABLES LTD","IT","Aktien","641.494,99","0,00","641.494,99","136.961,00","4,68","Indien","National Stock Exchange Of India","INR"
"855","CHINA WATER AFFAIRS GROUP LTD","Versorger","Aktien","643.613,98","0,00","643.613,98","1.198.000,00","0,54","China","Hong Kong Exchanges And Clearing Ltd","HKD"
"0126Z0","SAMSUNG EPIS HOLDINGS LTD","Gesundheitsversorgung","Aktien","643.990,88","0,00","643.990,88","2.676,00","240,65","Korea","Korea Exchange (Stock Market)","KRW"
"CAD","CAD CASH","Cash und/oder Derivate","Geldmarkt","636.255,70","0,00","636.255,70","889.899,00","71,50","Kanada","-","CAD"
"ASKAUTOLTD","ASK AUTOMOTIVE LTD","Zyklische Konsumgüter ","Aktien","637.662,95","0,00","637.662,95","98.846,00","6,45","Indien","National Stock Exchange Of India","INR"
"PCJEWELLER","PC JEWELLER LTD","Zyklische Konsumgüter ","Aktien","637.673,87","0,00","637.673,87","4.953.590,00","0,13","Indien","National Stock Exchange Of India","INR"
"HEKTS.E","HEKTAS TICARET A","Materialien","Aktien","633.198,39","0,00","633.198,39","12.683.446,00","0,05","Türkei","Istanbul Stock Exchange","TRY"
"6890","LAI YIH FOOTWEAR LTD","Zyklische Konsumgüter ","Aktien","629.185,29","0,00","629.185,29","136.000,00","4,63","Taiwan","Taiwan Stock Exchange","TWD"
"INDIASHLTR","INDIA SHELTER FINANCE LTD","Finanzwesen","Aktien","629.986,25","0,00","629.986,25","90.181,00","6,99","Indien","National Stock Exchange Of India","INR"
"INOXGREEN","INOX GREEN ENERGY SERVICES LTD","Industrie","Aktien","630.487,94","0,00","630.487,94","346.355,00","1,82","Indien","National Stock Exchange Of India","INR"
"ALEFEDT","ALEF EDUCATION HOLDING PLC","Zyklische Konsumgüter ","Aktien","620.280,62","0,00","620.280,62","2.339.012,00","0,27","Ver. Arabische Emirate","Abu Dhabi Securities Exchange","AED"
"RELAXO","RELAXO FOOTWEARS LTD","Zyklische Konsumgüter ","Aktien","613.807,29","0,00","613.807,29","187.718,00","3,27","Indien","National Stock Exchange Of India","INR"
"TEGA","TEGA INDUSTRIES LTD","Industrie","Aktien","614.319,95","0,00","614.319,95","30.696,00","20,01","Indien","National Stock Exchange Of India","INR"
"7489","VOYAH AUTOMOTIVE TECHNOLOGY LTD CL","Zyklische Konsumgüter ","Aktien","615.707,96","0,00","615.707,96","2.562.668,00","0,24","China","Hong Kong Exchanges And Clearing Ltd","HKD"
"BRKM5","BRASKEM PREF CLASS A","Materialien","Aktien","612.482,55","0,00","612.482,55","698.806,00","0,88","Brasilien","XBSP","BRL"
"2145","SHANGHAI CHICMAX COSMETIC CLS H H","Nichtzyklische Konsumgüter","Aktien","607.865,51","0,00","607.865,51","227.100,00","2,68","China","Hong Kong Exchanges And Clearing Ltd","HKD"
"6412","CHICONY POWER TECHNOLOGY LTD","Industrie","Aktien","598.823,81","0,00","598.823,81","258.000,00","2,32","Taiwan","Taiwan Stock Exchange","TWD"
"3515","ASROCK","IT","Aktien","595.624,56","0,00","595.624,56","90.000,00","6,62","Taiwan","Taiwan Stock Exchange","TWD"
"2190","ZYLOX-TONBRIDGE MEDICAL TECH H","Gesundheitsversorgung","Aktien","597.181,88","0,00","597.181,88","227.000,00","2,63","China","Hong Kong Exchanges And Clearing Ltd","HKD"
"005440","HYUNDAI G F HOLDINGS LTD","Industrie","Aktien","597.531,66","0,00","597.531,66","63.166,00","9,46","Korea","Korea Exchange (Stock Market)","KRW"
"NESCO","NESCO LTD","Immobilien","Aktien","592.360,45","0,00","592.360,45","52.547,00","11,27","Indien","National Stock Exchange Of India","INR"
"ABFRL","ADITYA BIRLA FASHION AND RETAIL","Zyklische Konsumgüter ","Aktien","593.403,48","0,00","593.403,48","1.128.437,00","0,53","Indien","National Stock Exchange Of India","INR"
"060370","LS MARINE SOLUTION LTD","Industrie","Aktien","586.276,08","0,00","586.276,08","25.353,00","23,12","Korea","Korea Exchange (Kosdaq)","KRW"
"PLUS","DIGIPLUS INTERACTIVE CORP","Zyklische Konsumgüter ","Aktien","581.385,26","0,00","581.385,26","4.025.740,00","0,14","Philippinen","Philippine Stock Exchange Inc.","PHP"
"2595","GENFLEET THERAPEUTICS (SHANGHAI) I","Gesundheitsversorgung","Aktien","582.488,39","0,00","582.488,39","182.800,00","3,19","China","Hong Kong Exchanges And Clearing Ltd","HKD"
"RAJA","RUKUN RAHARJA","Energie","Aktien","582.702,37","0,00","582.702,37","13.601.500,00","0,04","Indonesien","Indonesia Stock Exchange","IDR"
"KOVAI","KOVAI MEDICAL CENTER AND HOSPITAL","Gesundheitsversorgung","Aktien","576.877,24","0,00","576.877,24","9.055,00","63,71","Indien","National Stock Exchange Of India","INR"
"SUPRAJIT","SUPRAJIT ENGINEERING LTD","Zyklische Konsumgüter ","Aktien","577.581,99","0,00","577.581,99","114.310,00","5,05","Indien","National Stock Exchange Of India","INR"
"688375","GUOBO ELECTRONICS LTD A","IT","Aktien","575.069,35","0,00","575.069,35","55.400,00","10,38","China","Shanghai Stock Exchange","CNY"
"EPL","EPL","Materialien","Aktien","567.711,79","0,00","567.711,79","235.371,00","2,41","Indien","National Stock Exchange Of India","INR"
"-","GSPL TRANSMISSION LIMITED","Versorger","Aktien","568.825,02","0,00","568.825,02","363.811,00","1,56","Indien","National Stock Exchange Of India","INR"
"EMTK","ELANG MAHKOTA TEKNOLOGI","Kommunikation","Aktien","569.974,08","0,00","569.974,08","20.468.300,00","0,03","Indonesien","Indonesia Stock Exchange","IDR"
"OTKAR.E","OTOKAR OTOMOTIV SAVUNMA SANAYI","Industrie","Aktien","563.553,60","0,00","563.553,60","89.497,00","6,30","Türkei","Istanbul Stock Exchange","TRY"
"BIMB","BANK ISLAM MALAYSIA","Finanzwesen","Aktien","565.151,50","0,00","565.151,50","1.108.400,00","0,51","Malaysia","Bursa Malaysia","MYR"
"SAR","SAR CASH(COMMITTED)","Cash und/oder Derivate","Geldmarkt","552.057,93","0,00","552.057,93","2.073.806,00","26,62","Saudi-Arabien","-","SAR"
"200581","WEIFU HIGH-TECHNOLOGY LTD B","Zyklische Konsumgüter ","Aktien","550.132,23","0,00","550.132,23","326.486,00","1,69","China","Shenzhen Stock Exchange","HKD"
"CCAVENUE","AVENUESAI LTD","Finanzwesen","Aktien","550.445,89","0,00","550.445,89","3.235.809,00","0,17","Indien","National Stock Exchange Of India","INR"
"601108","CAITONG SECURITIES LTD A","Finanzwesen","Aktien","552.542,58","0,00","552.542,58","442.100,00","1,25","China","Shanghai Stock Exchange","CNY"
"688617","APT MEDICAL INC A","Gesundheitsversorgung","Aktien","543.462,04","0,00","543.462,04","14.950,00","36,35","China","Shanghai Stock Exchange","CNY"
"6803","ECOVE ENVIRONMENT CORP","Industrie","Aktien","545.361,88","0,00","545.361,88","65.000,00","8,39","Taiwan","Gretai Securities Market","TWD"
"1672","ASCLETIS PHARMA","Gesundheitsversorgung","Aktien","546.069,48","0,00","546.069,48","526.000,00","1,04","China","Hong Kong Exchanges And Clearing Ltd","HKD"
"2543","HWANG CHANG GENERAL CONTRACTOR LTD","Industrie","Aktien","546.519,88","0,00","546.519,88","446.780,00","1,22","Taiwan","Taiwan Stock Exchange","TWD"
"JSWCEMENT","JSW CEMENT LTD","Materialien","Aktien","537.692,32","0,00","537.692,32","442.257,00","1,22","Indien","National Stock Exchange Of India","INR"
"2707","FORMOSA INTERNATIONAL HOTELS CORP","Zyklische Konsumgüter ","Aktien","538.508,59","0,00","538.508,59","97.000,00","5,55","Taiwan","Taiwan Stock Exchange","TWD"
"GODREJAGRO","GODREJ AGROVET LTD","Nichtzyklische Konsumgüter","Aktien","530.414,92","0,00","530.414,92","77.856,00","6,81","Indien","National Stock Exchange Of India","INR"
"173","K WAH INTERNATIONAL HOLDINGS LTD","Immobilien","Aktien","531.701,64","0,00","531.701,64","2.091.000,00","0,25","China","Hong Kong Exchanges And Clearing Ltd","HKD"
"8131","FORMOSA ADVANCED TECHNOLOGIES LTD","IT","Aktien","532.006,59","0,00","532.006,59","287.000,00","1,85","Taiwan","Taiwan Stock Exchange","TWD"
"300347","HANGZHOU TIGERMED CONSULTING LTD A","Gesundheitsversorgung","Aktien","533.963,91","0,00","533.963,91","62.800,00","8,50","China","Shenzhen Stock Exchange","CNY"
"HCG","HEALTHCARE GLOBAL ENTERPRISES","Gesundheitsversorgung","Aktien","528.447,45","0,00","528.447,45","73.780,00","7,16","Indien","National Stock Exchange Of India","INR"
"4019","SPECIALIZED MEDICAL","Gesundheitsversorgung","Aktien","523.329,21","0,00","523.329,21","121.501,00","4,31","Saudi-Arabien","Saudi Stock Exchange","SAR"
"4192","AL-SAIF STORES DEVELOPMENT AND INV","Zyklische Konsumgüter ","Aktien","511.050,04","0,00","511.050,04","308.643,00","1,66","Saudi-Arabien","Saudi Stock Exchange","SAR"
"HLIND","HONG LEONG INDUSTRIES","Zyklische Konsumgüter ","Aktien","511.658,94","0,00","511.658,94","124.100,00","4,12","Malaysia","Bursa Malaysia","MYR"
"SPINNEYS","SPINNEYS HOLDING PLC","Nichtzyklische Konsumgüter","Aktien","511.765,05","0,00","511.765,05","1.503.709,00","0,34","Ver. Arabische Emirate","Dubai Financial Market","AED"
"603486","ECOVACS ROBOTICS LTD A","Zyklische Konsumgüter ","Aktien","512.276,81","0,00","512.276,81","69.700,00","7,35","China","Shanghai Stock Exchange","CNY"
"031210","SEOUL GUARANTEE INSURANCE","Finanzwesen","Aktien","513.116,93","0,00","513.116,93","16.760,00","30,62","Korea","Korea Exchange (Stock Market)","KRW"
"3788","HANKING GOLD INTERNATIONAL LTD","Materialien","Aktien","513.507,49","0,00","513.507,49","1.259.000,00","0,41","China","Hong Kong Exchanges And Clearing Ltd","HKD"
"1232","TTET UNION","Nichtzyklische Konsumgüter","Aktien","513.667,37","0,00","513.667,37","106.000,00","4,85","Taiwan","Taiwan Stock Exchange","TWD"
"4165","AL MAJED OUD CO","Nichtzyklische Konsumgüter","Aktien","514.010,57","0,00","514.010,57","16.131,00","31,86","Saudi-Arabien","Saudi Stock Exchange","SAR"
"TAKAFUL","SYARIKAT TAKAFUL MALAYSIA KELUARGA","Finanzwesen","Aktien","510.746,82","0,00","510.746,82","690.941,00","0,74","Malaysia","Bursa Malaysia","MYR"
"6561","CHIEF TELECOM INC","Kommunikation","Aktien","502.310,04","0,00","502.310,04","50.600,00","9,93","Taiwan","Gretai Securities Market","TWD"
"2300","SAUDI PAPER MANUFACTURING","Materialien","Aktien","502.316,41","0,00","502.316,41","30.047,00","16,72","Saudi-Arabien","Saudi Stock Exchange","SAR"
"032350","LOTTE TOUR DEVELOPMENT LTD","Zyklische Konsumgüter ","Aktien","504.933,32","0,00","504.933,32","59.832,00","8,44","Korea","Korea Exchange (Stock Market)","KRW"
"3316","BINJIANG SERVICE GROUP LTD","Industrie","Aktien","497.759,91","0,00","497.759,91","190.500,00","2,61","China","Hong Kong Exchanges And Clearing Ltd","HKD"
"6719","UPI SEMICONDUCTOR","IT","Aktien","499.584,41","0,00","499.584,41","88.000,00","5,68","Taiwan","Taiwan Stock Exchange","TWD"
"2666","GENERTEC UNIVERSAL MEDICAL GROUP L","Gesundheitsversorgung","Aktien","495.010,61","0,00","495.010,61","864.000,00","0,57","China","Hong Kong Exchanges And Clearing Ltd","HKD"
"9887","NANJING LEADS BIOLABS LTD CLASS H","Gesundheitsversorgung","Aktien","496.698,81","0,00","496.698,81","69.900,00","7,11","China","Hong Kong Exchanges And Clearing Ltd","HKD"
"003545","DAISHIN SEC PREFERRED STOCK LTD","Finanzwesen","Aktien","496.880,90","0,00","496.880,90","33.902,00","14,66","Korea","Korea Exchange (Stock Market)","KRW"
"300896","IMEIK TECHNOLOGY DEVELOPMENT LTD A","Gesundheitsversorgung","Aktien","485.784,34","0,00","485.784,34","36.680,00","13,24","China","Shenzhen Stock Exchange","CNY"
"9699","HANGZHOU SF TONGCHENG INDUSTRIAL L","Industrie","Aktien","487.648,57","0,00","487.648,57","448.000,00","1,09","China","Hong Kong Exchanges And Clearing Ltd","HKD"
"600600","TSINGTAO BREWERY LTD A","Nichtzyklische Konsumgüter","Aktien","481.609,04","0,00","481.609,04","64.442,00","7,47","China","Shanghai Stock Exchange","CNY"
"1330","DYNAGREEN ENVIRONMENTAL PROTECTION","Industrie","Aktien","471.421,74","0,00","471.421,74","582.000,00","0,81","China","Hong Kong Exchanges And Clearing Ltd","HKD"
"006040","DONGWON INDUSTRIES LTD","Nichtzyklische Konsumgüter","Aktien","466.212,72","0,00","466.212,72","17.794,00","26,20","Korea","Korea Exchange (Stock Market)","KRW"
"MATRIX","MATRIX CONCEPTS HOLDINGS","Immobilien","Aktien","466.340,57","0,00","466.340,57","1.662.200,00","0,28","Malaysia","Bursa Malaysia","MYR"
"SENCO","SENCO GOLD LTD","Zyklische Konsumgüter ","Aktien","466.705,79","0,00","466.705,79","130.786,00","3,57","Indien","National Stock Exchange Of India","INR"
"TTEN3","TRES TENTOS AGROINDUSTRIAL SA","Nichtzyklische Konsumgüter","Aktien","468.467,56","0,00","468.467,56","230.746,00","2,03","Brasilien","XBSP","BRL"
"7786","DONG FANG OFFSHORE LTD","Industrie","Aktien","461.099,35","0,00","461.099,35","122.000,00","3,78","Taiwan","Taiwan Stock Exchange","TWD"
"9668","CHINA BOHAI BANK LTD H H","Finanzwesen","Aktien","463.516,41","0,00","463.516,41","4.517.500,00","0,10","China","Hong Kong Exchanges And Clearing Ltd","HKD"
"LYDHO.E","LYDIA HOLDING A.S.","Immobilien","Aktien","450.989,32","0,00","450.989,32","210.065,00","2,15","Türkei","Istanbul Stock Exchange","TRY"
"4084","DERAYAH FINANCIAL","Finanzwesen","Aktien","447.727,41","0,00","447.727,41","80.860,00","5,54","Saudi-Arabien","Saudi Stock Exchange","SAR"
"900947","SHANGHAI ZHENHUA HEAVY INDUSTRY LT","Industrie","Aktien","443.724,80","0,00","443.724,80","1.733.300,00","0,26","China","Shanghai Stock Exchange","USD"
"TRIVENI","TRIVENI ENGINEERING AND INDUSTRIES","Nichtzyklische Konsumgüter","Aktien","428.926,73","0,00","428.926,73","177.028,00","2,42","Indien","National Stock Exchange Of India","INR"
"CAMPUS","CAMPUS ACTIVEWEAR LTD","Zyklische Konsumgüter ","Aktien","431.505,66","0,00","431.505,66","195.290,00","2,21","Indien","National Stock Exchange Of India","INR"
"VINP","VINCI COMPASS INVESTMENTS LTD CLAS","Finanzwesen","Aktien","418.903,45","0,00","418.903,45","44.995,00","9,31","Brasilien","NASDAQ","USD"
"PNCINFRA","PNC INFRATECH LTD","Industrie","Aktien","418.336,54","0,00","418.336,54","287.597,00","1,45","Indien","National Stock Exchange Of India","INR"
"5314","MYSON CENTURY INC","IT","Aktien","412.237,97","0,00","412.237,97","473.628,00","0,87","Taiwan","Gretai Securities Market","TWD"
"CSBBANK","CSB BANK LTD","Finanzwesen","Aktien","397.493,88","0,00","397.493,88","116.140,00","3,42","Indien","National Stock Exchange Of India","INR"
"3613","BEIJING TONG REN TANG CHINESE MEDI","Gesundheitsversorgung","Aktien","398.153,20","0,00","398.153,20","555.337,00","0,72","China","Hong Kong Exchanges And Clearing Ltd","HKD"
"AVIA","AVIA AVIAN PT","Materialien","Aktien","398.156,25","0,00","398.156,25","20.652.900,00","0,02","Indonesien","Indonesia Stock Exchange","IDR"
"AHLUCONT","AHLUWALIA CONTRACTS (INDIA) LTD","Industrie","Aktien","398.170,48","0,00","398.170,48","67.300,00","5,92","Indien","National Stock Exchange Of India","INR"
"DCMSHRIRAM","DCM SHRIRAM LTD","Materialien","Aktien","393.158,96","0,00","393.158,96","38.332,00","10,26","Indien","National Stock Exchange Of India","INR"
"2517","GUOQUAN FOOD (SHANGHAI) CLASS H LT","Nichtzyklische Konsumgüter","Aktien","386.457,46","0,00","386.457,46","2.055.600,00","0,19","China","Hong Kong Exchanges And Clearing Ltd","HKD"
"ISGEC","ISGEC HEAVY ENGINEERING LTD","Industrie","Aktien","386.598,91","0,00","386.598,91","48.193,00","8,02","Indien","National Stock Exchange Of India","INR"
"001570","KUM YANG LTD","Materialien","Aktien","389.164,62","0,00","389.164,62","83.557,00","4,66","Korea","Korea Exchange (Stock Market)","KRW"
"OPUS","OPUS GLOBAL","Industrie","Aktien","385.888,81","0,00","385.888,81","456.572,00","0,85","Ungarn","Budapest Stock Exchange","HUF"
"AEONCR","AEON CREDIT SERVICE (M)","Finanzwesen","Aktien","379.236,40","0,00","379.236,40","293.300,00","1,29","Malaysia","Bursa Malaysia","MYR"
"APIC","PACIFIC STRATEGIC FINANCIAL","Finanzwesen","Aktien","380.268,57","0,00","380.268,57","16.373.700,00","0,02","Indonesien","Indonesia Stock Exchange","IDR"
"2648","ANJOY FOODS GROUP LTD CLASS H","Nichtzyklische Konsumgüter","Aktien","372.760,70","0,00","372.760,70","48.500,00","7,69","China","Hong Kong Exchanges And Clearing Ltd","HKD"
"900901","INESA INTELLIGENT TECH INC B","IT","Aktien","373.112,10","0,00","373.112,10","583.900,00","0,64","China","Shanghai Stock Exchange","USD"
"PASEU.E","PASIFIK EURASIA LOJISTIK DIS TICAR","Industrie","Aktien","367.633,98","0,00","367.633,98","290.495,00","1,27","Türkei","Istanbul Stock Exchange","TRY"
"0220W0","HANWHA MACHINERY AND SERVICE HOLDI","Industrie","Aktien","369.882,71","0,00","369.882,71","76.734,00","4,82","Korea","Korea Exchange (Stock Market)","KRW"
"3380","LOGAN GROUP COMPANY LTD","Immobilien","Aktien","371.702,79","0,00","371.702,79","2.333.000,00","0,16","China","Hong Kong Exchanges And Clearing Ltd","HKD"
"2722","CHONGQING MACHINERY & ELECTRIC LTD","Industrie","Aktien","363.985,14","0,00","363.985,14","1.670.000,00","0,22","China","Hong Kong Exchanges And Clearing Ltd","HKD"
"GRINFRA","G R INFRAPROJECTS","Industrie","Aktien","345.394,65","0,00","345.394,65","39.969,00","8,64","Indien","National Stock Exchange Of India","INR"
"1921","DALIPAL HOLDINGS LTD","Energie","Aktien","335.919,90","0,00","335.919,90","838.000,00","0,40","China","Hong Kong Exchanges And Clearing Ltd","HKD"
"-","TRIVENI POWER TRANSMISSION LIMITED","Nichtzyklische Konsumgüter","Aktien","322.330,61","0,00","322.330,61","56.777,00","5,68","Indien","National Stock Exchange Of India","INR"
"ECILC.E","EIS ECZACIBASI ILAC SINAI VE FINAN","Nichtzyklische Konsumgüter","Aktien","305.525,31","0,00","305.525,31","231.281,00","1,32","Türkei","Istanbul Stock Exchange","TRY"
"1304","FORTIOR TECHNOLOGY (SHENZHEN) LTD","IT","Aktien","289.536,24","0,00","289.536,24","18.000,00","16,09","China","Hong Kong Exchanges And Clearing Ltd","HKD"
"003570","SNT DYNAMICS LTD","Industrie","Aktien","275.494,81","0,00","275.494,81","13.309,00","20,70","Korea","Korea Exchange (Stock Market)","KRW"
"FIRSTCRY","BRAINBEES SOLUTIONS","Zyklische Konsumgüter ","Aktien","268.822,37","0,00","268.822,37","152.379,00","1,76","Indien","National Stock Exchange Of India","INR"
"TSFINV","TSF INVESTMENTS LTD","Zyklische Konsumgüter ","Aktien","263.230,78","0,00","263.230,78","56.629,00","4,65","Indien","National Stock Exchange Of India","INR"
"BSOKE.E","BATICIM CIMENTO SANAYI A.S.","Materialien","Aktien","254.325,20","0,00","254.325,20","778.567,00","0,33","Türkei","Istanbul Stock Exchange","TRY"
"4083","UNITED INTERNATIONAL HOLDING","Finanzwesen","Aktien","256.577,78","0,00","256.577,78","34.871,00","7,36","Saudi-Arabien","Saudi Stock Exchange","SAR"
"MTEL","DAYAMITRA TELEKOMUNIKASI","Kommunikation","Aktien","235.505,26","0,00","235.505,26","8.740.300,00","0,03","Indonesien","Indonesia Stock Exchange","IDR"
"030190","NICE INFORMATION SERVICE LTD","Industrie","Aktien","237.463,99","0,00","237.463,99","20.871,00","11,38","Korea","Korea Exchange (Stock Market)","KRW"
"016790","HYUNDAI FEED INC","Nichtzyklische Konsumgüter","Aktien","148.506,25","0,00","148.506,25","458.716,00","0,32","Korea","Korea Exchange (Kosdaq)","KRW"
"LIDER.E","LDR TURIZM AS","Industrie","Aktien","144.734,97","0,00","144.734,97","401.421,00","0,36","Türkei","Istanbul Stock Exchange","TRY"
"-","ECOPRO BM CO LTD","Industrie","Aktien","144.663,55","0,00","144.663,55","15.142,00","9,55","Korea","Korea Exchange (Kosdaq)","KRW"
"SGD","SGD CASH","Cash und/oder Derivate","Geldmarkt","126.423,61","0,00","126.423,61","161.260,00","78,40","Singapur","-","SGD"
"6689","CHONGQING HONGJIU FRUIT CLASS H LT","Nichtzyklische Konsumgüter","Aktien","97.268,89","0,00","97.268,89","1.310.400,00","0,07","China","Hong Kong Exchanges And Clearing Ltd","HKD"
"MOVI9","MOVIDA PARTICIPACOES SA RIGHTS","Industrie","Aktien","90.257,80","0,00","90.257,80","56.080,00","1,61","Brasilien","XBSP","BRL"
"WSKT","WASKITA KARYA PERSERO CLS A","Industrie","Aktien","88.831,21","0,00","88.831,21","27.312.967,00","0,00","Indonesien","Indonesia Stock Exchange","IDR"
"-","IGL SPIRITS LTD","Materialien","Aktien","73.436,09","0,00","73.436,09","10.594,00","6,93","Indien","National Stock Exchange Of India","INR"
"BANK","BANK ALADIN SYARIAH","Finanzwesen","Aktien","76.132,81","0,00","76.132,81","5.194.600,00","0,01","Indonesien","Indonesia Stock Exchange","IDR"
"EGP","EGP CASH","Cash und/oder Derivate","Geldmarkt","68.071,62","0,00","68.071,62","3.545.170,00","1,92","Ägypten","-","EGP"
"-","TVS HOLDINGS LTD","Zyklische Konsumgüter ","Aktien","57.810,76","0,00","57.810,76","554.622,00","0,10","Indien","-","INR"
"KRW","KRW/USD","Cash und/oder Derivate","FX","45.594,34","0,00","45.594,34","-6.708.749.497,00","1,00","Vereinigte Staaten","-","USD"
"ABCB10","BANCO ABC BRASIL RIGHTS SA","Finanzwesen","Aktien","43.820,16","0,00","43.820,16","9.138,00","4,80","Brasilien","XBSP","BRL"
"GBP","GBP/USD","Cash und/oder Derivate","FX","41.752,29","0,00","41.752,29","-4.128.168,00","1,00","Vereinigte Staaten","-","USD"
"IDR","IDR/USD","Cash und/oder Derivate","FX","31.640,42","0,00","31.640,42","-400.000.000.000,00","1,00","Vereinigte Staaten","-","USD"
"200012","CSG HOLDING LTD B","Materialien","Aktien","29.043,80","0,00","29.043,80","182.294,00","0,16","China","Shenzhen Stock Exchange","HKD"
"2676448D","L&C BIO CO LTD","Gesundheitsversorgung","Aktien","27.856,11","0,00","27.856,11","5.201,00","5,36","Korea","Korea Exchange (Kosdaq)","KRW"
"-","ENNATURE BIO PHARMA LIMITED","Materialien","Aktien","24.476,39","0,00","24.476,39","3.531,00","6,93","Indien","National Stock Exchange Of India","INR"
"532425","GENUS PRIME INFRA LTD","Immobilien","Aktien","17.588,83","0,00","17.588,83","38.255,00","0,46","Indien","Bse Ltd","INR"
"-","INOX RENEWABLE SOLUTIONS LTD","Versorger","Aktien","18.969,60","0,00","18.969,60","40.889,00","0,46","Indien","National Stock Exchange Of India","INR"
"BEBS","BERKAH BETON SADAYA","Materialien","Aktien","7.047,35","0,00","7.047,35","39.515.500,00","0,00","Indonesien","Indonesia Stock Exchange","IDR"
"IRAO","INTER RAO EES","Versorger","Aktien","8.484,38","0,00","8.484,38","71.692.998,00","0,00","Russland","Standard-Classica-Forts","RUB"
"SBER","SBERBANK ROSSII","Finanzwesen","Aktien","2.671,94","0,00","2.671,94","22.577.906,00","0,00","Russland","Standard-Classica-Forts","RUB"
"CBOM","MOS CREDIT BANK","Finanzwesen","Aktien","2.711,27","0,00","2.711,27","22.910.261,00","0,00","Russland","Standard-Classica-Forts","RUB"
"GAZP","GAZPROM","Energie","Aktien","2.924,13","0,00","2.924,13","24.708.915,00","0,00","Russland","Standard-Classica-Forts","RUB"
"MWC","MANILA WATER","Versorger","Aktien","3.793,74","0,00","3.793,74","7.000,00","0,54","Philippinen","Philippine Stock Exchange Inc.","PHP"
"OGKB","OGK","Versorger","Aktien","4.708,35","0,00","4.708,35","39.785.568,00","0,00","Russland","Standard-Classica-Forts","RUB"
"BRL","BRL/USD","Cash und/oder Derivate","FX","4.723,95","0,00","4.723,95","-37.700.378,00","1,00","Vereinigte Staaten","-","USD"
"RUB","RUB CASH","Cash und/oder Derivate","Geldmarkt","-0,02","0,00","-0,02","-2,00","1,18","Russland","-","RUB"
"CHF","CHF CASH","Cash und/oder Derivate","Geldmarkt","565,00","0,00","565,00","465,00","121,40","Schweiz","-","CHF"
"182400","NKGEN BIOTECH KOREA","Gesundheitsversorgung","Aktien","0,00","0,00","0,00","36.189,00","0,00","Korea","Korea Exchange (Kosdaq)","KRW"
"POOL","POOL ADVISTA INDONESIA","Finanzwesen","Aktien","0,00","0,00","0,00","2.694.400,00","0,00","Indonesien","Indonesia Stock Exchange","IDR"
"SUGI","SUGIH ENERGY","Energie","Aktien","0,00","0,00","0,00","5.586.800,00","0,00","Indonesien","Indonesia Stock Exchange","IDR"
"-","CHENNAI SUPER KINGS CRICKET LTD Prvt","Kommunikation","Aktien","0,01","0,00","0,01","83.679,00","0,00","Indien","Bse Ltd","INR"
"RIMO","RIMO INTERNATIONAL LESTARI","Immobilien","Aktien","0,03","0,00","0,03","45.164.059,00","0,00","Indonesien","Indonesia Stock Exchange","IDR"
"KCAER.E","KOCAER CELIK SANAYI VE TICARET AS","Materialien","Aktien","0,04","0,00","0,04","0,00","0,25","Türkei","Istanbul Stock Exchange","TRY"
"-","SUPERB SUMMIT INTERNATIONAL TIMBER","Industrie","Aktien","0,04","0,00","0,04","35.000,00","0,00","China","Hong Kong Exchanges And Clearing Ltd","HKD"
"IIKP","INTI AGRI RESOURCES","Nichtzyklische Konsumgüter","Aktien","0,04","0,00","0,04","74.348.960,00","0,00","Indonesien","Indonesia Stock Exchange","IDR"
"TRAM","TRADA ALAM MINERA","Industrie","Aktien","0,04","0,00","0,04","67.251.600,00","0,00","Indonesien","Indonesia Stock Exchange","IDR"
"6452","PHARMALLY LTD","Gesundheitsversorgung","Aktien","0,05","0,00","0,05","154.505,00","0,00","Taiwan","Taiwan Stock Exchange","TWD"
"KONTR.E","KONTROLMATIK TEKNOLOJI ENERJI VE M","Industrie","Aktien","0,05","0,00","0,05","1,00","0,06","Türkei","Istanbul Stock Exchange","TRY"
"-","KANGMEI PHARMACEUTICAL RIGHTS OF I","Gesundheitsversorgung","Aktien","0,07","0,00","0,07","48.561,00","0,00","China","NO MARKET (E.G. UNLISTED)","CNH"
"MYRX","HANSON INTERNATIONAL","Immobilien","Aktien","0,11","0,00","0,11","189.876.200,00","0,00","Indonesien","Indonesia Stock Exchange","IDR"
"967","SOUND GLOBAL LTD","Versorger","Aktien","0,15","0,00","0,15","120.000,00","0,00","China","Hong Kong Exchanges And Clearing Ltd","HKD"
"VTBR","BANK VTB","Finanzwesen","Aktien","0,15","0,00","0,15","1.288.703,00","0,00","Russland","Standard-Classica-Forts","RUB"
"940","CHINA ANIMAL HEALTHCARE LTD","Gesundheitsversorgung","Aktien","0,16","0,00","0,16","129.000,00","0,00","China","Hong Kong Exchanges And Clearing Ltd","HKD"
"KTLEV.E","KATILIMEVIM TASARRUF FINANSMAN A.S","Finanzwesen","Aktien","0,16","0,00","0,16","0,00","0,51","Türkei","Istanbul Stock Exchange","TRY"
"IFEC.F","INTER FAR EAST ENERGY CORPORATION","Versorger","Aktien","0,26","0,00","0,26","878.800,00","0,00","Thailand","Stock Exchange Of Thailand","THB"
"SARKY.E","SARKUYSAN ELEKTROLITIK BAKIR SANAY","Industrie","Aktien","0,31","0,00","0,31","1,00","0,46","Türkei","Istanbul Stock Exchange","TRY"
"CWENE.E","CW ENERJI MUHENDISLIK TICARET VE S","Industrie","Aktien","0,33","0,00","0,33","1,00","0,50","Türkei","Istanbul Stock Exchange","TRY"
"-","China Common Rich Renewable Energy Prvt","IT","Aktien","0,41","0,00","0,41","323.100,00","0,00","China","Hong Kong Exchanges And Clearing Ltd","HKD"
"YEOTK.E","YEO TEKNOLOJI ENERJI VE ENDUSTRI","Industrie","Aktien","0,43","0,00","0,43","1,00","0,62","Türkei","Istanbul Stock Exchange","TRY"
"2268","YOUYUAN INTERNATIONAL HOLDINGS LTD","Materialien","Aktien","0,53","0,00","0,53","417.000,00","0,00","China","Hong Kong Exchanges And Clearing Ltd","HKD"
"1819","FUGUINIAO LTD H","Zyklische Konsumgüter ","Aktien","0,54","0,00","0,54","421.000,00","0,00","China","Hong Kong Exchanges And Clearing Ltd","HKD"
"FFGRP","FOLLI FOLLIE S.A. SA","Zyklische Konsumgüter ","Aktien","0,66","0,00","0,66","57.098,00","0,00","Griechenland","Athens Exchange S.A. Cash Market","EUR"
"6606","NEW HORIZON HEALTH LTD","Gesundheitsversorgung","Aktien","0,76","0,00","0,76","593.000,00","0,00","China","Hong Kong Exchanges And Clearing Ltd","HKD"
"TERA.E","TERA YATIRIM MENKUL DEGERLER A.S.","Finanzwesen","Aktien","0,79","0,00","0,79","0,00","3,73","Türkei","Istanbul Stock Exchange","TRY"
"2662","MH DEVELOPMENT LTD","IT","Aktien","0,88","0,00","0,88","690.000,00","0,00","China","Hong Kong Exchanges And Clearing Ltd","HKD"
"1149","ANXIN-CHINA HOLDINGS LTD","IT","Aktien","1,29","0,00","1,29","1.016.000,00","0,00","China","Hong Kong Exchanges And Clearing Ltd","HKD"
"1886","CHINA HUIYUAN JUICE GROUP LTD","Nichtzyklische Konsumgüter","Aktien","1,57","0,00","1,57","1.228.000,00","0,00","China","Hong Kong Exchanges And Clearing Ltd","HKD"
"198","SMI HOLDINGS GROUP LTD","Kommunikation","Aktien","1,99","0,00","1,99","1.562.511,00","0,00","China","Hong Kong Exchanges And Clearing Ltd","HKD"
"3777","CHINA FIBER OPTIC NETWORK SYSTEM G","IT","Aktien","2,18","0,00","2,18","1.712.000,00","0,00","China","Hong Kong Exchanges And Clearing Ltd","HKD"
"587","HUA HAN HEALTH INDUSTRY HOLDINGS L","Gesundheitsversorgung","Aktien","5,70","0,00","5,70","4.471.200,00","0,00","China","Hong Kong Exchanges And Clearing Ltd","HKD"
"QIWI","QIWI ADR REPRESENTING CLASS B","Finanzwesen","Aktien","6,26","0,00","6,26","52.911,00","0,00","Russland","Standard-Classica-Forts","RUB"
"1363","CT ENVIRONMENTAL GROUP LTD","Industrie","Aktien","8,09","0,00","8,09","6.350.000,00","0,00","China","Hong Kong Exchanges And Clearing Ltd","HKD"
"PLZL","POLYUS","Materialien","Aktien","8,12","0,00","8,12","685.810,00","0,00","Russland","Standard-Classica-Forts","RUB"
"GEMC","UNITED MEDICAL GROUP CY GDR","Gesundheitsversorgung","Aktien","10,73","0,00","10,73","90.702,00","0,00","Russland","Standard-Classica-Forts","RUB"
"PHOR","PHOSAGRO","Materialien","Aktien","12,19","0,00","12,19","103.025,00","0,00","Russland","Standard-Classica-Forts","RUB"
"OZON","OZON HOLDINGS ADR PLC","Zyklische Konsumgüter ","Aktien","12,21","0,00","12,21","103.194,00","0,00","Russland","Standard-Classica-Forts","RUB"
"GMKN","GMK NORILSKIY NIKEL","Materialien","Aktien","15,73","0,00","15,73","13.295.200,00","0,00","Russland","Standard-Classica-Forts","RUB"
"AGRO","ROS AGRO GDR PLC","Nichtzyklische Konsumgüter","Aktien","15,93","0,00","15,93","134.584,00","0,00","Russland","Standard-Classica-Forts","RUB"
"MTLRP","MECHEL PREF","Materialien","Aktien","17,41","0,00","17,41","147.120,00","0,00","Russland","Standard-Classica-Forts","RUB"
"PHOR","PJSC PHOSAGRO GDR","Materialien","Aktien","19,91","0,00","19,91","1.991,00","0,01","Russland","London Stock Exchange","USD"
"LSRG","GRUPPA LSR","Immobilien","Aktien","25,99","0,00","25,99","219.605,00","0,00","Russland","Standard-Classica-Forts","RUB"
"VKCO","VK COMPANY LTD","Kommunikation","Aktien","27,24","0,00","27,24","230.160,00","0,00","Russland","Standard-Classica-Forts","RUB"
"TCSG","TCS GROUP HOLDING REPR CLASS A RE","Finanzwesen","Aktien","29,92","0,00","29,92","252.820,00","0,00","Russland","Standard-Classica-Forts","RUB"
"FIVE","X5 RETAIL GROUP GDR NV","Nichtzyklische Konsumgüter","Aktien","30,18","0,00","30,18","255.014,00","0,00","Russland","Standard-Classica-Forts","RUB"
"CHMF","SEVERSTAL","Materialien","Aktien","55,39","0,00","55,39","468.030,00","0,00","Russland","Standard-Classica-Forts","RUB"
"FLOT","SOVKOMFLOT","Energie","Aktien","68,36","0,00","68,36","577.640,00","0,00","Russland","Standard-Classica-Forts","RUB"
"FEES","FSK YEES","Versorger","Aktien","80,34","0,00","80,34","678.880.842,00","0,00","Russland","Standard-Classica-Forts","RUB"
"LKOH","NK LUKOIL","Energie","Aktien","102,22","0,00","102,22","863.755,00","0,00","Russland","Standard-Classica-Forts","RUB"
"MTSS","MOBILNYE TELESISTEMY","Kommunikation","Aktien","223,14","0,00","223,14","1.885.532,00","0,00","Russland","Standard-Classica-Forts","RUB"
"NVTK","NOVATEK","Energie","Aktien","227,65","0,00","227,65","1.923.670,00","0,00","Russland","Standard-Classica-Forts","RUB"
"RTKM","ROSTELECOM","Kommunikation","Aktien","259,85","0,00","259,85","2.195.694,00","0,00","Russland","Standard-Classica-Forts","RUB"
"AFLT","AEROFLOT ROSSIYSKIYE AVIALINII","Industrie","Aktien","270,41","0,00","270,41","2.284.994,00","0,00","Russland","Standard-Classica-Forts","RUB"
"ROSN","NK ROSNEFT","Energie","Aktien","281,49","0,00","281,49","2.378.549,00","0,00","Russland","Standard-Classica-Forts","RUB"
"TATN","TATNEFT","Energie","Aktien","346,08","0,00","346,08","2.924.363,00","0,00","Russland","Standard-Classica-Forts","RUB"
"MOEX","MOSCOW EXCHANGE","Finanzwesen","Aktien","348,05","0,00","348,05","2.941.041,00","0,00","Russland","Standard-Classica-Forts","RUB"
"NLMK","NOVOLIPETSK STEEL","Materialien","Aktien","356,05","0,00","356,05","3.008.610,00","0,00","Russland","Standard-Classica-Forts","RUB"
"ALRS","AK ALROSA","Materialien","Aktien","658,85","0,00","658,85","5.567.278,00","0,00","Russland","Standard-Classica-Forts","RUB"
"RUAL","UNITED COMPANY RUSAL","Materialien","Aktien","860,16","0,00","860,16","7.268.325,00","0,00","Russland","Standard-Classica-Forts","RUB"
"AFKS","AFK SISTEMA","Kommunikation","Aktien","881,23","0,00","881,23","7.446.360,00","0,00","Russland","Standard-Classica-Forts","RUB"
"MSNG","MOSENERGO","Versorger","Aktien","1.208,71","0,00","1.208,71","10.213.616,00","0,00","Russland","Standard-Classica-Forts","RUB"
"SNGSP","SURGUTNEFTEGAZ PREF","Energie","Aktien","1.652,00","0,00","1.652,00","13.959.418,00","0,00","Russland","Standard-Classica-Forts","RUB"
"SNGS","SURGUTNEFTEGAZ","Energie","Aktien","1.780,42","0,00","1.780,42","15.044.556,00","0,00","Russland","Standard-Classica-Forts","RUB"
"SGZH","SEGEZHA GROUP","Materialien","Aktien","1.889,37","0,00","1.889,37","15.965.138,00","0,00","Russland","Standard-Classica-Forts","RUB"
"UPRO","YUNIPRO","Versorger","Aktien","2.269,69","0,00","2.269,69","19.178.910,00","0,00","Russland","Standard-Classica-Forts","RUB"
"ZAR","ZAR/USD","Cash und/oder Derivate","FX","-1.021,13","0,00","-1.021,13","-98.679.437,00","1,00","Vereinigte Staaten","-","USD"
"USD","USD/SAR","Cash und/oder Derivate","FX","-11,86","0,00","-11,86","36.299,00","0,27","Saudi-Arabien","-","SAR"
"USD","USD/SAR","Cash und/oder Derivate","FX","-2,18","0,00","-2,18","6.663,00","0,27","Saudi-Arabien","-","SAR"
"USD","USD/INR","Cash und/oder Derivate","FX","1,46","0,00","1,46","11.017,00","0,01","Indien","-","INR"
"MESZ6","MSCI EMER MKT INDEX (ICE) DEC 26","Cash und/oder Derivate","Futures","0,00","0,00","271.588.650,00","3.165,00","1.716,20","-","Ice Futures U.S.","USD"
"ZAR","ZAR/USD","Cash und/oder Derivate","FX","-5.582,82","0,00","-5.582,82","-82.073.755,00","1,00","Vereinigte Staaten","-","USD"
"CZK","CZK/USD","Cash und/oder Derivate","FX","-3.061,73","0,00","-3.061,73","-38.946.425,00","1,00","Vereinigte Staaten","-","USD"
"TWD","TWD/USD","Cash und/oder Derivate","FX","-7.425,18","0,00","-7.425,18","-436.714.447,00","1,00","Vereinigte Staaten","-","USD"
 